cell_id,point_id,frame,x,y,cut
220530-E1_Out,0,3,368.0,192.0,False
220530-E1_Out,0,4,391.0750331878662,194.73305487632751,False
220530-E1_Out,0,5,390.4799562692642,194.35316091775894,False
220530-E1_Out,0,6,390.1506432592869,193.97447738051414,False
220530-E1_Out,0,7,389.6750626564026,193.49227437376976,False
220530-E1_Out,0,8,389.203163176775,192.9081617295742,False
220530-E1_Out,0,9,389.1720694154501,192.2544386088848,False
220530-E1_Out,0,10,388.9455733150244,191.8605504333973,False
220530-E1_Out,1,3,306.0,251.0,False
220530-E1_Out,1,4,284.72489738464355,252.220152258873,False
220530-E1_Out,1,5,284.16057300567627,251.99580252170563,False
220530-E1_Out,1,6,283.7692522108555,251.57002878189087,False
220530-E1_Out,1,7,283.1706217825413,251.1373409628868,False
220530-E1_Out,1,8,282.43542698025703,250.63175982236862,False
220530-E1_Out,1,9,282.16898638010025,250.13749140501022,False
220530-E1_Out,1,10,281.92801705002785,249.55046010017395,False
220530-E1_Out,2,3,374.0,224.0,False
220530-E1_Out,2,4,387.57156562805176,227.12703585624695,False
220530-E1_Out,2,5,387.12839844822884,226.7260129749775,False
220530-E1_Out,2,6,387.0730399340391,226.60977987200022,False
220530-E1_Out,2,7,386.45886068046093,226.23585782200098,False
220530-E1_Out,2,8,386.121165946126,225.8684636130929,False
220530-E1_Out,2,9,385.59813816845417,225.5104529634118,False
220530-E1_Out,5,3,315.0,188.0,False
220530-E1_Out,5,4,298.59836196899414,180.69945001602173,False
220530-E1_Out,5,5,297.60967552661896,179.9960560798645,False
220530-E1_Out,5,6,296.95723259449005,179.5639654994011,False
220530-E1_Out,5,7,296.334764957428,179.14296692609787,False
220530-E1_Out,5,8,295.5813682079315,178.78165128827095,False
220530-E1_Out,5,9,295.08389005064964,178.4363076388836,False
220530-E1_Out,5,10,294.67151242494583,178.00879254937172,False
220530-E1_Out,6,3,316.0,184.0,False
220530-E1_Out,6,4,299.50598526000977,176.37677812576294,False
220530-E1_Out,6,5,298.66460156440735,175.69716602563858,False
220530-E1_Out,6,6,298.0065276622772,175.10072720050812,False
220530-E1_Out,6,7,297.0805193185806,174.26361602544785,False
220530-E1_Out,6,8,295.7983332872391,173.68843179941177,False
220530-E1_Out,6,9,295.121177315712,173.4437518119812,False
220530-E1_Out,6,10,294.3979767560959,173.02943301200867,False
220530-E1_Out,6,11,293.047479391098,172.70609936118126,False
220530-E1_Out,6,12,290.89027428627014,172.01836541295052,False
220530-E1_Out,7,4,333.0,262.0,True
220530-E2_Out,9,3,298.0,239.0,False
220530-E2_Out,9,4,318.4168128967285,247.48111820220947,False
220530-E2_Out,9,5,317.7511646747589,247.2375423014164,False
220530-E2_Out,9,6,317.1166467666626,247.10277199745178,False
220530-E2_Out,9,7,316.2787517309189,246.78332829475403,False
220530-E2_Out,10,3,250.0,251.0,False
220530-E2_Out,10,4,225.14559173583984,252.71798622608185,False
220530-E2_Out,10,5,220.9883532524109,250.71628963947296,False
220530-E2_Out,10,6,217.98155426979065,247.35247147083282,False
220530-E2_Out,10,7,215.34478449821472,245.69188523292542,False
220530-E2_Out,10,8,211.30813145637512,243.9969803094864,False
220530-E2_Out,10,9,207.07953763008118,242.82992923259735,False
220530-E2_Out,10,10,203.95042824745178,241.18992042541504,False
220530-E2_Out,10,11,201.5866231918335,239.89124512672424,False
220530-E2_Out,12,3,253.0,217.0,False
220530-E2_Out,12,4,232.5069637298584,215.51069903373718,False
220530-E2_Out,12,5,230.46101260185242,214.32448995113373,False
220530-E2_Out,12,6,228.8518898487091,212.959414601326,False
220530-E2_Out,12,7,227.2258608341217,211.80637800693512,False
220530-E2_Out,12,8,225.2427520751953,210.83763974905014,False
220530-E2_Out,12,9,223.38999724388123,209.76300817728043,False
220530-E2_Out,12,10,221.85482776165009,208.73307663202286,False
220530-E2_Out,12,11,220.34124732017517,207.2830519080162,False
220530-E2_Out,13,4,274.0,283.0,True
220530-E3_Out,15,3,347.0,272.0,False
220530-E3_Out,15,4,353.95236015319824,294.89874839782715,False
220530-E3_Out,15,5,354.5543760061264,295.36911249160767,False
220530-E3_Out,15,6,354.7188912034035,294.95753931999207,False
220530-E3_Out,15,7,354.3050827085972,295.9840577840805,False
220530-E3_Out,15,8,353.8686411380768,295.386283993721,False
220530-E3_Out,15,9,353.92805437743664,294.70838165283203,False
220530-E3_Out,15,10,354.5361116975546,295.2043632864952,False
220530-E3_Out,15,11,354.69666393101215,295.7913119196892,False
220530-E3_Out,15,12,354.1661334782839,295.27465492486954,False
220530-E3_Out,16,3,331.0,270.0,False
220530-E3_Out,16,4,337.64813137054443,293.30925369262695,False
220530-E3_Out,16,5,337.9097201824188,294.281054854393,False
220530-E3_Out,16,6,338.2421010732651,294.04646936059,False
220530-E3_Out,16,7,338.0414854288101,295.2512657940388,False
220530-E3_Out,16,8,337.7294217348099,294.47741171717644,False
220530-E3_Out,16,9,337.9083606302738,293.5407287180424,False
220530-E3_Out,16,10,337.5135731101036,294.3100167810917,False
220530-E3_Out,16,11,337.74242198467255,294.97723838686943,False
220530-E3_Out,17,3,322.0,277.0,False
220530-E3_Out,17,4,324.09693932533264,292.89502906799316,False
220530-E3_Out,17,5,324.4446473121643,293.5802184343338,False
220530-E3_Out,17,6,324.30600798130035,293.58312202990055,False
220530-E3_Out,17,7,324.7143842577934,294.0553809851408,False
220530-E3_Out,17,8,324.2791241109371,293.8897960335016,False
220530-E3_Out,17,9,324.41110007464886,293.1276644617319,False
220530-E3_Out,17,10,324.749967738986,293.55393446981907,False
220530-E3_Out,18,3,348.0,225.0,False
220530-E3_Out,18,4,344.62358951568604,206.0301113128662,False
220530-E3_Out,18,5,344.4590465426445,205.73222172260284,False
220530-E3_Out,18,6,344.0244429409504,205.14316308498383,False
220530-E3_Out,18,7,343.46579173207283,204.85919401049614,False
220530-E3_Out,18,8,342.8300646841526,203.58911177515984,False
220530-E3_Out,18,9,342.7857933193445,203.77516323328018,False
220530-E3_Out,18,10,342.8056545704603,203.25423729419708,False
220530-E3_Out,19,3,337.0,286.0,False
220530-E3_Out,19,4,340.79233264923096,304.4072723388672,False
220530-E3_Out,19,5,341.2003193497658,305.38809764385223,False
220530-E3_Out,19,6,341.44529044628143,305.35867647081614,False
220530-E3_Out,19,7,341.7677505016327,305.5985104814172,False
220530-E3_Out,19,8,341.2979680597782,304.9975359812379,False
220530-E3_Out,19,9,341.8421483337879,303.9842230454087,False
220530-E3_Out,19,10,342.3273911178112,304.842088021338,False
220530-E3_Out,19,11,342.9512865245342,305.5003006234765,False
220530-E3_Out,20,3,368.0,234.0,False
220530-E3_Out,20,4,367.17499816417694,212.66386604309082,False
220530-E3_Out,20,5,366.6469497680664,212.05496203899384,False
220530-E3_Out,20,6,366.13800740242004,210.73655688762665,False
220530-E3_Out,20,7,365.112756729126,210.12287944555283,False
220530-E3_Out,20,8,364.8066004514694,208.78126567602158,False
220530-E3_Out,20,9,364.70560654997826,209.31876516342163,False
220530-E3_Out,20,10,364.31840121746063,208.69313502311707,False
220530-E3_Out,20,11,364.3628332465887,209.12168273329735,False
220530-E3_Out,21,3,335.0,226.0,False
220530-E3_Out,21,4,331.98394799232483,207.63111877441406,False
220530-E3_Out,21,5,331.96106891334057,207.32021647691727,False
220530-E3_Out,21,6,331.1082579344511,206.46235686540604,False
220530-E3_Out,21,7,330.3474779576063,206.1386384665966,False
220530-E3_Out,21,8,329.0069781988859,204.65823957324028,False
220530-E3_Out,21,9,329.3793064802885,204.9927569925785,False
220530-E3_Out,21,10,329.64679242670536,204.35482981801033,False
220530-E3_Out,21,11,330.13602708280087,205.29869017004967,False
220530-E3_Out,21,12,330.44411365687847,205.21969632059336,False
220530-E3_Out,22,4,400.0,247.0,True
220530-E3_Out,23,4,289.0,254.0,True
220606-E5_Out,24,3,405.0,353.0,False
220606-E5_Out,24,4,426.9932670593262,357.0867476463318,False
220606-E5_Out,24,5,427.9524782896042,356.24071645736694,False
220606-E5_Out,24,6,430.07105004787445,356.8088418841362,False
220606-E5_Out,24,7,432.27733194828033,357.21573463082314,False
220606-E5_Out,24,8,433.1101232767105,356.54597452282906,False
220606-E5_Out,24,9,432.9546771347523,355.1989363729954,False
220606-E5_Out,24,10,433.9724035561085,355.00000593066216,False
220606-E5_Out,25,3,395.0,330.0,False
220606-E5_Out,25,4,413.3185405731201,332.73752522468567,False
220606-E5_Out,25,5,413.56953129172325,332.6869417652488,False
220606-E5_Out,25,6,414.11131623387337,332.455477707088,False
220606-E5_Out,25,7,414.87075021862984,332.53556357324123,False
220606-E5_Out,25,8,415.5953586399555,332.67306846380234,False
220606-E5_Out,25,9,416.17271319031715,332.731617487967,False
220606-E5_Out,25,10,416.65349420905113,332.662237867713,False
220606-E5_Out,25,11,417.1940108239651,333.2398620098829,False
220606-E5_Out,25,12,417.6634640991688,333.2477917075157,False
220606-E5_Out,26,3,320.0,328.0,False
220606-E5_Out,26,4,299.7699794769287,329.9005928039551,False
220606-E5_Out,26,5,296.7494475841522,329.94312036782503,False
220606-E5_Out,26,6,292.88504219055176,329.94600653648376,False
220606-E5_Out,26,7,295.27883648872375,331.01673221588135,False
220606-E5_Out,26,8,294.1080173254013,329.9417812824249,False
220606-E5_Out,26,9,295.2802857160568,331.1668771505356,False
220606-E5_Out,26,10,295.8462817668915,331.66000881791115,False
220606-E5_Out,26,11,296.15196573734283,332.70932534337044,False
220606-E5_Out,26,12,297.57091522216797,333.37706127762794,False
220606-E5_Out,27,3,374.0,285.0,False
220606-E5_Out,27,4,385.5025291442871,283.9106606245041,False
220606-E5_Out,27,5,386.50478875637054,283.63209787011147,False
220606-E5_Out,27,6,388.31923949718475,283.70166060328484,False
220606-E5_Out,27,7,389.16051054000854,284.56811222434044,False
220606-E5_Out,27,8,390.150511264801,284.7345275580883,False
220606-E5_Out,27,9,390.7436662912369,284.39431059360504,False
220606-E5_Out,27,10,391.39638221263885,284.6577515900135,False
220606-E5_Out,28,3,334.0,335.0,False
220606-E5_Out,28,4,316.3222465515137,341.015962600708,False
220606-E5_Out,28,5,314.18031907081604,340.9985908418894,False
220606-E5_Out,28,6,312.4707897901535,341.5066862255335,False
220606-E5_Out,28,7,312.3836420625448,341.5392669774592,False
220606-E5_Out,28,8,311.4894679635763,341.3118281401694,False
220606-E5_Out,28,9,311.46590243279934,341.4973160363734,False
220606-E5_Out,28,10,311.7561898082495,341.73247677460313,False
220606-E5_Out,29,3,332.0,306.0,False
220606-E5_Out,29,4,313.85247230529785,307.04583871364594,False
220606-E5_Out,29,5,311.76289081573486,306.8744416832924,False
220606-E5_Out,29,6,309.4497501850128,306.9872296527028,False
220606-E5_Out,29,7,308.0325448513031,307.81701404601336,False
220606-E5_Out,29,8,307.5539713203907,307.5066848769784,False
220606-E5_Out,29,9,307.34219324588776,307.30478984862566,False
220606-E5_Out,29,10,307.5839649438858,307.0829046443105,False
220606-E5_Out,29,11,307.9472817480564,307.3013396933675,False
220606-E5_Out,30,3,384.0,312.0,False
220606-E5_Out,30,4,405.31000900268555,311.32713437080383,False
220606-E5_Out,30,5,405.9016764163971,311.5840235352516,False
220606-E5_Out,30,6,406.67604553699493,311.2018201649189,False
220606-E5_Out,30,7,407.1276960670948,311.1638838201761,False
220606-E5_Out,30,8,407.8699052631855,311.29099775850773,False
220606-E5_Out,30,9,408.4439964592457,311.45377150177956,False
220606-E5_Out,30,10,408.6590805053711,311.2712786793709,False
220606-E5_Out,30,11,409.0389326810837,310.6250541806221,False
220606-E5_Out,31,3,300.0,305.0,False
220606-E5_Out,31,4,292.3761992454529,304.42011296749115,False
220606-E5_Out,31,5,289.9269986152649,304.2314801812172,False
220606-E5_Out,31,6,288.75261437892914,304.04805156588554,False
220606-E5_Out,31,7,288.6358685493469,303.99312042444944,False
220606-E5_Out,31,8,288.273085385561,304.16220607608557,False
220606-E5_Out,31,9,288.5600229203701,303.7628472968936,False
220606-E5_Out,31,10,288.4017841517925,303.4465077742934,False
220606-E5_Out,32,3,381.0,336.0,False
220606-E5_Out,32,4,397.718111038208,339.2131915092468,False
220606-E5_Out,32,5,398.40178191661835,338.9504337310791,False
220606-E5_Out,32,6,400.0113410949707,338.61022701859474,False
220606-E5_Out,32,7,401.61421155929565,338.9596592783928,False
220606-E5_Out,33,3,332.0,347.0,False
220606-E5_Out,33,4,315.30205154418945,352.7887530326843,False
220606-E5_Out,33,5,311.936723947525,353.33110719919205,False
220606-E5_Out,33,6,309.7297854423523,353.8285476863384,False
220606-E5_Out,33,7,310.74701702594757,354.13123989105225,False
220606-E5_Out,33,8,310.19712018966675,353.45810252428055,False
220606-E5_Out,33,9,309.87165546417236,354.04404294490814,False
220606-E5_Out,33,10,309.298704624176,353.61676120758057,False
220606-E5_Out,33,11,308.2691022157669,354.15945982933044,False
220606-E5_Out,33,12,308.52423137426376,354.29192596673965,False
220606-E5_Out,34,3,304.0,326.0,False
220606-E5_Out,34,4,290.21468448638916,327.55677366256714,False
220606-E5_Out,34,5,283.33524799346924,327.1939416229725,False
220606-E5_Out,34,6,279.3262343406677,326.94907662272453,False
220606-E5_Out,34,7,279.63691210746765,325.9729237854481,False
220606-E5_Out,34,8,277.9806169271469,326.5813377201557,False
220606-E5_Out,34,9,278.1542811393738,326.4960292503238,False
220606-E5_Out,34,10,276.5114781856537,325.42045747488737,False
220606-E5_Out,34,11,276.306107878685,326.6260803863406,False
220606-E5_Out,35,3,306.0,286.0,False
220606-E5_Out,35,4,291.7721424102783,286.9360989332199,False
220606-E5_Out,35,5,288.64629197120667,286.7672345638275,False
220606-E5_Out,35,6,285.83909845352173,286.372538626194,False
220606-E5_Out,35,7,284.8919788599014,286.4116271138191,False
220606-E5_Out,35,8,287.090091586113,286.67267802357674,False
220606-E5_Out,36,4,363.0,371.0,True
220606-E5_Out,37,4,341.0,264.0,True
220608-E5_Out,38,3,315.0,408.0,False
220608-E5_Out,38,4,312.6373426914215,421.95316886901855,False
220608-E5_Out,38,5,311.90860283374786,423.42399990558624,False
220608-E5_Out,38,6,312.16503405570984,424.14809435606,False
220608-E5_Out,38,7,312.14749243855476,424.22381880134344,False
220608-E5_Out,38,8,311.76989406347275,424.1804189532995,False
220608-E5_Out,38,9,311.80635257810354,423.99605940282345,False
220608-E5_Out,39,3,338.0,353.0,False
220608-E5_Out,39,4,337.46435153484344,337.9087829589844,False
220608-E5_Out,40,3,377.0,423.0,False
220608-E5_Out,40,4,376.96918630599976,437.68583393096924,False
220608-E5_Out,40,5,377.19513154029846,438.0718823671341,False
220608-E5_Out,40,6,377.16069266200066,437.59686374664307,False
220608-E5_Out,40,7,377.2749993503094,438.04806104302406,False
220608-E5_Out,40,8,376.90425288677216,437.63329365849495,False
220608-E5_Out,40,9,376.9189541041851,437.80726063251495,False
220608-E5_Out,41,3,354.0,406.0,False
220608-E5_Out,41,4,355.2795754671097,427.643217086792,False
220608-E5_Out,41,5,355.3551412373781,428.46443915367126,False
220608-E5_Out,41,6,355.4025735333562,428.7553717792034,False
220608-E5_Out,41,7,355.29665995389223,429.03164479136467,False
220608-E5_Out,41,8,354.9726974442601,428.6369991004467,False
220608-E5_Out,41,9,354.9573463574052,428.37895703315735,False
220608-E5_Out,41,10,354.40383891016245,427.87384581565857,False
220608-E5_Out,41,11,354.51270231604576,428.0824565291405,False
220608-E5_Out,41,12,354.02013820409775,427.8262161910534,False
220608-E5_Out,42,3,361.0,434.0,False
220608-E5_Out,42,4,360.3245898485184,442.16368675231934,False
220608-E5_Out,42,5,360.8628441095352,443.0167963504791,False
220608-E5_Out,42,6,360.6141012907028,442.3621372580528,False
220608-E5_Out,42,7,359.61649203300476,442.1374606192112,False
220608-E5_Out,42,8,359.4719370305538,442.22817181795835,False
220608-E5_Out,42,9,359.659506469965,442.04949440807104,False
220608-E5_Out,42,10,358.68361762166023,441.1916579827666,False
220608-E5_Out,43,3,394.0,431.0,False
220608-E5_Out,43,4,395.9714549779892,446.55653381347656,False
220608-E5_Out,43,5,395.73800683021545,446.4123595058918,False
220608-E5_Out,43,6,395.55536222457886,446.1885262429714,False
220608-E5_Out,43,7,395.55485451221466,446.25491700321436,False
220608-E5_Out,43,8,394.871812582016,445.7078186646104,False
220608-E5_Out,43,9,394.8892950415611,445.6161462366581,False
220608-E5_Out,44,3,333.0,415.0,False
220608-E5_Out,44,4,332.8012836575508,427.08165168762207,False
220608-E5_Out,44,5,332.34341844916344,428.4461327791214,False
220608-E5_Out,44,6,332.47755858302116,429.09666353464127,False
220608-E5_Out,44,7,332.2089158296585,429.21941129118204,False
220608-E5_Out,44,8,331.9918717443943,429.1299098432064,False
220608-E5_Out,44,9,331.9103293418884,429.062838755548,False
220608-E5_Out,45,3,370.0,370.0,False
220608-E5_Out,45,4,371.73529624938965,355.36607551574707,False
220608-E5_Out,45,5,371.6443353742361,354.6521444916725,False
220608-E5_Out,45,6,371.72813554108143,353.3936863541603,False
220608-E5_Out,45,7,371.6131762713194,352.54865884780884,False
220608-E5_Out,46,3,356.0,361.0,False
220608-E5_Out,46,4,360.07840394973755,343.53347969055176,False
220608-E5_Out,46,5,359.7733141183853,342.66291898489,False
220608-E5_Out,46,6,359.78690963983536,341.7420731782913,False
220608-E5_Out,46,7,359.78701359033585,341.13993191719055,False
220608-E5_Out,46,8,359.5219465494156,340.64047169685364,False
220608-E5_Out,46,9,359.1356008350849,340.05683785676956,False
220608-E5_Out,46,10,358.6316820681095,339.7058407664299,False
220608-E5_Out,47,4,420.0,401.0,True
220621-E9_Out,50,39,322.0,235.0,False
220621-E9_Out,50,40,327.5675210952759,237.2653214931488,False
220621-E9_Out,50,41,327.4037935435772,235.60069847106934,False
220621-E9_Out,50,42,326.59909853339195,233.10416960716248,False
220621-E9_Out,50,43,325.1360306441784,231.50873053073883,False
220621-E9_Out,50,44,324.0245094001293,230.15817284584045,False
220621-E9_Out,50,45,322.5712876021862,227.3631899356842,False
220621-E9_Out,50,46,322.7139494717121,225.79338717460632,False
220621-E9_Out,50,47,321.7609993517399,224.34047877788544,False
220621-E9_Out,50,48,320.5990743935108,222.73302614688873,False
220621-E9_Out,51,39,329.0,259.0,False
220621-E9_Out,51,40,334.81712675094604,261.3338167667389,False
220621-E9_Out,51,41,334.05564844608307,259.29507756233215,False
220621-E9_Out,51,42,333.97376565635204,257.32960176467896,False
220621-E9_Out,51,43,333.8242901712656,256.73397117853165,False
220621-E9_Out,51,44,333.04269625246525,254.84706169366837,False
220621-E9_Out,51,45,333.4033652693033,252.8553255200386,False
220621-E9_Out,51,46,333.223151281476,250.83029609918594,False
220621-E9_Out,51,47,333.1333698630333,249.44177454710007,False
220621-E9_Out,52,39,249.0,272.0,False
220621-E9_Out,52,40,239.78692722320557,269.8274745941162,False
220621-E9_Out,52,41,237.73495602607727,267.9600578546524,False
220621-E9_Out,52,42,235.51867628097534,266.0377115011215,False
220621-E9_Out,52,43,234.82695269584656,264.03154718875885,False
220621-E9_Out,52,44,234.9204199910164,261.4736431837082,False
220621-E9_Out,52,45,233.79609364271164,258.43630397319794,False
220621-E9_Out,53,39,257.0,259.0,False
220621-E9_Out,53,40,248.5450143814087,257.84779012203217,False
220621-E9_Out,54,39,250.0,235.0,False
220621-E9_Out,54,40,242.12576293945312,236.29269242286682,False
220621-E9_Out,54,41,240.83447086811066,235.3472563624382,False
220621-E9_Out,54,42,239.64703249931335,234.45373570919037,False
220621-E9_Out,54,43,238.97531175613403,233.1616007089615,False
220621-E9_Out,55,40,273.0,304.0,True
220627-E10_Out,57,3,337.0,246.0,False
220627-E10_Out,57,4,359.26697158813477,263.5365180969238,False
220627-E10_Out,57,5,359.09130746126175,262.6032664179802,False
220627-E10_Out,57,6,358.7225159704685,261.7640405893326,False
220627-E10_Out,57,7,357.4096770584583,261.3376206755638,False
220627-E10_Out,57,8,357.89340311288834,260.1743794083595,False
220627-E10_Out,57,9,355.4348891377449,257.9411533474922,False
220627-E10_Out,57,10,353.9971016049385,256.81047040224075,False
220627-E10_Out,58,3,309.0,219.0,False
220627-E10_Out,58,4,295.8138608932495,209.22135066986084,False
220627-E10_Out,58,5,294.40993893146515,208.49341827630997,False
220627-E10_Out,58,6,292.73071932792664,208.2912131845951,False
220627-E10_Out,58,7,292.32077077031136,206.96981623768806,False
220627-E10_Out,58,8,291.41550412774086,206.03921100497246,False
220627-E10_Out,58,9,290.1134186089039,205.39441719651222,False
220627-E10_Out,58,10,289.8189398944378,205.02576830983162,False
220627-E10_Out,58,11,289.43271911144257,204.44902113080025,False
220627-E10_Out,58,12,288.1733886003494,204.07857662439346,False
220627-E10_Out,59,3,324.0,262.0,False
220627-E10_Out,59,4,335.354079246521,269.0513367652893,False
220627-E10_Out,59,5,335.0294776260853,268.51205521821976,False
220627-E10_Out,60,3,322.0,298.0,False
220627-E10_Out,60,4,334.1404390335083,308.5098361968994,False
220627-E10_Out,61,3,346.0,283.0,False
220627-E10_Out,61,4,358.6473150253296,293.5610580444336,False
220627-E10_Out,61,5,358.9204136133194,293.18174704909325,False
220627-E10_Out,61,6,359.64866077899933,292.7303975522518,False
220627-E10_Out,61,7,357.3757702112198,290.951301664114,False
220627-E10_Out,61,8,357.7370897233486,289.6058016717434,False
220627-E10_Out,61,9,355.29863795638084,286.7578967511654,False
220627-E10_Out,61,10,352.0131512582302,283.799313634634,False
220627-E10_Out,61,11,350.24824699759483,280.0868500173092,False
220627-E10_Out,61,12,347.83756026625633,277.5331819951534,False
220627-E10_Out,62,3,276.0,217.0,False
220627-E10_Out,62,4,266.1848096847534,206.27016925811768,False
220627-E10_Out,62,5,265.82533302903175,205.73444736003876,False
220627-E10_Out,62,6,264.65699675679207,205.35127633810043,False
220627-E10_Out,62,7,264.3750532269478,204.3743507862091,False
220627-E10_Out,62,8,264.09168031811714,203.54301941394806,False
220627-E10_Out,62,9,263.0417459309101,202.70409035682678,False
220627-E10_Out,62,10,262.4908954203129,202.02281719446182,False
220627-E10_Out,62,11,261.9270122349262,201.18532699346542,False
220627-E10_Out,62,12,260.71975007653236,200.77815362811089,False
220627-E10_Out,63,3,280.0,246.0,False
220627-E10_Out,63,4,269.56268310546875,233.04310417175293,False
220627-E10_Out,63,5,268.55322992801666,231.64319384098053,False
220627-E10_Out,63,6,266.85159838199615,230.45294904708862,False
220627-E10_Out,63,7,266.77497459948063,230.10628074407578,False
220627-E10_Out,64,4,261.0,298.0,True
220627-E10_Out,65,4,348.0,194.0,True
220627-E10_Out,66,4,,,False
220627-E10_Out,66,5,,,False
220627-E10_Out,66,6,,,False
220627-E10_Out,66,7,,,False
220627-E10_Out,66,8,,,False
220627-E10_Out,66,9,,,False
220627-E10_Out,66,10,,,False
220627-E10_Out,66,11,,,False
220627-E10_Out,67,4,,,False
220627-E10_Out,67,5,,,False
220627-E10_Out,67,6,,,False
220627-E10_Out,67,7,,,False
220627-E10_Out,67,8,,,False
220627-E10_Out,68,4,,,False
220627-E10_Out,68,5,,,False
220627-E10_Out,68,6,,,False
220627-E10_Out,68,7,,,False
220627-E10_Out,68,8,,,False
220627-E10_Out,68,9,,,False
220627-E10_Out,68,10,,,False
220627-E10_Out,68,11,,,False
220627-E10_Out,68,12,,,False
220627-E3_Out,69,3,256.0,265.0,False
220627-E3_Out,69,4,243.8698501586914,289.7922954559326,False
220627-E3_Out,69,5,242.8252898454666,291.100084900856,False
220627-E3_Out,69,6,242.8692880421877,291.01237512379885,False
220627-E3_Out,69,7,243.21788562834263,291.1462737843394,False
220627-E3_Out,69,8,243.33043617010117,290.7459891960025,False
220627-E3_Out,69,9,243.96882611513138,290.8506556674838,False
220627-E3_Out,69,10,243.9921295195818,290.55259170383215,False
220627-E3_Out,69,11,243.76538456976414,289.92776914685965,False
220627-E3_Out,69,12,244.6712572723627,290.1688269302249,False
220627-E3_Out,70,3,309.0,171.0,False
220627-E3_Out,70,4,326.85608673095703,166.67080354690552,False
220627-E3_Out,70,5,328.12344205379486,166.82883118093014,False
220627-E3_Out,70,6,329.4366760253906,167.57364831864834,False
220627-E3_Out,70,7,330.2990697622299,167.65882924199104,False
220627-E3_Out,70,8,331.1988699436188,167.93443197011948,False
220627-E3_Out,70,9,331.8962186574936,167.95372959971428,False
220627-E3_Out,70,10,333.4232553243637,168.43566876649857,False
220627-E3_Out,71,3,250.0,282.0,False
220627-E3_Out,71,4,245.37178897857666,297.52885150909424,False
220627-E3_Out,71,5,244.54794144630432,298.1616185307503,False
220627-E3_Out,71,6,244.41004833579063,298.30127197504044,False
220627-E3_Out,71,7,244.8753077685833,298.5102481544018,False
220627-E3_Out,71,8,244.72003564238548,298.02211132645607,False
220627-E3_Out,71,9,245.13172337412834,298.0588592365384,False
220627-E3_Out,71,10,245.1787475347519,298.001006513834,False
220627-E3_Out,72,3,300.0,198.0,False
220627-E3_Out,72,4,324.0607166290283,191.7472915649414,False
220627-E3_Out,72,5,324.6197631955147,191.2697103023529,False
220627-E3_Out,72,6,325.25303930044174,191.10450249910355,False
220627-E3_Out,72,7,325.85959339141846,191.1755727082491,False
220627-E3_Out,72,8,325.9967060685158,190.81400881707668,False
220627-E3_Out,72,9,326.18819473683834,190.62563635408878,False
220627-E3_Out,72,10,326.98143015801907,190.77106894552708,False
220627-E3_Out,73,3,247.0,277.0,False
220627-E3_Out,73,4,242.16301202774048,292.37738609313965,False
220627-E3_Out,73,5,241.14964187145233,293.5185137987137,False
220627-E3_Out,73,6,241.16361720860004,293.5945900157094,False
220627-E3_Out,73,7,241.65579368174076,293.73407707363367,False
220627-E3_Out,73,8,241.69630009680986,293.3441816046834,False
220627-E3_Out,73,9,242.1104137673974,293.54299575835466,False
220627-E3_Out,73,10,242.1964275240898,293.376029022038,False
220627-E3_Out,73,11,241.99783116579056,292.70195645838976,False
220627-E3_Out,73,12,242.69239336252213,292.758897125721,False
220627-E3_Out,75,3,226.0,264.0,False
220627-E3_Out,75,4,217.47665691375732,271.3164610862732,False
220627-E3_Out,75,5,216.2582139968872,272.1497963666916,False
220627-E3_Out,75,6,217.48068130016327,271.86711129546165,False
220627-E3_Out,75,7,217.69712449610233,272.01689997315407,False
220627-E3_Out,75,8,218.8464374691248,271.60303953289986,False
220627-E3_Out,75,9,219.8916992098093,271.7923871278763,False
220627-E3_Out,76,3,285.0,159.0,False
220627-E3_Out,76,4,291.92497730255127,148.3333034515381,False
220627-E3_Out,76,5,293.73741042613983,149.21060931682587,False
220627-E3_Out,76,6,294.2097842991352,148.231487095356,False
220627-E3_Out,76,7,295.75284615159035,147.96466380357742,False
220627-E3_Out,76,8,296.9244762957096,148.3228176832199,False
220627-E3_Out,76,9,298.42611292004585,148.39439560472965,False
220627-E3_Out,76,10,299.8539438545704,148.3474066182971,False
220627-E3_Out,77,3,201.0,234.0,False
220627-E3_Out,77,4,201.2940100133419,248.93841648101807,False
220627-E3_Out,77,5,201.01308739185333,249.3288152217865,False
220627-E3_Out,77,6,202.0375280380249,249.60374599695206,False
220627-E3_Out,77,7,203.14200747013092,249.88565677404404,False
220627-E3_Out,77,8,204.6759079694748,248.79605025053024,False
220627-E3_Out,77,9,205.77093541622162,249.68569737672806,False
220627-E3_Out,78,3,290.0,225.0,False
220627-E3_Out,78,4,316.34868240356445,215.43877410888672,False
220627-E3_Out,78,5,318.455637216568,213.26781558990479,False
220627-E3_Out,78,6,320.17070484161377,211.81690323352814,False
220627-E3_Out,78,7,321.3445893526077,211.68040215969086,False
220627-E3_Out,78,8,320.99337938427925,210.534242272377,False
220627-E3_Out,78,9,321.99846747517586,210.14032208919525,False
220627-E3_Out,78,10,323.83473005890846,210.5088956952095,False
220627-E3_Out,78,11,324.3874197304249,210.703507527709,False
220627-E3_Out,78,12,325.4037128984928,210.27999351918697,False
220627-E3_Out,79,4,311.0,278.0,True
220627-E3_Out,80,4,239.0,189.0,True
220705-E10_Out,81,3,330.0,379.0,False
220705-E10_Out,81,4,330.678435087204,390.05369567871094,False
220705-E10_Out,81,5,330.22904363274574,389.25674271583557,False
220705-E10_Out,81,6,330.3221734687686,388.8456297516823,False
220705-E10_Out,81,7,330.4120308458805,388.79369174689054,False
220705-E10_Out,81,8,330.5507991760969,387.97577100247145,False
220705-E10_Out,81,9,330.2775489538908,387.20639669150114,False
220705-E10_Out,81,10,330.235267624259,386.7790386006236,False
220705-E10_Out,81,11,330.1422231197357,385.84642171114683,False
220705-E10_Out,81,12,329.79996705055237,385.1227458640933,False
220705-E10_Out,82,3,322.0,311.0,False
220705-E10_Out,82,4,325.0532727241516,303.8854751586914,False
220705-E10_Out,82,5,325.11756843328476,303.95234502106905,False
220705-E10_Out,82,6,324.9125402569771,303.753853328526,False
220705-E10_Out,82,7,324.8498048335314,303.7018812596798,False
220705-E10_Out,82,8,324.6813176423311,303.5825061276555,False
220705-E10_Out,82,9,324.6600973010063,303.69394228607416,False
220705-E10_Out,82,10,325.4206830859184,303.57310174405575,False
220705-E10_Out,83,3,307.0,373.0,False
220705-E10_Out,83,4,307.2698254287243,383.95814990997314,False
220705-E10_Out,83,5,307.11010894179344,383.4284356236458,False
220705-E10_Out,83,6,307.37317952513695,383.22564190626144,False
220705-E10_Out,83,7,307.79436480998993,383.0261708498001,False
220705-E10_Out,83,8,307.7007608860731,382.36102771759033,False
220705-E10_Out,83,9,307.4505784958601,381.53671234846115,False
220705-E10_Out,83,10,307.5825196057558,381.33288142085075,False
220705-E10_Out,83,11,307.2799564152956,380.27873834967613,False
220705-E10_Out,84,3,355.0,300.0,False
220705-E10_Out,84,4,354.99325427412987,293.5664687156677,False
220705-E10_Out,84,5,354.75791734457016,293.38350760936737,False
220705-E10_Out,84,6,354.52587991952896,292.8666864037514,False
220705-E10_Out,84,7,354.37868574261665,292.60431346297264,False
220705-E10_Out,84,8,354.04106149077415,292.35693359375,False
220705-E10_Out,84,9,353.8936051428318,292.1331796646118,False
220705-E10_Out,84,10,354.055262863636,291.93618631362915,False
220705-E10_Out,84,11,353.8334737122059,291.4579117298126,False
220705-E10_Out,84,12,353.9334561601281,291.142556399107,False
220705-E10_Out,85,3,358.0,331.0,False
220705-E10_Out,85,4,355.8604006767273,322.0007781982422,False
220705-E10_Out,85,5,355.43822982907295,321.8988431766629,False
220705-E10_Out,85,6,355.4809665903449,321.40238112956285,False
220705-E10_Out,85,7,355.079590074718,321.147309191525,False
220705-E10_Out,85,8,354.8312241360545,320.78290609270334,False
220705-E10_Out,86,3,331.0,362.0,False
220705-E10_Out,86,4,330.24854803085327,368.7477993965149,False
220705-E10_Out,86,5,329.6459559202194,368.1202681660652,False
220705-E10_Out,86,6,330.2605468034744,368.199502594769,False
220705-E10_Out,86,7,330.2329346090555,368.2262134850025,False
220705-E10_Out,86,8,329.94253017008305,367.6356853544712,False
220705-E10_Out,86,9,329.5964928418398,367.3196802139282,False
220705-E10_Out,86,10,329.4780891686678,367.1405138373375,False
220705-E10_Out,86,11,329.1821914166212,366.79549553990364,False
220705-E10_Out,86,12,329.1414598673582,366.52599543333054,False
220705-E10_Out,87,3,345.0,382.0,False
220705-E10_Out,87,4,344.6101050078869,389.25356578826904,False
220705-E10_Out,87,5,344.0544964969158,388.00538420677185,False
220705-E10_Out,87,6,344.003201469779,387.34743201732635,False
220705-E10_Out,87,7,343.7297565191984,386.5551847219467,False
220705-E10_Out,87,8,343.4120265096426,385.13391399383545,False
220705-E10_Out,88,4,388.0,356.0,True
220705-E12_Out,90,3,241.0,280.0,False
220705-E12_Out,90,4,238.25743198394775,285.40982484817505,False
220705-E12_Out,90,5,238.18889153003693,285.52130169421434,False
220705-E12_Out,90,6,237.98268920183182,285.6212905794382,False
220705-E12_Out,90,7,237.874078810215,285.6160986945033,False
220705-E12_Out,90,8,237.745900452137,285.6318046748638,False
220705-E12_Out,90,9,237.7534180432558,285.6239662542939,False
220705-E12_Out,90,10,237.74031031131744,285.6501663327217,False
220705-E12_Out,90,11,237.72878177464008,285.70982374995947,False
220705-E12_Out,91,3,268.0,245.0,False
220705-E12_Out,91,4,273.95438289642334,240.9017448425293,False
220705-E12_Out,91,5,273.83317533135414,240.89890931546688,False
220705-E12_Out,91,6,273.6907631456852,240.8544728681445,False
220705-E12_Out,91,7,273.69521501660347,240.89192205667496,False
220705-E12_Out,91,8,273.6401207894087,240.90193517506123,False
220705-E12_Out,91,9,273.4570802003145,240.9065564274788,False
220705-E12_Out,91,10,273.4722023308277,240.81760724633932,False
220705-E12_Out,91,11,273.3996560573578,240.8100417405367,False
220705-E12_Out,91,12,273.13838371634483,240.87799234688282,False
220705-E12_Out,92,3,229.0,258.0,False
220705-E12_Out,92,4,220.79780101776123,260.0896725654602,False
220705-E12_Out,92,5,220.6957198381424,260.15330185741186,False
220705-E12_Out,92,6,220.62695096433163,260.23927268385887,False
220705-E12_Out,92,7,220.54984639585018,260.1758746281266,False
220705-E12_Out,92,8,220.59872624278069,260.6493638828397,False
220705-E12_Out,92,9,220.52792416512966,260.6655642390251,False
220705-E12_Out,92,10,220.32562477886677,260.61501590162516,False
220705-E12_Out,92,11,220.03209079802036,260.43509543687105,False
220705-E12_Out,92,12,219.93146227300167,260.5000339895487,False
220705-E12_Out,93,4,288.0,311.0,True
220705-E12_Out,94,4,219.0,213.0,True
220705-E14_Out,95,3,395.0,409.0,False
220705-E14_Out,95,4,386.6226863861084,434.5004177093506,False
220705-E14_Out,95,5,385.5043454170227,435.8182917833328,False
220705-E14_Out,95,6,386.4339692592621,437.30910325050354,False
220705-E14_Out,95,7,386.74775114655495,437.1818825006485,False
220705-E14_Out,95,8,388.4813806116581,438.6768308877945,False
220705-E14_Out,95,9,386.26516738533974,437.19015872478485,False
220705-E14_Out,95,10,388.82621493935585,437.2976250424981,False
220705-E14_Out,95,11,389.44975224137306,437.5664757862687,False
220705-E14_Out,96,3,401.0,397.0,False
220705-E14_Out,96,3,441.0,439.0,False
220705-E14_Out,96,3,401.0,397.0,False
220705-E14_Out,96,3,441.0,439.0,False
220705-E14_Out,96,4,387.71535301208496,428.6769561767578,False
220705-E14_Out,96,4,435.40711784362793,455.84532737731934,False
220705-E14_Out,96,4,387.71535301208496,428.6769561767578,False
220705-E14_Out,96,4,435.40711784362793,455.84532737731934,False
220705-E14_Out,96,5,386.7248982191086,429.91997957229614,False
220705-E14_Out,96,5,434.856009721756,455.4443691074848,False
220705-E14_Out,96,5,386.7248982191086,429.91997957229614,False
220705-E14_Out,96,5,434.856009721756,455.4443691074848,False
220705-E14_Out,96,6,387.53955459594727,430.65078258514404,False
220705-E14_Out,96,6,434.6281766295433,454.86674055457115,False
220705-E14_Out,96,6,387.53955459594727,430.65078258514404,False
220705-E14_Out,96,6,434.6281766295433,454.86674055457115,False
220705-E14_Out,96,7,388.38662242889404,431.04731050133705,False
220705-E14_Out,96,7,434.15820983052254,454.0737691819668,False
220705-E14_Out,96,7,388.38662242889404,431.04731050133705,False
220705-E14_Out,96,7,434.15820983052254,454.0737691819668,False
220705-E14_Out,96,8,390.16478741168976,431.8999991118908,False
220705-E14_Out,96,8,433.8892224729061,453.61397233605385,False
220705-E14_Out,96,8,390.16478741168976,431.8999991118908,False
220705-E14_Out,96,8,433.8892224729061,453.61397233605385,False
220705-E14_Out,96,9,388.5395770072937,429.93084451556206,False
220705-E14_Out,96,9,433.5663948059082,452.8174152672291,False
220705-E14_Out,96,9,388.5395770072937,429.93084451556206,False
220705-E14_Out,96,9,433.5663948059082,452.8174152672291,False
220705-E14_Out,96,10,390.2913957834244,430.0479036346078,False
220705-E14_Out,96,10,433.46700274944305,452.1154311001301,False
220705-E14_Out,96,10,390.2913957834244,430.0479036346078,False
220705-E14_Out,96,10,433.46700274944305,452.1154311001301,False
220705-E14_Out,96,11,391.66228342056274,430.75201139599085,False
220705-E14_Out,96,11,433.51396080106497,451.3586960732937,False
220705-E14_Out,96,11,391.66228342056274,430.75201139599085,False
220705-E14_Out,96,11,433.51396080106497,451.3586960732937,False
220705-E14_Out,96,12,392.53590166568756,430.1050844565034,False
220705-E14_Out,96,12,433.486211232841,450.7665154635906,False
220705-E14_Out,97,3,446.0,369.0,False
220705-E14_Out,97,4,462.02793312072754,356.0945653915405,False
220705-E14_Out,97,5,463.11923718452454,352.87959599494934,False
220705-E14_Out,97,6,463.9223083257675,350.5677230358124,False
220705-E14_Out,97,7,464.49574786424637,349.57815450429916,False
220705-E14_Out,97,8,464.7316656410694,347.9329796433449,False
220705-E14_Out,97,9,466.11714044213295,347.66197896003723,False
220705-E14_Out,97,10,465.9056280553341,345.81335711479187,False
220705-E14_Out,97,11,466.4937982261181,344.68324410915375,False
220705-E14_Out,97,12,466.9142941236496,344.38364151120186,False
220705-E14_Out,98,3,404.0,434.0,False
220705-E14_Out,98,4,399.6030626296997,455.3930778503418,False
220705-E14_Out,98,5,398.7815455198288,455.80597242712975,False
220705-E14_Out,98,6,398.8105029910803,457.268630951643,False
220705-E14_Out,98,7,397.8339822143316,456.120154350996,False
220705-E14_Out,98,8,399.0270998328924,457.2586311995983,False
220705-E14_Out,98,9,398.6597824841738,456.2428660094738,False
220705-E14_Out,98,10,399.1664493829012,455.0241077840328,False
220705-E14_Out,98,11,398.8709409981966,454.67739975452423,False
220705-E14_Out,99,3,426.0,419.0,False
220705-E14_Out,99,4,423.0374596118927,434.56175994873047,False
220705-E14_Out,99,5,422.98625238239765,434.89307206869125,False
220705-E14_Out,99,6,422.818450525403,435.04245990514755,False
220705-E14_Out,99,7,422.6564321368933,434.4546704888344,False
220705-E14_Out,100,3,476.0,386.0,False
220705-E14_Out,100,4,492.38582038879395,374.6671190261841,False
220705-E14_Out,100,5,495.3187520503998,372.1366991996765,False
220705-E14_Out,100,6,497.8416635990143,371.2362360358238,False
220705-E14_Out,100,7,500.16952204704285,371.43092396855354,False
220705-E14_Out,100,8,501.72968912124634,371.7045684158802,False
220705-E14_Out,100,9,502.5272648334503,371.30639469623566,False
220705-E14_Out,100,10,504.06431913375854,371.2868941873312,False
220705-E14_Out,101,3,413.0,429.0,False
220705-E14_Out,101,4,407.7730813026428,448.7855339050293,False
220705-E14_Out,101,5,407.1908313035965,449.28058537840843,False
220705-E14_Out,101,6,407.4197345227003,450.6689839065075,False
220705-E14_Out,102,3,412.0,358.0,False
220705-E14_Out,102,4,412.6044422388077,329.0402183532715,False
220705-E14_Out,102,5,413.41124629974365,328.25188434123993,False
220705-E14_Out,102,6,413.83108949661255,328.0156194269657,False
220705-E14_Out,102,7,414.4558435678482,328.13835340738297,False
220705-E14_Out,102,8,415.09962433576584,328.18580328300595,False
220705-E14_Out,102,9,415.20834274590015,327.717840898782,False
220705-E14_Out,102,10,416.0000379830599,328.1250132508576,False
220705-E14_Out,102,11,416.2378960996866,327.8397838957608,False
220705-E14_Out,102,12,416.7594327479601,327.9759873636067,False
220705-E14_Out,103,3,425.0,369.0,False
220705-E14_Out,103,4,445.5685005187988,346.3917808532715,False
220705-E14_Out,103,5,445.93100267648697,344.4795386791229,False
220705-E14_Out,103,6,446.15619161725044,343.5860619544983,False
220705-E14_Out,103,7,446.8120097219944,343.1056190133095,False
220705-E14_Out,103,8,446.9852895438671,342.38257497549057,False
220705-E14_Out,103,9,447.36419716477394,341.8166060447693,False
220705-E14_Out,103,10,447.49841909110546,341.3560121059418,False
220705-E14_Out,103,11,447.5264245122671,340.74147540330887,False
220705-E14_Out,104,3,443.0,398.0,False
220705-E14_Out,104,4,463.39516258239746,394.2304539680481,False
220705-E14_Out,104,5,463.86965838074684,391.4387774467468,False
220705-E14_Out,104,6,466.2322680056095,391.2902885079384,False
220705-E14_Out,104,7,466.2194517105818,390.7923928499222,False
220705-E14_Out,104,8,466.996331140399,390.8376062810421,False
220705-E14_Out,104,9,468.5077496021986,391.8566527068615,False
220705-E14_Out,104,10,467.6707486361265,391.2246505320072,False
220705-E14_Out,104,11,468.03143890202045,390.626895993948,False
220705-E14_Out,104,12,468.49219135940075,390.38370013237,False
220705-E14_Out,105,4,493.0,454.0,True
220705-E14_Out,106,4,390.0,366.0,True
220705-E15_Out,109,3,305.0,447.0,False
220705-E15_Out,109,4,303.76172053813934,455.12732315063477,False
220705-E15_Out,109,5,303.3072338402271,454.33128398656845,False
220705-E15_Out,109,6,302.92868822813034,453.8203199505806,False
220705-E15_Out,109,7,302.87524069845676,453.4038875699043,False
220705-E15_Out,109,8,302.1949216276407,452.9514582157135,False
220705-E15_Out,109,9,301.9241982251406,452.4982941746712,False
220705-E15_Out,109,10,301.7090253084898,452.34374248981476,False
220705-E15_Out,109,11,301.14994387328625,451.89799135923386,False
220705-E15_Out,109,12,300.905255779624,451.50836315751076,False
220705-E15_Out,110,3,337.0,360.0,False
220705-E15_Out,110,4,340.5128495693207,357.194491147995,False
220705-E15_Out,110,5,339.8193267583847,356.994840323925,False
220705-E15_Out,110,6,339.37215569615364,356.7314052283764,False
220705-E15_Out,110,7,339.5164539664984,356.6061229109764,False
220705-E15_Out,110,8,339.2634004801512,356.69029324501753,False
220705-E15_Out,110,9,338.81693966686726,356.59932716190815,False
220705-E15_Out,110,10,338.66474698483944,356.31616289913654,False
220705-E15_Out,110,11,338.00429283082485,355.7964212447405,False
220705-E15_Out,110,12,337.9037299603224,355.8961198627949,False
220705-E15_Out,111,4,367.0,449.0,True
220726-E6_Out,162,3,289.0,253.0,False
220726-E6_Out,162,4,301.9858694076538,266.6122741699219,False
220726-E6_Out,162,5,307.7911911010742,267.961941242218,False
220726-E6_Out,162,6,308.9317226409912,268.57113242149353,False
220726-E6_Out,162,7,310.4211219549179,269.04609310626984,False
220726-E6_Out,162,8,311.3301820755005,269.3354368209839,False
220726-E6_Out,162,9,311.8018570840359,269.2998283877969,False
220726-E6_Out,163,3,262.0,208.0,False
220726-E6_Out,163,4,248.18528175354004,192.6096658706665,False
220726-E6_Out,163,5,247.4288614988327,192.0766625404358,False
220726-E6_Out,163,6,247.63787215948105,192.2952240407467,False
220726-E6_Out,163,7,247.51606285572052,193.50230631232262,False
220726-E6_Out,163,8,247.42277932167053,194.25125887989998,False
220726-E6_Out,164,3,293.0,223.0,False
220726-E6_Out,164,4,303.4740514755249,232.6289882659912,False
220726-E6_Out,164,5,305.02887737751007,231.35063540935516,False
220726-E6_Out,164,6,306.7324162721634,231.78906592726707,False
220726-E6_Out,164,7,308.5851579904556,231.34447041153908,False
220726-E6_Out,164,8,309.60200679302216,231.48494416475296,False
220726-E6_Out,164,9,309.4775821566582,230.70705264806747,False
220726-E6_Out,164,10,310.53755205869675,231.40146684646606,False
220726-E6_Out,165,3,237.0,294.0,False
220726-E6_Out,165,4,246.75536441802979,304.07538890838623,False
220726-E6_Out,165,5,248.33345937728882,306.16880226135254,False
220726-E6_Out,165,6,250.9513874053955,306.8148986697197,False
220726-E6_Out,165,7,252.36602568626404,306.4869532287121,False
220726-E6_Out,165,8,253.09666979312897,305.80542638897896,False
220726-E6_Out,165,9,253.71157264709473,305.6785232126713,False
220726-E6_Out,165,10,254.39440774917603,305.4899924993515,False
220726-E6_Out,165,11,254.5065334290266,304.48538160324097,False
220726-E6_Out,166,3,231.0,239.0,False
220726-E6_Out,166,4,209.03313064575195,223.63565063476562,False
220726-E6_Out,166,5,206.5063750743866,222.8394793868065,False
220726-E6_Out,166,6,205.7662454843521,220.57246392965317,False
220726-E6_Out,166,7,205.68010234832764,218.55531519651413,False
220726-E6_Out,166,8,204.73751294612885,218.1299546957016,False
220726-E6_Out,166,9,204.44573152065277,218.14161210507154,False
220726-E6_Out,166,10,203.38155210018158,218.3421719148755,False
220726-E6_Out,167,3,275.0,276.0,False
220726-E6_Out,167,4,285.68220043182373,288.2546634674072,False
220726-E6_Out,167,5,289.71973609924316,292.1671540737152,False
220726-E6_Out,167,6,292.36121797561646,294.0010826587677,False
220726-E6_Out,167,7,295.62460255622864,295.3161680698395,False
220726-E6_Out,167,8,297.13811898231506,295.7507574260235,False
220726-E6_Out,168,3,270.0,261.0,False
220726-E6_Out,168,4,281.00451374053955,273.68067741394043,False
220726-E6_Out,168,5,287.1698031425476,276.6871712207794,False
220726-E6_Out,168,6,289.4232144355774,278.67467868328094,False
220726-E6_Out,168,7,293.12513399124146,279.6993056535721,False
220726-E6_Out,168,8,295.8007094860077,279.1512308716774,False
220726-E6_Out,168,9,296.9029793739319,279.0302816852927,False
220726-E6_Out,168,10,298.54654693603516,280.0328523144126,False
220726-E6_Out,168,11,298.7781089544296,279.1355026587844,False
220726-E6_Out,168,12,299.07613915205,280.7953255996108,False
220726-E6_Out,169,4,312.0,180.0,True
220726-E6_Out,170,4,197.0,294.0,True
220811-E1_Out,171,3,297.0,249.0,False
220811-E1_Out,171,4,295.8986339569092,242.65463209152222,False
220811-E1_Out,171,5,295.6984339952469,241.10440742969513,False
220811-E1_Out,171,6,294.84308648109436,238.89465582370758,False
220811-E1_Out,171,7,294.47460702061653,237.6839920282364,False
220811-E1_Out,171,8,293.93973329663277,235.81705462932587,False
220811-E1_Out,172,3,281.0,234.0,False
220811-E1_Out,172,4,279.4396424293518,223.03336906433105,False
220811-E1_Out,172,5,279.01425978541374,222.35974073410034,False
220811-E1_Out,172,6,278.67460241913795,221.88548880815506,False
220811-E1_Out,172,7,278.5654807984829,221.60216182470322,False
220811-E1_Out,172,8,278.3831499814987,221.14388591051102,False
220811-E1_Out,172,9,278.1912041902542,220.74813988804817,False
220811-E1_Out,173,3,322.0,343.0,False
220811-E1_Out,173,4,322.19329276680946,353.67291831970215,False
220811-E1_Out,173,5,323.71709874272346,358.80028104782104,False
220811-E1_Out,173,6,323.14572766423225,363.01048707962036,False
220811-E1_Out,173,7,326.6852343380451,367.0459313392639,False
220811-E1_Out,173,8,324.4657638370991,368.69520330429077,False
220811-E1_Out,173,9,323.7477104961872,372.8311562538147,False
220811-E1_Out,173,10,322.4902823269367,378.1017165184021,False
220811-E1_Out,173,11,320.644005805254,379.28564751148224,False
220811-E1_Out,173,12,320.46029898524284,379.1346169114113,False
220811-E1_Out,174,3,339.0,317.0,False
220811-E1_Out,174,4,340.7735811471939,340.19726753234863,False
220811-E1_Out,174,5,341.2939604520798,346.2815008163452,False
220811-E1_Out,174,6,341.35579228401184,350.6754775047302,False
220811-E1_Out,174,7,342.2984471321106,354.4493706226349,False
220811-E1_Out,174,8,340.5696052312851,356.54993200302124,False
220811-E1_Out,174,9,340.4247685074806,360.19138836860657,False
220811-E1_Out,174,10,340.42844219505787,362.33579993247986,False
220811-E1_Out,174,11,339.4967941790819,363.708677649498,False
220811-E1_Out,174,12,339.08058474957943,364.43378376960754,False
220811-E1_Out,175,3,337.0,317.0,False
220811-E1_Out,175,4,338.09105360507965,340.24012184143066,False
220811-E1_Out,175,5,338.7513792514801,347.93841457366943,False
220811-E1_Out,175,6,338.581580221653,353.9904866218567,False
220811-E1_Out,175,7,339.7698057293892,357.3546586036682,False
220811-E1_Out,175,8,338.0090402960777,359.22655415534973,False
220811-E1_Out,175,9,337.833712130785,362.1963346004486,False
220811-E1_Out,175,10,337.9601105451584,364.55107045173645,False
220811-E1_Out,175,11,336.36726200580597,366.45933425426483,False
220811-E1_Out,176,3,333.0,253.0,False
220811-E1_Out,176,4,331.34157288074493,240.48045253753662,False
220811-E1_Out,176,5,331.0520613491535,239.25551009178162,False
220811-E1_Out,176,6,330.73640221357346,238.2035766839981,False
220811-E1_Out,176,7,330.3859709203243,237.11650121212006,False
220811-E1_Out,176,8,330.06571742892265,236.72020998597145,False
220811-E1_Out,176,9,329.91213577985764,235.94201830029488,False
220811-E1_Out,176,10,329.6599443554878,236.3037285208702,False
220811-E1_Out,177,3,273.0,344.0,False
220811-E1_Out,177,4,272.80255246162415,351.68963527679443,False
220811-E1_Out,177,5,271.73846769332886,355.0832562446594,False
220811-E1_Out,177,6,271.7435343712568,356.43705010414124,False
220811-E1_Out,177,7,271.19254998862743,358.40471744537354,False
220811-E1_Out,177,8,271.74614767730236,358.9672890305519,False
220811-E1_Out,177,9,272.01299799978733,360.75323539972305,False
220811-E1_Out,177,10,271.67195992171764,361.9816846251488,False
220811-E1_Out,177,11,271.651253297925,362.6580219864845,False
220811-E1_Out,177,12,271.22413961589336,364.61812204122543,False
220811-E1_Out,178,3,284.0,309.0,False
220811-E1_Out,178,4,284.1233938485384,314.4144787788391,False
220811-E1_Out,178,5,284.280539304018,315.29432410001755,False
220811-E1_Out,178,6,283.7906556725502,316.122685611248,False
220811-E1_Out,178,7,283.8377176821232,316.7255135178566,False
220811-E1_Out,178,8,283.878200776875,317.1748862862587,False
220811-E1_Out,178,9,283.5782739594579,317.38667500019073,False
220811-E1_Out,178,10,283.6018806323409,318.19497686624527,False
220811-E1_Out,179,3,320.0,275.0,False
220811-E1_Out,179,4,314.7303304672241,259.2108201980591,False
220811-E1_Out,179,5,314.637203887105,258.1336851119995,False
220811-E1_Out,179,6,313.98076160252094,256.2081959247589,False
220811-E1_Out,179,7,313.6107044070959,255.0948407649994,False
220811-E1_Out,179,8,313.6804939061403,253.9584389925003,False
220811-E1_Out,179,9,313.65626841783524,252.24392700195312,False
220811-E1_Out,180,3,363.0,281.0,False
220811-E1_Out,180,4,367.0997471809387,259.70472145080566,False
220811-E1_Out,180,5,366.04189002513885,254.28890562057495,False
220811-E1_Out,180,6,366.3358345031738,250.32444739341736,False
220811-E1_Out,180,7,365.6358188390732,247.57762598991394,False
220811-E1_Out,180,8,364.7112864255905,247.24570089578629,False
220811-E1_Out,180,9,364.30058059096336,244.775464117527,False
220811-E1_Out,181,3,324.0,305.0,False
220811-E1_Out,181,4,318.9756021499634,325.3079128265381,False
220811-E1_Out,181,5,319.5602742433548,328.5015769004822,False
220811-E1_Out,181,6,319.5169935822487,331.3726623058319,False
220811-E1_Out,181,7,320.93524473905563,333.51099705696106,False
220811-E1_Out,181,8,320.6874359548092,335.617582321167,False
220811-E1_Out,181,9,320.7583850324154,338.05666875839233,False
220811-E1_Out,181,10,321.72502729296684,339.25316321849823,False
220811-E1_Out,182,3,329.0,306.0,False
220811-E1_Out,182,4,326.3681445121765,329.8735046386719,False
220811-E1_Out,182,5,326.8968034982681,333.81545639038086,False
220811-E1_Out,182,6,326.8082472681999,337.6357452869415,False
220811-E1_Out,182,7,327.8374336361885,339.9515745639801,False
220811-E1_Out,182,8,327.3199755549431,342.7462651729584,False
220811-E1_Out,182,9,327.2041716873646,346.65757060050964,False
220811-E1_Out,182,10,328.3231270611286,348.0366858243942,False
220811-E1_Out,182,11,327.23593190312386,349.80323803424835,False
220811-E1_Out,182,12,327.47456289827824,350.69585859775543,False
220811-E1_Out,184,3,304.0,322.0,False
220811-E1_Out,184,4,300.9495806694031,329.11023235321045,False
220811-E1_Out,184,5,300.7546127438545,330.20334470272064,False
220811-E1_Out,184,6,300.5895143151283,331.385347366333,False
220811-E1_Out,184,7,301.48153990507126,332.63085663318634,False
220811-E1_Out,184,8,301.39147967100143,333.4276331067085,False
220811-E1_Out,185,3,253.0,258.0,False
220811-E1_Out,185,4,252.28527736663818,242.20472145080566,False
220811-E1_Out,185,5,250.00914907455444,238.73604798316956,False
220811-E1_Out,185,6,249.3486534357071,234.5064833164215,False
220811-E1_Out,185,7,249.02271181344986,232.30301904678345,False
220811-E1_Out,185,8,246.81317502260208,227.33317852020264,False
220811-E1_Out,185,9,247.41857182979584,225.76155352592468,False
220811-E1_Out,185,10,247.21514350175858,224.25743544101715,False
220811-E1_Out,186,4,371.0,302.0,True
220816-E1_Out,206,3,288.0,310.0,False
220816-E1_Out,206,4,286.11026978492737,330.04550552368164,False
220816-E1_Out,206,5,285.0458700656891,334.3217701911926,False
220816-E1_Out,206,6,284.5806353986263,337.16710352897644,False
220816-E1_Out,206,7,284.96654069423676,337.5276974141598,False
220816-E1_Out,206,8,285.4806423187256,338.65468594431877,False
220816-E1_Out,207,3,260.0,307.0,False
220816-E1_Out,207,4,257.0078179836273,319.0834045410156,False
220816-E1_Out,207,5,256.6448740661144,320.3580974340439,False
220816-E1_Out,207,6,256.36885753273964,320.7487569153309,False
220816-E1_Out,207,7,256.287103921175,320.7666190415621,False
220816-E1_Out,207,8,256.6143086850643,321.0824862867594,False
220816-E1_Out,207,9,256.4803943037987,321.2898256331682,False
220816-E1_Out,207,10,256.55506018549204,321.28506848961115,False
220816-E1_Out,207,11,256.07537687569857,320.66515324264765,False
220816-E1_Out,208,3,312.0,289.0,False
220816-E1_Out,208,4,316.38751888275146,268.24847412109375,False
220816-E1_Out,208,5,316.647569000721,265.7179317474365,False
220816-E1_Out,208,6,317.6906655430794,265.0135385990143,False
220816-E1_Out,208,7,318.0810824036598,264.03610879182816,False
220816-E1_Out,208,8,318.19638829678297,262.7232899069786,False
220816-E1_Out,208,9,319.20688443630934,262.3520603775978,False
220816-E1_Out,208,10,319.58054911345243,262.040567278862,False
220816-E1_Out,209,3,298.0,332.0,False
220816-E1_Out,209,4,299.0815235376358,356.43424224853516,False
220816-E1_Out,209,5,300.12454986572266,360.7989525794983,False
220816-E1_Out,209,6,301.39440882205963,365.44469022750854,False
220816-E1_Out,209,7,304.17745339870453,367.07197976112366,False
220816-E1_Out,209,8,306.8401302099228,368.74833953380585,False
220816-E1_Out,209,9,308.5640786886215,369.77318930625916,False
220816-E1_Out,209,10,310.18930542469025,370.5025261044502,False
220816-E1_Out,209,11,311.89059817790985,371.0388393998146,False
220816-E1_Out,210,3,314.0,263.0,False
220816-E1_Out,210,4,317.26265501976013,249.7343053817749,False
220816-E1_Out,210,5,317.8137216567993,247.06343412399292,False
220816-E1_Out,210,6,319.32801365852356,244.8724970817566,False
220816-E1_Out,210,7,320.331255197525,244.07078975439072,False
220816-E1_Out,210,8,321.0947620868683,242.79958337545395,False
220816-E1_Out,210,9,322.399010181427,241.88693046569824,False
220816-E1_Out,211,3,342.0,324.0,False
220816-E1_Out,211,4,344.39441537857056,337.5874767303467,False
220816-E1_Out,211,5,345.21800422668457,339.3810979127884,False
220816-E1_Out,211,6,346.27146089076996,341.6717804670334,False
220816-E1_Out,211,7,347.2383577823639,342.50501281023026,False
220816-E1_Out,211,8,347.9549878835678,343.9690026640892,False
220816-E1_Out,211,9,348.35559076070786,343.69385808706284,False
220816-E1_Out,211,10,348.8895973563194,343.7921563386917,False
220816-E1_Out,212,3,316.0,325.0,False
220816-E1_Out,212,4,317.9579733610153,343.24585151672363,False
220816-E1_Out,212,5,318.6309241056442,352.045241355896,False
220816-E1_Out,212,6,319.51454722881317,357.9265971183777,False
220816-E1_Out,212,7,322.89938724040985,361.33715200424194,False
220816-E1_Out,212,8,325.40750086307526,362.5999484062195,False
220816-E1_Out,212,9,326.9010512828827,363.2501103878021,False
220816-E1_Out,213,3,293.0,322.0,False
220816-E1_Out,213,4,292.5870623886585,345.7086486816406,False
220816-E1_Out,213,5,293.5458597242832,354.1321630477905,False
220816-E1_Out,213,6,294.5632781088352,359.09549474716187,False
220816-E1_Out,213,7,296.4798994362354,360.5673656463623,False
220816-E1_Out,213,8,298.2573266327381,361.64799773693085,False
220816-E1_Out,213,9,300.0793438255787,362.9077459573746,False
220816-E1_Out,214,3,356.0,278.0,False
220816-E1_Out,214,4,359.11723136901855,261.0663471221924,False
220816-E1_Out,214,5,359.3451221883297,258.69715905189514,False
220816-E1_Out,214,6,360.5005669295788,256.82532000541687,False
220816-E1_Out,214,7,361.1550863683224,255.51816964149475,False
220816-E1_Out,215,3,289.0,284.0,False
220816-E1_Out,215,4,286.7070095539093,267.98261070251465,False
220816-E1_Out,215,5,286.1963999271393,265.9226288795471,False
220816-E1_Out,215,6,286.2984498515725,265.24458408355713,False
220816-E1_Out,215,7,286.36351327598095,264.6571473479271,False
220816-E1_Out,215,8,286.16549848020077,263.7301483154297,False
220816-E1_Out,215,9,287.13502810895443,263.31041169166565,False
220816-E1_Out,215,10,287.6627963632345,262.88131642341614,False
220816-E1_Out,216,3,375.0,278.0,False
220816-E1_Out,216,4,379.0782766342163,261.89398765563965,False
220816-E1_Out,216,5,380.1033707857132,258.7599275112152,False
220816-E1_Out,216,6,382.8109873533249,256.6427638530731,False
220816-E1_Out,216,7,384.6340842247009,254.06833481788635,False
220816-E1_Out,216,8,386.2587331533432,251.4215784072876,False
220816-E1_Out,216,9,388.21678602695465,250.15252482891083,False
220816-E1_Out,216,10,391.0947526693344,249.099627494812,False
220816-E1_Out,216,11,392.7916250228882,248.54361653327942,False
220816-E1_Out,217,3,254.0,279.0,False
220816-E1_Out,217,4,252.03102684020996,265.419828414917,False
220816-E1_Out,217,5,251.33942580223083,264.1894851922989,False
220816-E1_Out,217,6,251.58640265464783,264.186910033226,False
220816-E1_Out,218,3,325.0,322.0,False
220816-E1_Out,218,4,328.70088720321655,339.83887481689453,False
220816-E1_Out,218,5,329.6494448184967,345.79670238494873,False
220816-E1_Out,218,6,330.7075227499008,352.7111964225769,False
220816-E1_Out,218,7,332.4382311105728,353.61358791589737,False
220816-E1_Out,218,8,333.8034061193466,355.0651132464409,False
220816-E1_Out,218,9,335.14874625205994,355.21664479374886,False
220816-E1_Out,218,10,336.24482333660126,355.464758425951,False
220816-E1_Out,219,3,319.0,338.0,False
220816-E1_Out,219,4,321.3517897129059,359.84855461120605,False
220816-E1_Out,219,5,322.32371723651886,365.201114654541,False
220816-E1_Out,219,6,323.1923575401306,369.9541072845459,False
220816-E1_Out,219,7,325.7935426235199,371.30342972278595,False
220816-E1_Out,219,8,327.8824589252472,371.9406425356865,False
220816-E1_Out,219,9,329.39803194999695,372.62219405174255,False
220816-E1_Out,219,10,330.6701250076294,372.88702300190926,False
220816-E1_Out,219,11,332.13668954372406,373.0040081143379,False
220816-E1_Out,220,4,224.0,290.0,True
220816-E1_Out,221,4,387.0,309.0,True
220816-E6_Out,232,3,215.0,256.0,False
220816-E6_Out,232,4,197.2438259124756,253.70197677612305,False
220816-E6_Out,232,5,192.22841262817383,250.67199087142944,False
220816-E6_Out,232,6,190.00914883613586,249.85679519176483,False
220816-E6_Out,232,7,190.25902265310287,248.6406465768814,False
220816-E6_Out,232,8,190.9458890557289,247.87273758649826,False
220816-E6_Out,232,9,189.85825735330582,246.88679933547974,False
220816-E6_Out,233,3,214.0,277.0,False
220816-E6_Out,233,4,198.18669891357422,283.3069624900818,False
220816-E6_Out,233,5,193.0656361579895,281.41211688518524,False
220816-E6_Out,233,6,187.73538732528687,281.8358464241028,False
220816-E6_Out,233,7,189.6913641691208,281.4421756863594,False
220816-E6_Out,233,8,187.60255897045135,278.895065844059,False
220816-E6_Out,234,3,236.0,333.0,False
220816-E6_Out,234,4,225.65790557861328,335.653235912323,False
220816-E6_Out,234,5,225.12793481349945,335.40359395742416,False
220816-E6_Out,234,6,223.60785949230194,336.2048700451851,False
220816-E6_Out,234,7,223.04569518566132,335.9719235599041,False
220816-E6_Out,235,3,292.0,278.0,False
220816-E6_Out,235,4,300.98886489868164,279.7297775745392,False
220816-E6_Out,235,5,301.12518137693405,279.8574829697609,False
220816-E6_Out,235,6,301.1466610431671,279.9874878823757,False
220816-E6_Out,235,7,300.8992536365986,279.8199779391289,False
220816-E6_Out,235,8,300.73485857248306,279.8982879444957,False
220816-E6_Out,236,3,197.0,275.0,False
220816-E6_Out,236,4,182.32650566101074,277.5510232448578,False
220816-E6_Out,236,5,177.7586088180542,273.3672568798065,False
220816-E6_Out,236,6,174.46066331863403,271.01964497566223,False
220816-E6_Out,236,7,175.79951584339142,267.7150204181671,False
220816-E6_Out,236,8,173.04523718357086,264.04945397377014,False
220816-E6_Out,236,9,174.57836437225342,265.9201570749283,False
220816-E6_Out,237,3,239.0,296.0,False
220816-E6_Out,237,4,227.09615802764893,302.4478840827942,False
220816-E6_Out,237,5,226.10918056964874,302.94759944081306,False
220816-E6_Out,237,6,224.84466183185577,302.6083873808384,False
220816-E6_Out,237,7,224.42974427342415,303.84102430939674,False
220816-E6_Out,237,8,223.96222746372223,302.04589262604713,False
220816-E6_Out,237,9,221.41838085651398,301.2631704509258,False
220816-E6_Out,238,3,301.0,301.0,False
220816-E6_Out,238,4,315.9550247192383,301.8537691831589,False
220816-E6_Out,238,5,316.24848490953445,301.960692666471,False
220816-E6_Out,238,6,316.3333357870579,302.0779368132353,False
220816-E6_Out,238,7,316.6199981570244,302.7553099244833,False
220816-E6_Out,238,8,317.02919724583626,303.4915503114462,False
220816-E6_Out,239,3,282.0,248.0,False
220816-E6_Out,239,4,307.4635429382324,250.3720371723175,False
220816-E6_Out,239,5,307.28869393467903,249.00530517101288,False
220816-E6_Out,239,6,306.9260701537132,248.44853281974792,False
220816-E6_Out,239,7,307.2076036930084,248.31350108981133,False
220816-E6_Out,239,8,307.11458814144135,247.62033960223198,False
220816-E6_Out,239,9,307.3761703968048,247.3992150425911,False
220816-E6_Out,239,10,307.6205840110779,247.0736072063446,False
220816-E6_Out,240,3,301.0,301.0,False
220816-E6_Out,240,4,315.9550247192383,301.8537691831589,False
220816-E6_Out,240,5,316.24848490953445,301.960692666471,False
220816-E6_Out,240,6,316.3333357870579,302.0779368132353,False
220816-E6_Out,240,7,316.6199981570244,302.7553099244833,False
220816-E6_Out,240,8,317.02919724583626,303.4915503114462,False
220816-E6_Out,241,3,207.0,246.0,False
220816-E6_Out,241,4,196.50186824798584,245.2072468996048,False
220816-E6_Out,241,5,194.93543648719788,243.85979223251343,False
220816-E6_Out,241,6,194.5177780687809,243.9157379642129,False
220816-E6_Out,241,7,194.15116024017334,243.376365698874,False
220816-E6_Out,241,8,194.2882143855095,243.1635114327073,False
220816-E6_Out,241,9,193.7855834364891,242.76691532880068,False
220816-E6_Out,242,3,244.0,249.0,False
220816-E6_Out,242,4,228.57523822784424,245.18865036964417,False
220816-E6_Out,242,5,226.50155305862427,244.6768935918808,False
220816-E6_Out,242,6,225.14392030239105,244.5909659191966,False
220816-E6_Out,242,7,224.69388285279274,245.34603958576918,False
220816-E6_Out,242,8,224.74447288364172,245.38822673261166,False
220816-E6_Out,242,9,223.99924268573523,245.32884425669909,False
220816-E6_Out,242,10,224.1591176763177,246.64951331168413,False
220816-E6_Out,243,3,296.0,241.0,False
220816-E6_Out,243,4,314.57232093811035,241.44150346517563,False
220816-E6_Out,243,5,315.1468172073364,240.06735748052597,False
220816-E6_Out,243,6,315.1049030572176,237.98325103521347,False
220816-E6_Out,243,7,317.8393760472536,237.5849405527115,False
220816-E6_Out,243,8,320.1353214532137,236.96413904428482,False
220816-E6_Out,245,4,274.0,352.0,True
220816-E7_Out,246,3,357.0,246.0,False
220816-E7_Out,246,4,376.5455093383789,247.64430367946625,False
220816-E7_Out,246,5,376.43261528015137,249.4972562789917,False
220816-E7_Out,246,6,376.78653463721275,248.66375195980072,False
220816-E7_Out,247,3,330.0,214.0,False
220816-E7_Out,247,4,342.01258659362793,215.35675394535065,False
220816-E7_Out,247,5,342.3925040960312,216.15079420804977,False
220816-E7_Out,247,6,342.8892244696617,215.8528399169445,False
220816-E7_Out,247,7,343.4385856986046,216.28642082214355,False
220816-E7_Out,248,3,348.0,272.0,False
220816-E7_Out,248,4,369.8782157897949,276.23270559310913,False
220816-E7_Out,248,5,370.2781628370285,276.86165714263916,False
220816-E7_Out,248,6,370.6775913834572,277.7531446814537,False
220816-E7_Out,248,7,370.9191462099552,277.9878602921963,False
220816-E7_Out,248,8,370.0530983507633,278.3823044896126,False
220816-E7_Out,249,3,274.0,268.0,False
220816-E7_Out,249,4,264.0979108810425,269.0756560564041,False
220816-E7_Out,249,5,261.27454137802124,269.32158675789833,False
220816-E7_Out,249,6,260.797987729311,268.62446907162666,False
220816-E7_Out,249,7,259.5414393246174,268.02860286831856,False
220816-E7_Out,249,8,258.3499977886677,268.44214165210724,False
220816-E7_Out,249,9,258.3600809574127,268.40497729182243,False
220816-E7_Out,250,3,285.0,258.0,False
220816-E7_Out,250,4,269.5115051269531,261.0992970466614,False
220816-E7_Out,250,5,265.19323921203613,260.8913142979145,False
220816-E7_Out,250,6,264.6451666355133,260.5306513309479,False
220816-E7_Out,250,7,263.214354634285,259.58618372678757,False
220816-E7_Out,250,8,261.7707631587982,259.3226001560688,False
220816-E7_Out,250,9,261.81260699778795,259.8291769325733,False
220816-E7_Out,250,10,262.34024507552385,259.55070951581,False
220816-E7_Out,251,3,303.0,258.0,False
220816-E7_Out,251,4,285.8336811065674,262.66691970825195,False
220816-E7_Out,252,3,346.0,239.0,False
220816-E7_Out,252,4,363.3987560272217,239.0485567972064,False
220816-E7_Out,252,5,364.03424632549286,240.345996491611,False
220816-E7_Out,252,6,364.3421701788902,239.44695990532637,False
220816-E7_Out,252,7,364.5490395128727,240.88902538269758,False
220816-E7_Out,252,8,363.45183804631233,241.0079192072153,False
220816-E7_Out,253,3,366.0,248.0,False
220816-E7_Out,253,4,383.7846031188965,249.91915202140808,False
220816-E7_Out,253,5,384.1767150461674,250.70216971635818,False
220816-E7_Out,253,6,384.46863397955894,250.30170068144798,False
220816-E7_Out,253,7,384.59145897626877,251.2163563668728,False
220816-E7_Out,253,8,384.1512399613857,251.29769156873226,False
220816-E7_Out,254,3,297.0,241.0,False
220816-E7_Out,254,4,283.379056930542,237.24531888961792,False
220816-E7_Out,254,5,282.12485933303833,236.9062522649765,False
220816-E7_Out,254,6,281.41166734695435,237.01924169808626,False
220816-E7_Out,254,7,281.0668571293354,237.03045627474785,False
220816-E7_Out,254,8,279.7625413239002,236.4171463549137,False
220816-E7_Out,254,9,279.53996163606644,236.39909259229898,False
220816-E7_Out,255,3,333.0,260.0,False
220816-E7_Out,255,4,346.02533435821533,261.5006605386734,False
220816-E7_Out,255,5,346.89639163017273,261.8991785943508,False
220816-E7_Out,255,6,346.6978062093258,262.0211566016078,False
220816-E7_Out,255,7,346.60297407209873,262.1211378276348,False
220816-E7_Out,256,3,308.0,230.0,False
220816-E7_Out,256,4,295.51768493652344,228.60980141162872,False
220816-E7_Out,256,5,293.39708614349365,227.57586455345154,False
220816-E7_Out,256,6,291.7695643901825,227.252620190382,False
220816-E7_Out,256,7,291.3006347119808,226.41614577174187,False
220816-E7_Out,256,8,290.23799845576286,224.72640988230705,False
220816-E7_Out,256,9,290.50325044989586,225.1468569934368,False
220816-E7_Out,257,3,310.0,261.0,False
220816-E7_Out,257,4,295.9287214279175,262.40185809135437,False
220816-E7_Out,257,5,292.22287344932556,263.8166630268097,False
220816-E7_Out,257,6,291.23103177547455,263.6606646180153,False
220816-E7_Out,257,7,290.2647023200989,262.9457484483719,False
220816-E7_Out,257,8,287.50003123283386,263.5978083014488,False
220816-E7_Out,257,9,286.75498390197754,264.2654193639755,False
220816-E7_Out,257,10,286.78849010914564,264.03194385766983,False
220816-E7_Out,258,3,299.0,287.0,False
220816-E7_Out,258,4,288.7174005508423,289.3880047798157,False
220816-E7_Out,258,5,286.8755269050598,290.13795202970505,False
220816-E7_Out,258,6,285.57600116729736,288.12655133008957,False
220816-E7_Out,258,7,285.597582668066,287.2106719017029,False
220816-E7_Out,259,4,327.0,315.0,True
220816-E7_Out,260,4,318.0,197.0,True
220825-E10_Out,261,3,304.0,166.0,False
220825-E10_Out,261,4,289.05381965637207,155.44373226165771,False
220825-E10_Out,261,5,287.1798038482666,154.6557846069336,False
220825-E10_Out,261,6,285.6038237810135,153.9855334162712,False
220825-E10_Out,261,7,283.78276097774506,153.741942435503,False
220825-E10_Out,261,8,284.55261301994324,153.7511674463749,False
220825-E10_Out,261,9,284.47276973724365,154.0689618587494,False
220825-E10_Out,262,3,325.0,106.0,False
220825-E10_Out,262,4,309.5661506652832,91.08294677734375,False
220825-E10_Out,262,5,307.02582597732544,90.51339417695999,False
220825-E10_Out,262,6,306.99619437754154,89.63838404417038,False
220825-E10_Out,262,7,307.40445925295353,89.05866724252701,False
220825-E10_Out,262,8,308.14797963202,89.39488458633423,False
220825-E10_Out,263,3,339.0,124.0,False
220825-E10_Out,263,4,324.1599187850952,107.6872787475586,False
220825-E10_Out,263,5,318.740065574646,105.25005030632019,False
220825-E10_Out,263,6,316.7621283531189,102.70789074897766,False
220825-E10_Out,264,3,373.0,160.0,False
220825-E10_Out,264,4,391.3502960205078,174.78654098510742,False
220825-E10_Out,264,5,391.6682607829571,174.47208404541016,False
220825-E10_Out,264,6,391.5299064218998,173.4271160364151,False
220825-E10_Out,264,7,390.6785072386265,172.43550115823746,False
220825-E10_Out,264,8,389.93465235829353,172.42856819182634,False
220825-E10_Out,264,9,390.2178450524807,172.47173462808132,False
220825-E10_Out,265,3,326.0,162.0,False
220825-E10_Out,265,4,312.89264488220215,152.93031406402588,False
220825-E10_Out,265,5,310.4887387752533,151.79244685173035,False
220825-E10_Out,265,6,309.1063383817673,150.95291131734848,False
220825-E10_Out,265,7,307.22672975063324,151.641093313694,False
220825-E10_Out,265,8,306.88269275426865,151.37399154901505,False
220825-E10_Out,266,3,393.0,162.0,False
220825-E10_Out,266,4,404.5134267807007,175.28668308258057,False
220825-E10_Out,266,5,404.8649347424507,174.93714839220047,False
220825-E10_Out,266,6,404.6504023373127,173.80741745233536,False
220825-E10_Out,266,7,403.8823201954365,172.69466465711594,False
220825-E10_Out,267,3,370.0,108.0,False
220825-E10_Out,267,4,357.37169456481934,93.08944988250732,False
220825-E10_Out,267,5,354.5782046318054,91.34944009780884,False
220825-E10_Out,267,6,354.5186094492674,90.27186846733093,False
220825-E10_Out,267,7,354.57612607628107,90.70610725879669,False
220825-E10_Out,267,8,354.7705157920718,91.11474299430847,False
220825-E10_Out,267,9,354.8920253440738,89.84802377223969,False
220825-E10_Out,267,10,354.09941171854734,89.25859475135803,False
220825-E10_Out,267,11,354.77420138567686,89.18359663337469,False
220825-E10_Out,268,3,392.0,136.0,False
220825-E10_Out,268,4,404.8306407928467,147.9015588760376,False
220825-E10_Out,268,5,405.0443952232599,147.76027143001556,False
220825-E10_Out,268,6,404.6570969671011,147.26369088888168,False
220825-E10_Out,268,7,404.21760024130344,146.95362150669098,False
220825-E10_Out,268,8,403.8519201129675,147.03382366895676,False
220825-E10_Out,269,3,346.0,198.0,False
220825-E10_Out,269,4,360.291974067688,217.4383544921875,False
220825-E10_Out,269,5,360.3378397449851,216.0842638015747,False
220825-E10_Out,269,6,360.12152218073606,215.67002248764038,False
220825-E10_Out,269,7,359.71841176599264,214.67947560548782,False
220825-E10_Out,269,8,358.4476166591048,213.48719829320908,False
220825-E10_Out,269,9,358.3015142902732,212.66866904497147,False
220825-E10_Out,269,10,357.74471332877874,211.49773663282394,False
220825-E10_Out,269,11,356.9130419716239,209.9066509604454,False
220825-E10_Out,270,4,401.0,93.0,True
220825-E10_Out,271,4,304.0,203.0,True
220825-E13_Out,272,3,229.0,313.0,False
220825-E13_Out,272,4,241.7686824798584,323.7483730316162,False
220825-E13_Out,272,5,243.57976746559143,324.51988649368286,False
220825-E13_Out,272,6,244.41639506816864,324.804452508688,False
220825-E13_Out,272,7,245.24266159534454,325.53688207268715,False
220825-E13_Out,272,8,245.80196022987366,325.5051064863801,False
220825-E13_Out,272,9,245.81289713084698,326.18888864666224,False
220825-E13_Out,273,3,168.0,275.0,False
220825-E13_Out,273,4,155.88159942626953,258.31235122680664,False
220825-E13_Out,273,5,152.60188508033752,255.04004621505737,False
220825-E13_Out,273,6,149.5933711528778,251.71370267868042,False
220825-E13_Out,273,7,147.7592247724533,248.7180197238922,False
220825-E13_Out,273,8,147.41482761502266,246.73154878616333,False
220825-E13_Out,274,3,211.0,272.0,False
220825-E13_Out,274,4,195.4733600616455,255.44701957702637,False
220825-E13_Out,274,5,192.5404987335205,253.13787388801575,False
220825-E13_Out,274,6,191.31993567943573,250.63999199867249,False
220825-E13_Out,274,7,189.48213648796082,249.07543456554413,False
220825-E13_Out,274,8,190.07771682739258,249.10215458646417,False
220825-E13_Out,275,3,212.0,334.0,False
220825-E13_Out,275,4,227.28883743286133,349.9549436569214,False
220825-E13_Out,275,5,229.32621550559998,351.74175357818604,False
220825-E13_Out,275,6,230.34164881706238,353.03540992736816,False
220825-E13_Out,275,7,230.68060153722763,352.83081033825874,False
220825-E13_Out,275,8,230.3378962278366,352.0173994600773,False
220825-E13_Out,275,9,230.3275600373745,350.87680676579475,False
220825-E13_Out,276,3,186.0,308.0,False
220825-E13_Out,276,4,166.9538116455078,297.0228462219238,False
220825-E13_Out,276,5,164.28631925582886,295.8120081424713,False
220825-E13_Out,276,6,160.65850114822388,293.92724561691284,False
220825-E13_Out,276,7,158.9867217540741,292.08471941947937,False
220825-E13_Out,276,8,158.48516964912415,289.64317178726196,False
220825-E13_Out,277,4,248.0,246.0,True
220825-E13_Out,278,4,,,False
220825-E13_Out,278,5,,,False
220825-E13_Out,278,6,,,False
220825-E13_Out,278,7,,,False
220825-E13_Out,278,8,,,False
220825-E13_Out,278,9,,,False
220825-E13_Out,278,10,,,False
220825-E13_Out,278,11,,,False
220825-E13_Out,278,12,,,False
220825-E13_Out,279,4,180.0,353.0,True
220830-E6_Out,329,3,347.0,264.0,False
220830-E6_Out,329,4,361.34472370147705,274.574743270874,False
220830-E6_Out,329,5,366.3643617630005,275.0494233071804,False
220830-E6_Out,329,6,367.5534807443619,275.91133829951286,False
220830-E6_Out,330,3,330.0,296.0,False
220830-E6_Out,330,4,345.65567207336426,306.8920736312866,False
220830-E6_Out,330,5,348.2478358745575,308.07815074920654,False
220830-E6_Out,331,3,301.0,321.0,False
220830-E6_Out,331,4,320.61568450927734,331.12242317199707,False
220830-E6_Out,331,5,321.8089727163315,331.7698526978493,False
220830-E6_Out,331,6,322.7228662967682,332.18479427695274,False
220830-E6_Out,331,7,323.185282766819,332.70126846432686,False
220830-E6_Out,331,8,323.1172932833433,332.35856887698174,False
220830-E6_Out,331,9,323.5099043995142,333.2313389480114,False
220830-E6_Out,331,10,323.24505926668644,333.07500049471855,False
220830-E6_Out,332,3,292.0,260.0,False
220830-E6_Out,332,4,277.8776969909668,248.99758529663086,False
220830-E6_Out,332,5,275.1573359966278,247.3437991142273,False
220830-E6_Out,332,6,273.99622869491577,246.6167067885399,False
220830-E6_Out,332,7,272.9139150381088,245.94056421518326,False
220830-E6_Out,332,8,272.062895655632,245.36569792032242,False
220830-E6_Out,332,9,271.23925268650055,244.98875963687897,False
220830-E6_Out,332,10,270.6829112768173,244.55326026678085,False
220830-E6_Out,333,3,342.0,261.0,False
220830-E6_Out,333,4,358.92715644836426,272.4865894317627,False
220830-E6_Out,333,5,362.9620018005371,272.8810442686081,False
220830-E6_Out,334,3,272.0,275.0,False
220830-E6_Out,334,4,254.84071922302246,259.64327335357666,False
220830-E6_Out,334,5,249.07797050476074,258.0505656003952,False
220830-E6_Out,334,6,245.8951063156128,256.0781971216202,False
220830-E6_Out,334,7,244.05251812934875,255.78748047351837,False
220830-E6_Out,334,8,242.4386385679245,253.73651206493378,False
220830-E6_Out,334,9,239.52444732189178,252.9029495716095,False
220830-E6_Out,334,10,238.50968825817108,251.15044271945953,False
220830-E6_Out,335,3,340.0,288.0,False
220830-E6_Out,335,4,353.6547574996948,296.85075283050537,False
220830-E6_Out,335,5,357.3720796108246,297.7044060230255,False
220830-E6_Out,335,6,359.490195274353,298.07094687223434,False
220830-E6_Out,335,7,359.88193184137344,299.5625630021095,False
220830-E6_Out,335,8,360.06296138465405,300.8338217139244,False
220830-E6_Out,335,9,359.8726225942373,299.289956510067,False
220830-E6_Out,336,3,361.0,308.0,False
220830-E6_Out,336,4,374.6206283569336,317.0165662765503,False
220830-E6_Out,336,5,377.23439931869507,316.95971270650625,False
220830-E6_Out,336,6,378.2195782661438,316.89904606342316,False
220830-E6_Out,336,7,376.6626374721527,317.15166664123535,False
220830-E6_Out,336,8,376.59886761009693,318.609432220459,False
220830-E6_Out,336,9,374.7737819701433,316.31922030448914,False
220830-E6_Out,337,3,273.0,278.0,False
220830-E6_Out,337,4,257.0742883682251,264.1590213775635,False
220830-E6_Out,337,5,251.79114818572998,263.0798763036728,False
220830-E6_Out,337,6,248.1335470676422,260.61395132541656,False
220830-E6_Out,337,7,245.95042753219604,260.16045355796814,False
220830-E6_Out,338,3,321.0,292.0,False
220830-E6_Out,338,4,339.4096260070801,304.8927803039551,False
220830-E6_Out,338,5,342.438175201416,306.3932491540909,False
220830-E6_Out,338,6,343.7342207431793,306.8262987732887,False
220830-E6_Out,338,7,344.5180859565735,307.03897443413734,False
220830-E6_Out,338,8,343.96761095523834,307.1887698173523,False
220830-E6_Out,338,9,344.35492765903473,306.9669594168663,False
220830-E6_Out,339,4,341.0,225.0,True
220830-E6_Out,340,4,269.0,327.0,True
220830-E7_Out,341,3,355.0,207.0,False
220830-E7_Out,341,4,355.77633464336395,207.24253177642822,False
220830-E7_Out,341,5,355.8139168918133,207.35397853702307,False
220830-E7_Out,341,6,355.82067514956,207.41794376075268,False
220830-E7_Out,341,7,355.47407652437687,207.49427971988916,False
220830-E7_Out,341,8,355.5246252864599,207.57032251358032,False
220830-E7_Out,341,9,355.3657191544771,207.60125086456537,False
220830-E7_Out,341,10,355.3284921050072,207.62556973099709,False
220830-E7_Out,342,3,269.0,149.0,False
220830-E7_Out,342,4,268.45374751091003,148.62047550082207,False
220830-E7_Out,342,5,268.28836980462074,148.66422180086374,False
220830-E7_Out,342,6,268.17444133758545,148.70781184732914,False
220830-E7_Out,342,7,268.19280411303043,148.78075597435236,False
220830-E7_Out,342,8,268.21260246634483,148.89610534906387,False
220830-E7_Out,343,3,294.0,150.0,False
220830-E7_Out,343,4,292.62163031101227,149.2352260351181,False
220830-E7_Out,343,5,292.65578063577414,149.38027623295784,False
220830-E7_Out,343,6,292.2650375291705,149.51868152618408,False
220830-E7_Out,343,7,292.24488931149244,149.62881588190794,False
220830-E7_Out,343,8,292.1994620934129,149.97238161414862,False
220830-E7_Out,343,9,292.1159828528762,150.05918772518635,False
220830-E7_Out,344,3,366.0,174.0,False
220830-E7_Out,344,4,367.2019832134247,174.99531596899033,False
220830-E7_Out,344,5,367.1915881484747,175.04932344704866,False
220830-E7_Out,344,6,367.21764200925827,175.11922170221806,False
220830-E7_Out,345,3,372.0,191.0,False
220830-E7_Out,345,4,372.34082394838333,191.40668180584908,False
220830-E7_Out,345,5,372.21538856625557,191.4380673393607,False
220830-E7_Out,345,6,372.1823772341013,191.43430791795254,False
220830-E7_Out,345,7,372.11343018710613,191.39286426454782,False
220830-E7_Out,345,8,372.09502540528774,191.44727857410908,False
220830-E7_Out,346,3,296.0,141.0,False
220830-E7_Out,346,4,294.26419055461884,140.3094869852066,False
220830-E7_Out,346,5,294.2877633571625,140.41040747612715,False
220830-E7_Out,346,6,293.97719421982765,140.3038268983364,False
220830-E7_Out,346,7,293.8947704285383,140.35168435424566,False
220830-E7_Out,347,3,331.0,201.0,False
220830-E7_Out,347,4,334.1621735095978,202.1283049583435,False
220830-E7_Out,347,5,334.0863898396492,202.22527170926332,False
220830-E7_Out,347,6,334.13185128569603,202.78698713332415,False
220830-E7_Out,347,7,333.9544646143913,203.16292778402567,False
220830-E7_Out,347,8,333.815703779459,203.41514778882265,False
220830-E7_Out,347,9,333.6169807910919,203.55017221719027,False
220830-E7_Out,347,10,333.551592245698,203.7079438045621,False
220830-E7_Out,347,11,333.6220708787441,203.8681160286069,False
220830-E7_Out,348,3,266.0,179.0,False
220830-E7_Out,348,4,263.0551130771637,176.65671682357788,False
220830-E7_Out,348,5,262.91797348856926,176.94344225525856,False
220830-E7_Out,348,6,263.0376923009753,177.10273796319962,False
220830-E7_Out,348,7,263.122761413455,177.15233489125967,False
220830-E7_Out,348,8,263.09035089612007,177.51949962228537,False
220830-E7_Out,348,9,262.94607892632484,177.88637440651655,False
220830-E7_Out,349,3,369.0,162.0,False
220830-E7_Out,349,4,371.69175028800964,163.24358189105988,False
220830-E7_Out,349,5,371.637136682868,163.47147238254547,False
220830-E7_Out,349,6,371.63221730291843,163.65839970111847,False
220830-E7_Out,349,7,371.6462714523077,163.9716993868351,False
220830-E7_Out,349,8,371.56688824296,164.16166269779205,False
220830-E7_Out,349,9,371.46411952376366,164.2978804409504,False
220830-E7_Out,349,10,371.4499905705452,164.34595576673746,False
220830-E7_Out,350,4,284.0,206.0,True
220830-E7_Out,351,4,351.0,137.0,True
220906-E1_Out,352,3,308.0,252.0,False
220906-E1_Out,352,4,320.133996963501,256.32328605651855,False
220906-E1_Out,352,5,319.6957609951496,257.0339496731758,False
220906-E1_Out,352,6,318.3147783577442,255.77726405858994,False
220906-E1_Out,352,7,317.5215014517307,255.72153645008802,False
220906-E1_Out,352,8,316.19939985871315,256.4693954512477,False
220906-E1_Out,353,3,254.0,274.0,False
220906-E1_Out,353,4,233.59667587280273,273.2384960055351,False
220906-E1_Out,353,5,231.73572754859924,273.9488512277603,False
220906-E1_Out,353,6,229.37873029708862,273.8437288030982,False
220906-E1_Out,353,7,227.40357184410095,273.7022702023387,False
220906-E1_Out,353,8,226.4606966972351,273.3694942817092,False
220906-E1_Out,353,9,225.98853901028633,274.0947772487998,False
220906-E1_Out,354,3,318.0,275.0,False
220906-E1_Out,354,4,329.8615560531616,275.89477759599686,False
220906-E1_Out,354,5,329.7763011455536,276.47097820043564,False
220906-E1_Out,354,6,328.6921765804291,275.9079846739769,False
220906-E1_Out,354,7,329.175382822752,275.7396446466446,False
220906-E1_Out,354,8,326.2589258849621,275.4467299878597,False
220906-E1_Out,355,3,292.0,251.0,False
220906-E1_Out,355,4,310.9600315093994,258.4573655128479,False
220906-E1_Out,355,5,310.44810807704926,258.7083942592144,False
220906-E1_Out,355,6,309.43303298950195,257.9660178720951,False
220906-E1_Out,355,7,309.07172098755836,257.7548207938671,False
220906-E1_Out,355,8,308.36192813515663,258.2781371772289,False
220906-E1_Out,355,9,307.83070054650307,258.5776847600937,False
220906-E1_Out,355,10,307.79740980267525,258.6350616067648,False
220906-E1_Out,356,3,228.0,273.0,False
220906-E1_Out,356,4,215.02844142913818,274.3962552547455,False
220906-E1_Out,356,5,212.92166137695312,274.8942863345146,False
220906-E1_Out,356,6,209.94879794120789,274.7852034792304,False
220906-E1_Out,356,7,207.4723184108734,275.07886262983084,False
220906-E1_Out,356,8,206.61632442474365,274.91458504647017,False
220906-E1_Out,356,9,205.76462876796722,275.4525293633342,False
220906-E1_Out,356,10,203.8607679605484,275.5047301091254,False
220906-E1_Out,356,11,202.5080350637436,275.3357215858996,False
220906-E1_Out,357,3,250.0,249.0,False
220906-E1_Out,357,4,218.89877891540527,250.0683515071869,False
220906-E1_Out,357,5,214.1283597946167,250.73154455423355,False
220906-E1_Out,357,6,211.07114601135254,251.25564765930176,False
220906-E1_Out,357,7,209.07676458358765,253.06290888786316,False
220906-E1_Out,357,8,208.03463888168335,252.97051534801722,False
220906-E1_Out,357,9,207.9687248468399,254.30279503017664,False
220906-E1_Out,357,10,207.43700075149536,254.73457241803408,False
220906-E1_Out,357,11,206.80148470401764,255.1416143849492,False
220906-E1_Out,358,3,252.0,230.0,False
220906-E1_Out,358,4,220.2185821533203,229.18684685230255,False
220906-E1_Out,358,5,215.83306455612183,230.79210996627808,False
220906-E1_Out,358,6,212.3535177707672,230.68753766268492,False
220906-E1_Out,358,7,211.77032124996185,234.13144277781248,False
220906-E1_Out,358,8,209.96373176574707,234.13574920594692,False
220906-E1_Out,358,9,210.24585700035095,235.72024558484554,False
220906-E1_Out,360,3,225.0,303.0,False
220906-E1_Out,360,4,207.57583236694336,302.74700677394867,False
220906-E1_Out,360,5,205.61277747154236,303.3547375202179,False
220906-E1_Out,360,6,202.26130747795105,303.3058019503951,False
220906-E1_Out,360,7,199.35775065422058,303.554743103683,False
220906-E1_Out,360,8,197.33091354370117,304.1647871658206,False
220906-E1_Out,360,9,196.86194637417793,304.5188504382968,False
220906-E1_Out,360,10,195.98704174160957,304.64963545650244,False
220906-E1_Out,361,3,323.0,253.0,False
220906-E1_Out,361,4,335.3258123397827,256.96275544166565,False
220906-E1_Out,361,5,335.2454413175583,257.9754087924957,False
220906-E1_Out,361,6,333.96368408203125,256.89812791347504,False
220906-E1_Out,361,7,333.46961811184883,256.7214974164963,False
220906-E1_Out,361,8,333.1829806268215,256.85164511203766,False
220906-E1_Out,362,3,248.0,325.0,False
220906-E1_Out,362,4,207.26228713989258,327.80955028533936,False
220906-E1_Out,362,5,205.5166951417923,328.8112540245056,False
220906-E1_Out,362,6,203.394327044487,328.8945529088378,False
220906-E1_Out,362,7,201.2609099149704,329.1713749691844,False
220906-E1_Out,362,8,200.04681050777435,330.0213588401675,False
220906-E1_Out,362,9,199.40046525001526,330.06379126384854,False
220906-E1_Out,362,10,198.8854787349701,330.23980708792806,False
220906-E1_Out,362,11,197.55842995643616,330.55987559631467,False
220906-E1_Out,363,3,289.0,293.0,False
220906-E1_Out,363,4,312.15929222106934,298.46452808380127,False
220906-E1_Out,363,5,312.45180028676987,299.8792532682419,False
220906-E1_Out,363,6,310.7990511059761,299.3915112018585,False
220906-E1_Out,363,7,311.71808034181595,300.67496502399445,False
220906-E1_Out,364,3,251.0,253.0,False
220906-E1_Out,364,4,224.62998962402344,256.5431172847748,False
220906-E1_Out,364,5,222.41872715950012,256.95131954550743,False
220906-E1_Out,364,6,219.69529604911804,256.80029609799385,False
220906-E1_Out,364,7,218.03759825229645,257.59387984871864,False
220906-E1_Out,364,8,217.22389888763428,257.42798858880997,False
220906-E1_Out,364,9,217.29091769456863,259.094355404377,False
220906-E1_Out,365,3,315.0,272.0,False
220906-E1_Out,365,4,327.60693359375,273.4667932987213,False
220906-E1_Out,365,5,327.4562769830227,273.97529768943787,False
220906-E1_Out,365,6,326.6429072320461,273.54974603652954,False
220906-E1_Out,365,7,326.4701487123966,273.0850888490677,False
220906-E1_Out,365,8,323.92807641625404,272.83480674028397,False
220906-E1_Out,365,9,323.481527030468,272.8189100846648,False
220906-E1_Out,365,10,323.7551253736019,272.7461306899786,False
220906-E1_Out,366,4,263.0,351.0,True
220906-E1_Out,367,4,271.0,204.0,True
220906-E2_Out,368,3,329.0,224.0,False
220906-E2_Out,368,4,326.4166114330292,218.98754215240479,False
220906-E2_Out,368,5,326.37741380929947,218.9714773222804,False
220906-E2_Out,368,6,326.3454936593771,218.84786757826805,False
220906-E2_Out,368,7,326.2777078151703,218.85955654084682,False
220906-E2_Out,368,8,326.05181872844696,218.86787348240614,False
220906-E2_Out,368,9,325.6254077255726,218.2270674034953,False
220906-E2_Out,368,10,325.6627629548311,218.31748653948307,False
220906-E2_Out,369,3,348.0,221.0,False
220906-E2_Out,369,4,345.88650155067444,216.67923641204834,False
220906-E2_Out,369,5,345.2863677740097,216.48906907439232,False
220906-E2_Out,369,6,345.2250199019909,216.47292490303516,False
220906-E2_Out,369,7,345.20935763418674,216.57946491986513,False
220906-E2_Out,369,8,344.69475688040257,216.59770871698856,False
220906-E2_Out,369,9,344.2210544794798,215.8977034240961,False
220906-E2_Out,369,10,344.2625829204917,215.95197229087353,False
220906-E2_Out,369,11,343.7981375977397,216.2490988522768,False
220906-E2_Out,370,3,401.0,280.0,False
220906-E2_Out,370,4,401.4914507865906,281.05853390693665,False
220906-E2_Out,370,5,401.3319664001465,281.0280777737498,False
220906-E2_Out,370,6,401.485004812479,281.0617326647043,False
220906-E2_Out,370,7,401.9021244943142,281.30522663891315,False
220906-E2_Out,370,8,402.3142232298851,281.856140807271,False
220906-E2_Out,370,9,402.3196534961462,281.7565365806222,False
220906-E2_Out,371,3,374.0,282.0,False
220906-E2_Out,371,4,375.19794952869415,284.28560280799866,False
220906-E2_Out,371,5,375.3676826059818,284.39246460050344,False
220906-E2_Out,371,6,375.4467674791813,283.9138142094016,False
220906-E2_Out,371,7,375.83231258392334,284.6850177273154,False
220906-E2_Out,371,8,375.90015541017056,284.5952326953411,False
220906-E2_Out,371,9,375.6756599098444,285.1962475478649,False
220906-E2_Out,371,10,375.67696894705296,284.6356985270977,False
220906-E2_Out,372,3,359.0,272.0,False
220906-E2_Out,372,4,360.5018609762192,275.8156228065491,False
220906-E2_Out,372,5,360.72608238458633,275.8522196188569,False
220906-E2_Out,372,6,360.7488157004118,276.0557876005769,False
220906-E2_Out,372,7,361.0704177469015,276.79724595695734,False
220906-E2_Out,372,8,361.19459111988544,276.737871542573,False
220906-E2_Out,372,9,361.0641705840826,277.09979598224163,False
220906-E2_Out,372,10,361.03825598955154,276.8387068659067,False
220906-E2_Out,373,3,379.0,206.0,False
220906-E2_Out,373,4,377.847204208374,202.10713958740234,False
220906-E2_Out,373,5,377.5186358988285,200.96842885017395,False
220906-E2_Out,373,6,377.0930513739586,200.85614479333162,False
220906-E2_Out,373,7,377.2096256017685,201.1306570544839,False
220906-E2_Out,373,8,377.54110211133957,201.31138176470995,False
220906-E2_Out,373,9,377.7834279537201,200.80675215274096,False
220906-E2_Out,373,10,377.5114433467388,199.95624542981386,False
220906-E2_Out,374,3,325.0,281.0,False
220906-E2_Out,374,4,327.85357308387756,285.6166763305664,False
220906-E2_Out,374,5,327.7656988799572,285.7158375605941,False
220906-E2_Out,374,6,327.75588408112526,285.93512090295553,False
220906-E2_Out,374,7,327.7303131967783,286.21665834635496,False
220906-E2_Out,374,8,327.5187159329653,286.27437518537045,False
220906-E2_Out,374,9,327.1854767948389,286.2401578351855,False
220906-E2_Out,375,3,359.0,211.0,False
220906-E2_Out,375,4,357.586248755455,207.60129308700562,False
220906-E2_Out,375,5,357.427650898695,207.60834770649672,False
220906-E2_Out,375,6,357.38329818844795,207.59837414324284,False
220906-E2_Out,375,7,357.2606393098831,208.11296458542347,False
220906-E2_Out,375,8,357.1241240799427,208.09409738332033,False
220906-E2_Out,375,9,357.0641662180424,207.91210321336985,False
220906-E2_Out,375,10,356.74741727113724,207.93232606351376,False
220906-E2_Out,376,4,281.0,275.0,True
220906-E4_Out,378,3,342.0,347.0,False
220906-E4_Out,378,4,345.695832490921,348.1509199142456,False
220906-E4_Out,378,5,345.65458203852177,348.3335844576359,False
220906-E4_Out,382,3,358.0,344.0,False
220906-E4_Out,382,4,360.6634542942047,344.00120794028044,False
220906-E4_Out,382,5,360.34857669472694,344.1602633818984,False
220906-E4_Out,382,6,360.2421209514141,344.39982157200575,False
220906-E4_Out,382,7,360.09070858359337,344.66121458262205,False
220906-E4_Out,382,8,359.95181572437286,344.8601251170039,False
220906-E4_Out,382,9,359.88498021662235,344.98491111397743,False
220906-E4_Out,382,10,359.7243315130472,345.17740029096603,False
220906-E4_Out,383,3,364.0,417.0,False
220906-E4_Out,383,4,366.9932234287262,418.4878069162369,False
220906-E4_Out,383,5,366.9361034780741,418.54802376776934,False
220906-E4_Out,383,6,366.9318800121546,418.62474206089973,False
220906-E4_Out,383,7,366.96345176547766,418.6768330410123,False
220906-E4_Out,383,8,366.96107829362154,418.7635347545147,False
220906-E4_Out,383,9,366.97627867013216,418.8434592112899,False
220906-E4_Out,383,10,366.8919777944684,418.95563238859177,False
220906-E4_Out,383,11,366.917267806828,419.05287797003984,False
220906-E4_Out,383,12,366.8880891278386,419.08663915097713,False
220906-E4_Out,385,3,267.0,341.0,False
220906-E4_Out,385,4,262.3008670806885,340.3145751953125,False
220906-E4_Out,385,5,262.3220499008894,340.46418899297714,False
220906-E4_Out,385,6,262.14935483038425,340.4786131158471,False
220906-E4_Out,385,7,262.13474160432816,340.5515321493149,False
220906-E4_Out,385,8,262.1452529579401,340.6781978905201,False
220906-E4_Out,385,9,262.1607013642788,340.7374613508582,False
220906-E4_Out,385,10,262.22688590735197,340.98209818452597,False
220906-E4_Out,387,4,,,False
220906-E4_Out,387,5,,,False
220906-E4_Out,387,6,,,False
220906-E4_Out,388,3,342.0,349.0,False
220906-E4_Out,388,4,345.32761311531067,350.341127038002,False
220906-E4_Out,388,5,345.30826984345913,350.50563633441925,False
220906-E4_Out,388,6,345.2648165524006,350.6205822303891,False
220906-E4_Out,391,4,305.0,310.0,True
220906-E4_Out,392,4,305.0,440.0,True
220912-E2_Out,408,3,145.0,200.0,False
220912-E2_Out,408,4,141.92439913749695,223.80693435668945,False
220912-E2_Out,408,5,143.3775634765625,224.8299936056137,False
220912-E2_Out,408,6,145.17996323108673,224.2764447927475,False
220912-E2_Out,408,7,147.7460561990738,223.2234457731247,False
220912-E2_Out,408,8,148.95229148864746,221.08676612377167,False
220912-E2_Out,408,9,150.3986315727234,219.04469621181488,False
220912-E2_Out,409,3,179.0,154.0,False
220912-E2_Out,409,4,187.12138652801514,138.3955135345459,False
220912-E2_Out,409,5,188.15281236171722,138.21725577116013,False
220912-E2_Out,409,6,188.994166970253,137.24713742733002,False
220912-E2_Out,409,7,188.1942331790924,136.18959152698517,False
220912-E2_Out,409,8,189.36313724517822,134.73600816726685,False
220912-E2_Out,409,9,189.5326888859272,134.17586559057236,False
220912-E2_Out,409,10,189.92777454853058,133.18240022659302,False
220912-E2_Out,409,11,190.75186717510223,131.56132757663727,False
220912-E2_Out,410,3,181.0,168.0,False
220912-E2_Out,410,4,191.8743190765381,152.99913883209229,False
220912-E2_Out,410,5,192.12039157748222,152.55174434185028,False
220912-E2_Out,410,6,191.96735826134682,151.6001254916191,False
220912-E2_Out,410,7,191.38459041714668,150.29037779569626,False
220912-E2_Out,410,8,191.73908576369286,147.87960404157639,False
220912-E2_Out,410,9,191.7926184311509,146.41842526197433,False
220912-E2_Out,410,10,192.23718870431185,145.8778551220894,False
220912-E2_Out,410,11,192.8568533733487,143.99416345357895,False
220912-E2_Out,410,12,193.85783315449953,143.69862416386604,False
220912-E2_Out,411,3,171.0,205.0,False
220912-E2_Out,411,4,169.72074961662292,226.62639808654785,False
220912-E2_Out,411,5,172.15568256378174,228.2817999124527,False
220912-E2_Out,411,6,173.11391925811768,228.28695508092642,False
220912-E2_Out,411,7,173.00664573907852,228.21345348656178,False
220912-E2_Out,411,8,173.9825410246849,224.8797094374895,False
220912-E2_Out,411,9,176.20926970243454,225.5342517644167,False
220912-E2_Out,411,10,178.14423257112503,224.9211626201868,False
220912-E2_Out,412,3,216.0,178.0,False
220912-E2_Out,412,4,228.1030330657959,160.86856842041016,False
220912-E2_Out,412,5,229.80114018917084,161.69169080257416,False
220912-E2_Out,412,6,230.8950353860855,159.44821536540985,False
220912-E2_Out,412,7,231.89570462703705,159.38752841204405,False
220912-E2_Out,412,8,232.08684858679771,157.1920840665698,False
220912-E2_Out,412,9,232.51140955090523,153.8951361104846,False
220912-E2_Out,412,10,232.67394088208675,153.26485639065504,False
220912-E2_Out,413,3,162.0,192.0,False
220912-E2_Out,413,4,161.28162121772766,217.26052474975586,False
220912-E2_Out,413,5,161.1704511642456,220.1965353488922,False
220912-E2_Out,413,6,161.7808132171631,220.43588563799858,False
220912-E2_Out,413,7,162.21219342947006,219.73725721240044,False
220912-E2_Out,413,8,164.07796376943588,217.7012366950512,False
220912-E2_Out,414,3,207.0,213.0,False
220912-E2_Out,414,4,207.07595548033714,237.2984504699707,False
220912-E2_Out,414,5,206.58736568689346,237.05405834317207,False
220912-E2_Out,414,6,207.0606110394001,237.02048984915018,False
220912-E2_Out,414,7,207.9446076452732,237.30282057076693,False
220912-E2_Out,414,8,208.24524292349815,235.74954486638308,False
220912-E2_Out,414,9,208.00464981794357,234.8701447919011,False
220912-E2_Out,414,10,207.91642636060715,233.34866780787706,False
220912-E2_Out,414,11,208.0955784767866,231.36973113566637,False
220912-E2_Out,415,3,197.0,169.0,False
220912-E2_Out,415,4,205.1530637741089,152.58456230163574,False
220912-E2_Out,415,5,206.26726233959198,152.54218327254057,False
220912-E2_Out,415,6,206.33189695328474,151.03283893316984,False
220912-E2_Out,415,7,206.77671187371016,150.5908591672778,False
220912-E2_Out,415,8,207.56524126976728,149.1748871728778,False
220912-E2_Out,415,9,206.9753106161952,145.78307508677244,False
220912-E2_Out,415,10,207.8802830502391,145.48536651581526,False
220912-E2_Out,415,11,209.8494024798274,143.51441495865583,False
220912-E2_Out,416,4,236.0,203.0,True
220912-E3_Out,418,3,280.0,190.0,False
220912-E3_Out,418,4,301.55044174194336,176.8996410369873,False
220912-E3_Out,418,5,302.44806241989136,174.86237597465515,False
220912-E3_Out,419,3,244.0,258.0,False
220912-E3_Out,419,4,239.29136180877686,279.70322036743164,False
220912-E3_Out,419,5,237.11566877365112,282.6482138633728,False
220912-E3_Out,419,6,237.77413392066956,284.2856345176697,False
220912-E3_Out,419,7,239.42672955989838,285.5216635465622,False
220912-E3_Out,419,8,241.91556918621063,285.23132365942,False
220912-E3_Out,419,9,242.432541847229,282.1252107024193,False
220912-E3_Out,419,10,244.34528017044067,278.9508244395256,False
220912-E3_Out,419,11,248.31515407562256,278.5595743060112,False
220912-E3_Out,421,3,270.0,197.0,False
220912-E3_Out,421,4,295.83582496643066,177.84525871276855,False
220912-E3_Out,421,5,297.16158163547516,176.00508987903595,False
220912-E3_Out,421,6,296.3293845653534,174.33488714694977,False
220912-E3_Out,421,7,295.78898775577545,172.4679273366928,False
220912-E3_Out,422,3,283.0,230.0,False
220912-E3_Out,422,4,304.15595054626465,225.27809762954712,False
220912-E3_Out,422,5,303.6828511059284,223.39923787117004,False
220912-E3_Out,423,3,248.0,240.0,False
220912-E3_Out,423,4,241.57622146606445,262.33967208862305,False
220912-E3_Out,423,5,239.43586945533752,266.2951490879059,False
220912-E3_Out,423,6,240.2035779953003,267.8654805421829,False
220912-E3_Out,424,3,245.0,231.0,False
220912-E3_Out,424,4,237.1990327835083,258.66278648376465,False
220912-E3_Out,424,5,235.64764297008514,261.9578058719635,False
220912-E3_Out,424,6,235.820697337389,263.0821840763092,False
220912-E3_Out,424,7,236.5679089128971,266.0843708515167,False
220912-E3_Out,424,8,238.454269438982,265.41628205776215,False
220912-E3_Out,424,9,237.7956774532795,263.4724451303482,False
220912-E3_Out,425,3,235.0,223.0,False
220912-E3_Out,425,4,224.34751987457275,244.08398818969727,False
220912-E3_Out,425,5,221.7542769908905,244.77847999334335,False
220912-E3_Out,425,6,222.4933761358261,246.59193748235703,False
220912-E3_Out,425,7,222.408554777503,247.12879729270935,False
220912-E3_Out,425,8,223.96941731870174,246.59116905927658,False
220912-E3_Out,425,9,224.63272558152676,245.898501932621,False
220912-E3_Out,427,4,298.0,256.0,True
220912-E5_Out,428,3,363.0,337.0,False
220912-E5_Out,428,4,360.9658634662628,330.7133836746216,False
220912-E5_Out,428,5,361.0871503800154,330.7676022872329,False
220912-E5_Out,428,6,360.85919193923473,330.69343718886375,False
220912-E5_Out,428,7,359.65381114184856,329.7226757109165,False
220912-E5_Out,428,8,359.8636132031679,329.8314310833812,False
220912-E5_Out,428,9,360.07146003842354,330.10697674006224,False
220912-E5_Out,428,10,359.63514417409897,329.2106639072299,False
220912-E5_Out,428,11,359.734223857522,329.3185736835003,False
220912-E5_Out,429,3,359.0,376.0,False
220912-E5_Out,429,4,359.5206041932106,381.3313455581665,False
220912-E5_Out,429,5,359.4841341525316,381.3899791315198,False
220912-E5_Out,429,6,359.4445819705725,381.4894175827503,False
220912-E5_Out,430,3,325.0,329.0,False
220912-E5_Out,430,4,323.0697078704834,322.798321723938,False
220912-E5_Out,430,5,323.0148102194071,322.80940090864897,False
220912-E5_Out,430,6,322.9390512853861,322.7668630629778,False
220912-E5_Out,430,7,322.8957775235176,322.7688717916608,False
220912-E5_Out,430,8,322.82917964458466,322.7603109627962,False
220912-E5_Out,430,9,322.6980119049549,322.74820978194475,False
220912-E5_Out,431,3,317.0,380.0,False
220912-E5_Out,431,4,316.937423735857,384.2875266075134,False
220912-E5_Out,431,5,316.9131183475256,384.04356729984283,False
220912-E5_Out,431,6,316.88740642368793,383.631274074316,False
220912-E5_Out,431,7,317.10723669826984,384.01066768169403,False
220912-E5_Out,432,3,330.0,361.0,False
220912-E5_Out,432,4,329.8795526623726,366.20799493789673,False
220912-E5_Out,432,5,329.7089676260948,366.25023164600134,False
220912-E5_Out,432,6,329.66268679499626,366.2557614892721,False
220912-E5_Out,432,7,329.6095818132162,366.2451628521085,False
220912-E5_Out,432,8,329.5651046782732,366.2396586984396,False
220912-E5_Out,433,3,344.0,319.0,False
220912-E5_Out,433,4,342.3483906984329,312.10679864883423,False
220912-E5_Out,433,5,342.30627515912056,312.00374626368284,False
220912-E5_Out,433,6,342.27492083609104,311.76094322651625,False
220912-E5_Out,434,3,344.0,368.0,False
220912-E5_Out,434,4,342.8292165994644,374.11972999572754,False
220912-E5_Out,434,5,342.85502234101295,374.1883358284831,False
220912-E5_Out,434,6,342.8356133848429,374.20765770971775,False
220912-E5_Out,434,7,343.23600421845913,374.5362286120653,False
220912-E5_Out,434,8,343.3095337897539,375.27209337055683,False
220912-E5_Out,434,9,343.2990185767412,375.93002457916737,False
220912-E5_Out,434,10,343.2882455140352,376.3897564262152,False
220912-E5_Out,435,3,331.0,384.0,False
220912-E5_Out,435,4,330.68984004855156,390.1928143501282,False
220912-E5_Out,435,5,331.28488394618034,390.82521426677704,False
220912-E5_Out,435,6,332.06149300932884,391.0382533967495,False
220912-E5_Out,435,7,332.99457105994225,391.1580205410719,False
220912-E5_Out,435,8,332.9273581802845,390.76649312675,False
220912-E5_Out,435,9,333.28022488951683,392.4885299652815,False
220912-E5_Out,436,4,382.0,363.0,True
220912-E5_Out,437,4,289.0,343.0,True
220912-E6_Out,439,3,331.0,163.0,False
220912-E6_Out,439,4,347.79035568237305,161.10968101024628,False
220912-E6_Out,439,5,349.1405885219574,159.28693759441376,False
220912-E6_Out,439,6,350.4104835987091,158.42970556020737,False
220912-E6_Out,439,7,350.20254957675934,157.4428415298462,False
220912-E6_Out,439,8,349.33681666851044,156.49524301290512,False
220912-E6_Out,439,9,348.6927795410156,156.11924266815186,False
220912-E6_Out,439,10,348.0913531780243,155.64708948135376,False
220912-E6_Out,442,3,280.0,160.0,False
220912-E6_Out,442,4,269.5509386062622,167.29197597503662,False
220912-E6_Out,442,5,266.1359009742737,168.05991876125336,False
220912-E6_Out,442,6,263.9486439228058,168.4746386706829,False
220912-E6_Out,442,7,262.20374870300293,168.322355479002,False
220912-E6_Out,442,8,261.9911887049675,167.60698464512825,False
220912-E6_Out,442,9,261.2586347460747,166.99183842539787,False
220912-E6_Out,443,3,273.0,159.0,False
220912-E6_Out,443,4,259.1473150253296,169.1290807723999,False
220912-E6_Out,443,5,256.2985882759094,169.7448473572731,False
220912-E6_Out,443,6,254.79086673259735,169.56132054328918,False
220912-E6_Out,443,7,253.8649617433548,169.2857354581356,False
220912-E6_Out,443,8,253.5457513332367,168.64224395155907,False
220912-E6_Out,443,9,253.16564509272575,168.21852114796638,False
220912-E6_Out,443,10,252.6477720439434,167.95396253466606,False
220912-E6_Out,444,3,266.0,149.0,False
220912-E6_Out,444,4,247.8828010559082,156.77857875823975,False
220912-E6_Out,444,5,245.14211106300354,157.25869071483612,False
220912-E6_Out,444,6,243.96359169483185,157.2195445075631,False
220912-E6_Out,444,7,243.02989280223846,156.72949788719416,False
220912-E6_Out,444,8,242.28140091896057,155.7440951243043,False
220912-E6_Out,444,9,242.2174133658409,155.17538437992334,False
220912-E6_Out,446,3,327.0,206.0,False
220912-E6_Out,446,4,346.5775489807129,202.6435468196869,False
220912-E6_Out,446,5,348.06711626052856,200.8980324268341,False
220912-E6_Out,446,6,348.5471255481243,200.0661380290985,False
220912-E6_Out,446,7,348.967839628458,199.0159134864807,False
220912-E6_Out,446,8,348.3241629898548,198.2306126356125,False
220912-E6_Out,446,9,348.0662736594677,197.89421227574348,False
220912-E6_Out,446,10,347.6880784034729,196.9262932240963,False
220912-E6_Out,448,4,287.0,129.0,True
220912-E6_Out,449,4,327.0,260.0,True
220912-E7_Out,450,3,352.0,358.0,False
220912-E7_Out,450,4,354.8413109779358,358.3134833574295,False
220912-E7_Out,450,5,355.2337083518505,358.1717399060726,False
220912-E7_Out,450,6,355.2412867844105,358.18590638786554,False
220912-E7_Out,450,7,355.87960121035576,358.4209943190217,False
220912-E7_Out,450,8,355.98525822907686,358.7443662658334,False
220912-E7_Out,451,3,284.0,360.0,False
220912-E7_Out,451,4,274.84409046173096,360.3914698958397,False
220912-E7_Out,451,5,274.6413861811161,360.3464927151799,False
220912-E7_Out,451,6,274.337188988924,360.14814475923777,False
220912-E7_Out,451,7,274.44102561473846,360.49569008499384,False
220912-E7_Out,451,8,274.1735655963421,360.24017895013094,False
220912-E7_Out,451,9,273.864451110363,360.2489123046398,False
220912-E7_Out,452,3,323.0,308.0,False
220912-E7_Out,452,4,331.8663330078125,309.26221239566803,False
220912-E7_Out,452,5,331.82793821394444,308.8371214866638,False
220912-E7_Out,452,6,331.9642543643713,308.2957116961479,False
220912-E7_Out,452,7,332.1126776486635,308.04508316516876,False
220912-E7_Out,452,8,332.2509403824806,307.2841019630432,False
220912-E7_Out,452,9,332.21924245357513,306.7000290155411,False
220912-E7_Out,452,10,331.90707367658615,306.17641174793243,False
220912-E7_Out,452,11,332.37200224399567,305.86052399873734,False
220912-E7_Out,453,3,340.0,315.0,False
220912-E7_Out,453,4,350.03092098236084,314.9955835714936,False
220912-E7_Out,453,5,350.1458565071225,314.3718954101205,False
220912-E7_Out,453,6,350.48798317462206,313.46634647995234,False
220912-E7_Out,453,7,351.0533299520612,312.8374782577157,False
220912-E7_Out,453,8,351.11477117985487,312.09533796459436,False
220912-E7_Out,453,9,351.74110048264265,311.74197075515985,False
220912-E7_Out,453,10,351.50659688562155,310.86880085617304,False
220912-E7_Out,453,11,351.8336553797126,310.9098726697266,False
220912-E7_Out,454,3,331.0,346.0,False
220912-E7_Out,454,4,335.9732518196106,346.80549532175064,False
220912-E7_Out,454,5,337.08801424503326,347.08563259243965,False
220912-E7_Out,454,6,337.15280383080244,347.16237530112267,False
220912-E7_Out,454,7,337.1864726319909,346.924741178751,False
220912-E7_Out,454,8,337.4985455647111,347.3126404285431,False
220912-E7_Out,454,9,338.3455012217164,346.8989514410496,False
220912-E7_Out,454,10,338.46584121882915,346.96175798773766,False
220912-E7_Out,455,3,279.0,320.0,False
220912-E7_Out,455,4,274.11665439605713,320.7422453761101,False
220912-E7_Out,455,5,274.0028324127197,320.73183526843786,False
220912-E7_Out,455,6,273.76145565509796,320.79639284312725,False
220912-E7_Out,455,7,273.850133292377,321.1253340691328,False
220912-E7_Out,455,8,273.64884208887815,321.20770425349474,False
220912-E7_Out,456,3,322.0,325.0,False
220912-E7_Out,456,4,330.85231494903564,327.5646827220917,False
220912-E7_Out,456,5,331.11986488103867,327.3295944035053,False
220912-E7_Out,456,6,331.4637211561203,327.53681656718254,False
220912-E7_Out,456,7,331.31033530831337,326.84780928492546,False
220912-E7_Out,456,8,331.9883340895176,327.0551189482212,False
220912-E7_Out,456,9,332.77685502171516,327.0716855376959,False
220912-E7_Out,456,10,332.65817907452583,327.0158548876643,False
220912-E7_Out,456,11,332.85721933841705,326.96284598112106,False
220912-E7_Out,457,3,338.0,317.0,False
220912-E7_Out,457,4,347.893292427063,317.7182666063309,False
220912-E7_Out,457,5,348.2131659090519,317.06598776578903,False
220912-E7_Out,457,6,348.75011840462685,316.1699370145798,False
220912-E7_Out,457,7,349.4917335808277,315.5782918334007,False
220912-E7_Out,457,8,349.70990803837776,314.75297367572784,False
220912-E7_Out,457,9,350.87545946240425,314.43768814206123,False
220912-E7_Out,458,3,259.0,306.0,False
220912-E7_Out,458,4,253.01605653762817,306.3990974724293,False
220912-E7_Out,458,5,252.6546792089939,306.0289414525032,False
220912-E7_Out,458,6,251.91234210133553,305.4879564642906,False
220912-E7_Out,458,7,252.31096294522285,306.40072613954544,False
220912-E7_Out,458,8,251.99536168575287,306.2264419198036,False
220912-E7_Out,458,9,251.20801317691803,305.9147148132324,False
220912-E7_Out,459,3,261.0,358.0,False
220912-E7_Out,459,4,258.1269018650055,358.6829666495323,False
220912-E7_Out,459,5,257.9162300527096,358.75875516980886,False
220912-E7_Out,459,6,257.7224873006344,358.7319134771824,False
220912-E7_Out,460,4,302.0,285.0,True
220912-E7_Out,461,4,317.0,389.0,True
220912-E9_Out,462,3,202.0,309.0,False
220912-E9_Out,462,4,179.5658836364746,296.22090911865234,False
220912-E9_Out,462,5,178.60296082496643,295.38091588020325,False
220912-E9_Out,462,6,176.78205120563507,295.01306289434433,False
220912-E9_Out,462,7,176.7747083902359,294.7364975810051,False
220912-E9_Out,463,3,185.0,274.0,False
220912-E9_Out,463,4,173.45480632781982,264.532865524292,False
220912-E9_Out,463,5,170.8000431060791,263.92759335041046,False
220912-E9_Out,463,6,166.02899312973022,262.0947859287262,False
220912-E9_Out,463,7,164.70487129688263,262.00019527226686,False
220912-E9_Out,463,8,165.34541684389114,262.0876520946622,False
220912-E9_Out,463,9,164.5027397274971,260.9077622964978,False
220912-E9_Out,464,3,168.0,287.0,False
220912-E9_Out,464,4,146.82745552062988,280.48791694641113,False
220912-E9_Out,464,5,144.8023407459259,279.3776901960373,False
220912-E9_Out,464,6,142.74374890327454,278.1387709379196,False
220912-E9_Out,464,7,141.80547070503235,277.43595254421234,False
220912-E9_Out,464,8,141.46302914619446,276.8453468680382,False
220912-E9_Out,464,9,140.40537822246552,275.7290253043175,False
220912-E9_Out,464,10,139.71546804904938,274.89134085178375,False
220912-E9_Out,465,3,180.0,332.0,False
220912-E9_Out,465,4,157.69275856018066,327.97065353393555,False
220912-E9_Out,465,5,156.88690054416656,327.1486533880234,False
220912-E9_Out,465,6,156.43284204602242,326.0699177980423,False
220912-E9_Out,465,7,156.45907002687454,325.0607987642288,False
220912-E9_Out,465,8,156.57896514236927,323.65987265110016,False
220912-E9_Out,465,9,156.67523157596588,322.3083872795105,False
220912-E9_Out,466,3,186.0,304.0,False
220912-E9_Out,466,4,167.68558883666992,299.6708517074585,False
220912-E9_Out,466,5,164.9322533607483,297.64633989334106,False
220912-E9_Out,466,6,161.77309584617615,296.3361157178879,False
220912-E9_Out,466,7,162.19411504268646,295.5650132894516,False
220912-E9_Out,466,8,161.26033699512482,293.7606109380722,False
220912-E9_Out,466,9,160.722705245018,291.96334290504456,False
220912-E9_Out,466,10,163.32540690898895,293.3449271917343,False
220912-E9_Out,466,11,163.64327931404114,292.3099101781845,False
220912-E9_Out,467,4,189.0,357.0,True
220914-E10_Out,469,3,303.0,245.0,False
220914-E10_Out,469,4,304.62015295028687,267.5187530517578,False
220914-E10_Out,469,5,305.5601831674576,267.4310110285878,False
220914-E10_Out,469,6,306.9479435682297,266.76372934132814,False
220914-E10_Out,469,7,307.6153782606125,265.67556477338076,False
220914-E10_Out,470,3,294.0,245.0,False
220914-E10_Out,470,4,295.30145943164825,264.4061870574951,False
220914-E10_Out,470,5,295.9382733106613,263.9726105928421,False
220914-E10_Out,470,6,296.49344408512115,263.41122764348984,False
220914-E10_Out,470,7,296.9105633497238,262.25919502973557,False
220914-E10_Out,470,8,296.3898096084595,260.4077373147011,False
220914-E10_Out,471,3,335.0,207.0,False
220914-E10_Out,471,4,339.2009916305542,187.6496696472168,False
220914-E10_Out,471,5,339.0242832005024,186.3636313676834,False
220914-E10_Out,471,6,338.78257927298546,184.7439522743225,False
220914-E10_Out,471,7,338.8893594890833,182.26935386657715,False
220914-E10_Out,471,8,338.5224833339453,180.71974170207977,False
220914-E10_Out,471,9,338.5358084589243,179.6310257911682,False
220914-E10_Out,471,10,338.17389814555645,177.92729938030243,False
220914-E10_Out,471,11,338.12680807709694,176.35651206970215,False
220914-E10_Out,471,12,338.3499897271395,174.7378386259079,False
220914-E10_Out,472,3,352.0,208.0,False
220914-E10_Out,472,4,357.9897618293762,191.7664966583252,False
220914-E10_Out,472,5,357.78799003362656,190.95797950029373,False
220914-E10_Out,472,6,357.948017090559,190.16457891464233,False
220914-E10_Out,472,7,358.35413801670074,188.57482767105103,False
220914-E10_Out,472,8,358.76647847890854,187.51387989521027,False
220914-E10_Out,472,9,358.6150340437889,185.62777483463287,False
220914-E10_Out,473,3,335.0,269.0,False
220914-E10_Out,473,4,336.3026622533798,279.7301273345947,False
220914-E10_Out,473,5,335.9657207727432,279.8444886505604,False
220914-E10_Out,473,6,336.3299080133438,278.7822645008564,False
220914-E10_Out,473,7,335.96190509200096,277.3920947611332,False
220914-E10_Out,473,8,335.5754768848419,276.2033692896366,False
220914-E10_Out,474,3,319.0,250.0,False
220914-E10_Out,474,4,321.3943974971771,270.42796325683594,False
220914-E10_Out,474,5,321.2314875125885,270.2966021299362,False
220914-E10_Out,474,6,321.4380414187908,269.56299048662186,False
220914-E10_Out,474,7,321.3469472527504,268.77483862638474,False
220914-E10_Out,475,3,318.0,201.0,False
220914-E10_Out,475,4,320.6263861656189,183.30110549926758,False
220914-E10_Out,475,5,320.519852489233,181.99861025810242,False
220914-E10_Out,475,6,320.24513933062553,180.61030411720276,False
220914-E10_Out,475,7,319.19421288371086,179.1230605840683,False
220914-E10_Out,475,8,319.0410957634449,177.86383879184723,False
220914-E10_Out,475,9,318.84202083945274,177.01212763786316,False
220914-E10_Out,475,10,317.3795526921749,174.30841541290283,False
220914-E10_Out,475,11,317.40628753602505,173.21005523204803,False
220914-E10_Out,476,3,349.0,251.0,False
220914-E10_Out,476,4,352.39863324165344,262.06557846069336,False
220914-E10_Out,476,5,352.24234104156494,261.7884804904461,False
220914-E10_Out,476,6,352.3185137361288,261.26125088334084,False
220914-E10_Out,476,7,352.31025575101376,260.59537771344185,False
220914-E10_Out,476,8,352.09474454820156,259.91681268811226,False
220914-E10_Out,476,9,351.8295374363661,259.23963460326195,False
220914-E10_Out,477,3,303.0,193.0,False
220914-E10_Out,477,4,302.289866566658,170.29091453552246,False
220914-E10_Out,477,5,302.1434762775898,168.63340485095978,False
220914-E10_Out,477,6,302.64786353707314,167.15053033828735,False
220914-E10_Out,477,7,301.99111488461494,165.710551738739,False
220914-E10_Out,477,8,301.8757797777653,164.64843797683716,False
220914-E10_Out,477,9,301.6021157801151,163.74766916036606,False
220914-E10_Out,477,10,300.9278307259083,163.00269412994385,False
220914-E10_Out,478,3,316.0,238.0,False
220914-E10_Out,478,4,319.0171060562134,256.04146003723145,False
220914-E10_Out,478,5,318.9003528058529,256.40003937482834,False
220914-E10_Out,478,6,319.6444114148617,255.73337012529373,False
220914-E10_Out,478,7,319.54982401430607,254.45063322782516,False
220914-E10_Out,478,8,319.1389562934637,253.0298302769661,False
220914-E10_Out,479,4,278.0,220.0,True
220914-E10_Out,480,4,372.0,236.0,True
220914-E12_Out,481,3,206.0,290.0,False
220914-E12_Out,481,4,204.31049728393555,304.9504909515381,False
220914-E12_Out,481,5,203.9681717455387,305.21685391664505,False
220914-E12_Out,481,6,203.54289543628693,304.8998874425888,False
220914-E12_Out,481,7,203.14179942011833,304.66469743847847,False
220914-E12_Out,481,8,202.78239810466766,304.6142091527581,False
220914-E12_Out,481,9,202.3378224670887,304.2238410785794,False
220914-E12_Out,482,3,202.0,281.0,False
220914-E12_Out,482,4,200.97155702114105,293.58554458618164,False
220914-E12_Out,482,5,200.65222373604774,294.4044526219368,False
220914-E12_Out,482,6,199.7989709675312,293.8681258559227,False
220914-E12_Out,482,7,199.22466269135475,294.01011952757835,False
220914-E12_Out,482,8,198.71873965859413,294.0099672302604,False
220914-E12_Out,482,9,198.11236479878426,293.68377723544836,False
220914-E12_Out,483,3,237.0,253.0,False
220914-E12_Out,483,4,238.8488953113556,242.5259132385254,False
220914-E12_Out,483,5,238.31308591365814,241.7450731396675,False
220914-E12_Out,484,3,243.0,266.0,False
220914-E12_Out,484,4,246.6802990436554,256.37561321258545,False
220914-E12_Out,484,5,246.20262429118156,255.47139412164688,False
220914-E12_Out,484,6,245.9463572204113,255.01777398586273,False
220914-E12_Out,484,7,245.25732919573784,254.58643108606339,False
220914-E12_Out,484,8,244.68879505991936,254.07030725479126,False
220914-E12_Out,484,9,244.0135219991207,253.84910985827446,False
220914-E12_Out,484,10,243.45561096072197,253.48428148031235,False
220914-E12_Out,485,3,227.0,314.0,False
220914-E12_Out,485,4,226.35055124759674,322.5163908004761,False
220914-E12_Out,485,5,225.8427028656006,322.28545677661896,False
220914-E12_Out,485,6,225.51646411418915,322.26345001906157,False
220914-E12_Out,485,7,225.1367402970791,322.07310657948256,False
220914-E12_Out,485,8,224.70031321048737,322.01792372763157,False
220914-E12_Out,485,9,224.07327806949615,321.74121280014515,False
220914-E12_Out,485,10,223.5996976196766,321.2402098327875,False
220914-E12_Out,486,3,226.0,301.0,False
220914-E12_Out,486,4,226.17800438404083,311.98614025115967,False
220914-E12_Out,486,5,225.37122237682343,311.9090049788356,False
220914-E12_Out,486,6,224.87656363844872,311.66600035876036,False
220914-E12_Out,486,7,224.37472173571587,311.3969931527972,False
220914-E12_Out,486,8,223.96622103452682,311.27173917740583,False
220914-E12_Out,487,3,239.0,296.0,False
220914-E12_Out,487,4,239.8391284942627,306.4859323501587,False
220914-E12_Out,487,5,239.33172643184662,306.2678624391556,False
220914-E12_Out,487,6,238.90734323859215,306.25134855508804,False
220914-E12_Out,487,7,238.49221849441528,305.99425253272057,False
220914-E12_Out,487,8,237.90413236618042,305.6706383228302,False
220914-E12_Out,488,3,229.0,244.0,False
220914-E12_Out,488,4,229.2259143590927,234.03413581848145,False
220914-E12_Out,488,5,228.77123740315437,233.55258625745773,False
220914-E12_Out,488,6,228.43604758381844,233.35309493541718,False
220914-E12_Out,488,7,227.98319959640503,233.06298965215683,False
220914-E12_Out,488,8,227.57159534096718,232.8342186808586,False
220914-E12_Out,488,9,227.19945698976517,232.61671456694603,False
220914-E12_Out,489,3,216.0,291.0,False
220914-E12_Out,489,4,215.94501158595085,303.8701648712158,False
220914-E12_Out,489,5,215.46397894620895,304.03889805078506,False
220914-E12_Out,489,6,214.82220059633255,303.69758835434914,False
220914-E12_Out,489,7,214.19025713205338,303.3236876130104,False
220914-E12_Out,490,3,221.0,257.0,False
220914-E12_Out,490,4,222.01874387264252,245.8640079498291,False
220914-E12_Out,490,5,221.53004583716393,245.16389441490173,False
220914-E12_Out,490,6,221.1928669810295,244.7943651676178,False
220914-E12_Out,490,7,220.83293613791466,244.52753594517708,False
220914-E12_Out,490,8,220.42167216539383,244.2681084573269,False
220914-E12_Out,490,9,220.0252858698368,244.05917119979858,False
220914-E12_Out,491,4,268.0,289.0,True
220914-E12_Out,492,4,173.0,262.0,True
220914-E13_Out,493,3,205.0,157.0,False
220914-E13_Out,493,4,206.4657496213913,149.41676712036133,False
220914-E13_Out,493,5,206.21179485321045,149.2059319615364,False
220914-E13_Out,493,6,206.22532051801682,149.23115050047636,False
220914-E13_Out,493,7,206.1703037917614,149.26094813644886,False
220914-E13_Out,493,8,206.227174654603,149.31066151708364,False
220914-E13_Out,493,9,206.22125454246998,149.37931621074677,False
220914-E13_Out,494,3,225.0,180.0,False
220914-E13_Out,494,4,230.83032846450806,180.66934859752655,False
220914-E13_Out,495,3,180.0,176.0,False
220914-E13_Out,495,4,172.87251949310303,181.83530139923096,False
220914-E13_Out,495,5,172.58311486244202,181.59170481562614,False
220914-E13_Out,495,6,171.52323305606842,181.5416812375188,False
220914-E13_Out,495,7,171.38610103726387,181.11712438613176,False
220914-E13_Out,495,8,171.4602442458272,180.86083725839853,False
220914-E13_Out,495,9,171.0786853209138,180.44592241197824,False
220914-E13_Out,496,3,180.0,179.0,False
220914-E13_Out,496,4,175.24050998687744,183.47203826904297,False
220914-E13_Out,496,5,174.77170631289482,183.13319820165634,False
220914-E13_Out,497,3,185.0,195.0,False
220914-E13_Out,497,4,182.4693479537964,200.92679405212402,False
220914-E13_Out,497,5,181.88568341732025,200.61931148171425,False
220914-E13_Out,497,6,180.4956864118576,201.10173389315605,False
220914-E13_Out,497,7,180.56412636488676,200.3890196979046,False
220914-E13_Out,497,8,180.4588400349021,199.33228740096092,False
220914-E13_Out,498,3,229.0,147.0,False
220914-E13_Out,498,4,232.6375551223755,143.01012539863586,False
220914-E13_Out,498,5,232.63886545598507,141.6435947418213,False
220914-E13_Out,498,6,232.77852128446102,142.12591516971588,False
220914-E13_Out,498,7,232.67322243750095,142.08074567466974,False
220914-E13_Out,498,8,232.62937167286873,141.8041170015931,False
220914-E13_Out,498,9,232.87078908085823,142.1245330348611,False
220914-E13_Out,499,3,243.0,174.0,False
220914-E13_Out,499,4,253.3428602218628,170.2412645816803,False
220914-E13_Out,499,5,253.7895631492138,170.09633016586304,False
220914-E13_Out,499,6,254.2315515577793,170.02263017743826,False
220914-E13_Out,499,7,254.2433974891901,170.05041103437543,False
220914-E13_Out,499,8,254.97001959383488,169.7305118329823,False
220914-E13_Out,499,9,255.1215354949236,169.96728654578328,False
220914-E13_Out,499,10,254.97242553532124,169.7079345472157,False
220914-E13_Out,500,3,242.0,141.0,False
220914-E13_Out,500,4,244.92754554748535,138.2490336894989,False
220914-E13_Out,501,3,207.0,200.0,False
220914-E13_Out,501,4,204.6068685054779,205.4820966720581,False
220914-E13_Out,501,5,204.40170323848724,205.56280211359262,False
220914-E13_Out,501,6,203.62234556674957,205.6363255083561,False
220914-E13_Out,501,7,203.4570635855198,205.2753020823002,False
220914-E13_Out,501,8,203.42801655828953,205.22828363627195,False
220914-E13_Out,501,9,203.28870521485806,205.07906191796064,False
220914-E13_Out,502,3,252.0,192.0,False
220914-E13_Out,502,4,264.5005512237549,192.52957898378372,False
220914-E13_Out,502,5,264.7935881912708,192.52541701495647,False
220914-E13_Out,502,6,264.85125789791346,192.48489523679018,False
220914-E13_Out,502,7,264.7658579573035,192.43543519079685,False
220914-E13_Out,502,8,264.70981381088495,192.0888459533453,False
220914-E13_Out,503,3,206.0,185.0,False
220914-E13_Out,503,4,199.79489374160767,196.07915878295898,False
220914-E13_Out,503,5,199.580866843462,196.16481023281813,False
220914-E13_Out,503,6,198.8555021584034,196.0961498916149,False
220914-E13_Out,503,7,198.6921651661396,195.72906985878944,False
220914-E13_Out,503,8,198.737176284194,195.71336405724287,False
220914-E13_Out,503,9,198.6759281605482,195.62400010228157,False
220914-E13_Out,503,10,198.5323375016451,195.39356461167336,False
220914-E13_Out,504,3,218.0,215.0,False
220914-E13_Out,504,4,216.8392504453659,219.32080268859863,False
220914-E13_Out,504,5,217.3700133562088,219.96024757623672,False
220914-E13_Out,504,6,215.7408527135849,221.72305864095688,False
220914-E13_Out,504,7,214.63473534584045,220.19001644849777,False
220914-E13_Out,504,8,214.52838745713234,220.21173384785652,False
220914-E13_Out,504,9,213.9211372435093,219.13440635800362,False
220914-E13_Out,504,10,213.41379049420357,219.86565372347832,False
220914-E13_Out,506,4,249.0,216.0,True
220914-E2_Out,507,3,135.0,352.0,False
220914-E2_Out,507,4,133.18631160259247,350.70856416225433,False
220914-E2_Out,507,5,132.16881680488586,350.9895988702774,False
220914-E2_Out,507,6,131.4952516555786,350.61173582077026,False
220914-E2_Out,507,7,131.13061633706093,350.3095760047436,False
220914-E2_Out,507,8,130.7188623547554,350.41592153161764,False
220914-E2_Out,507,9,130.55307334661484,350.53517842292786,False
220914-E2_Out,508,3,208.0,392.0,False
220914-E2_Out,508,4,210.5335283279419,393.55500864982605,False
220914-E2_Out,508,5,210.01026821136475,393.29395335912704,False
220914-E2_Out,508,6,210.11471408605576,393.43766489624977,False
220914-E2_Out,508,7,210.00002273917198,393.6982330083847,False
220914-E2_Out,508,8,209.94422841072083,393.80531910806894,False
220914-E2_Out,508,9,209.98581650853157,393.89758141338825,False
220914-E2_Out,509,3,245.0,329.0,False
220914-E2_Out,509,4,247.6895616054535,330.39737367630005,False
220914-E2_Out,509,5,247.81825990974903,330.6104186475277,False
220914-E2_Out,509,6,247.86236219108105,330.7325232550502,False
220914-E2_Out,509,7,247.8734096735716,330.87336810678244,False
220914-E2_Out,509,8,247.81296275556087,330.911305770278,False
220914-E2_Out,509,9,247.81441140174866,331.02991419285536,False
220914-E2_Out,510,3,162.0,341.0,False
220914-E2_Out,510,4,160.156960606575,340.178671836853,False
220914-E2_Out,510,5,160.19949878007174,340.960027217865,False
220914-E2_Out,510,6,160.16917315870523,341.0694633051753,False
220914-E2_Out,510,7,160.3672602251172,341.5928089544177,False
220914-E2_Out,510,8,159.9937253370881,341.53322203457355,False
220914-E2_Out,510,9,160.0074214860797,341.60368094593287,False
220914-E2_Out,510,10,159.8494374975562,341.8351096883416,False
220914-E2_Out,510,11,159.66715391725302,341.9966129437089,False
220914-E2_Out,511,3,258.0,359.0,False
220914-E2_Out,511,4,258.76937222480774,359.5292040705681,False
220914-E2_Out,511,5,258.903221771121,359.58366096764803,False
220914-E2_Out,511,6,258.6902209073305,359.5523418560624,False
220914-E2_Out,511,7,258.71407118439674,359.6324821561575,False
220914-E2_Out,511,8,258.66253001987934,359.77183781564236,False
220914-E2_Out,511,9,258.64804427325726,359.7764134183526,False
220914-E2_Out,512,3,178.0,323.0,False
220914-E2_Out,512,4,175.04154777526855,321.908216714859,False
220914-E2_Out,512,5,174.72239923477173,321.76472383737564,False
220914-E2_Out,512,6,174.73538284003735,321.8197322562337,False
220914-E2_Out,512,7,174.62230609357357,321.8565028011799,False
220914-E2_Out,512,8,174.63112670183182,321.8363777473569,False
220914-E2_Out,512,9,174.6190606802702,321.88054874539375,False
220914-E2_Out,512,10,174.4879796653986,321.9546378478408,False
220914-E2_Out,512,11,174.1969350129366,321.9045146256685,False
220914-E2_Out,512,12,174.14822208881378,321.91470811516047,False
220914-E2_Out,513,3,236.0,370.0,False
220914-E2_Out,513,4,237.535630941391,370.52882128953934,False
220914-E2_Out,513,5,237.5796321183443,370.6789046227932,False
220914-E2_Out,513,6,237.65374126285315,370.92199769616127,False
220914-E2_Out,513,7,237.620003990829,370.9489305689931,False
220914-E2_Out,513,8,237.58343236893415,371.05417278409004,False
220914-E2_Out,514,3,131.0,358.0,False
220914-E2_Out,514,4,129.41824185848236,356.47986125946045,False
220914-E2_Out,514,5,128.95655199885368,356.73609587550163,False
220914-E2_Out,514,6,127.74928757548332,356.219945281744,False
220914-E2_Out,514,7,126.61257144808769,355.0008076131344,False
220914-E2_Out,514,8,126.20226126909256,355.13201662898064,False
220914-E2_Out,514,9,126.00544419884682,355.2019610181451,False
220914-E2_Out,514,10,126.00267884135246,355.2143832296133,False
220914-E2_Out,514,11,125.94536063075066,355.2743777856231,False
220914-E2_Out,515,3,139.0,307.0,False
220914-E2_Out,515,4,138.361288189888,306.25365567207336,False
220914-E2_Out,515,5,137.9427908360958,305.2100656032562,False
220914-E2_Out,515,6,137.5952924489975,304.6059819459915,False
220914-E2_Out,515,7,137.27145886421204,304.69842901080847,False
220914-E2_Out,516,3,193.0,329.0,False
220914-E2_Out,516,4,188.17941808700562,327.5735982656479,False
220914-E2_Out,516,5,188.23706302046776,327.63493617624044,False
220914-E2_Out,516,6,188.15976884961128,327.62410163879395,False
220914-E2_Out,516,7,187.86468175053596,327.7895485460758,False
220914-E2_Out,516,8,187.82898338139057,327.8275495991111,False
220914-E2_Out,517,3,154.0,369.0,False
220914-E2_Out,517,4,150.68151664733887,367.82463574409485,False
220914-E2_Out,517,5,150.62869745492935,368.0445375442505,False
220914-E2_Out,517,6,150.65889861434698,368.16166170686483,False
220914-E2_Out,517,7,150.60662489384413,368.20405311882496,False
220914-E2_Out,517,8,150.51824145764112,368.2574958279729,False
220914-E2_Out,517,9,150.36166694015265,368.25561191141605,False
220914-E2_Out,519,4,158.0,408.0,True
220914-E4_Out,520,3,316.0,211.0,False
220914-E4_Out,520,4,340.60795402526855,195.82102489471436,False
220914-E4_Out,520,5,341.978484749794,195.3046162724495,False
220914-E4_Out,520,6,344.139720082283,195.471757248044,False
220914-E4_Out,520,7,344.443701505661,195.61661478877068,False
220914-E4_Out,520,8,346.03716242313385,196.07148799300194,False
220914-E4_Out,520,9,345.9100444018841,195.3646957576275,False
220914-E4_Out,521,3,317.0,209.0,False
220914-E4_Out,521,4,340.71649169921875,194.20178031921387,False
220914-E4_Out,521,5,341.96215176582336,193.39815211296082,False
220914-E4_Out,521,6,343.9670920372009,193.7118442952633,False
220914-E4_Out,521,7,344.60389137268066,193.93354633450508,False
220914-E4_Out,521,8,346.2002832889557,194.1612314581871,False
220914-E4_Out,522,3,225.0,268.0,False
220914-E4_Out,522,4,226.2233808040619,277.0096244812012,False
220914-E4_Out,522,5,225.80232086777687,278.5574942827225,False
220914-E4_Out,522,6,226.15135249495506,280.0748522281647,False
220914-E4_Out,522,7,225.6302795112133,280.7619709968567,False
220914-E4_Out,522,8,225.20634430646896,282.04459488391876,False
220914-E4_Out,522,9,225.88022059202194,282.3208096027374,False
220914-E4_Out,523,3,274.0,259.0,False
220914-E4_Out,523,4,268.495493888855,273.7821226119995,False
220914-E4_Out,523,5,268.56592966616154,274.88387179374695,False
220914-E4_Out,523,6,269.51804925501347,276.1867116689682,False
220914-E4_Out,523,7,269.2868760675192,277.3546949625015,False
220914-E4_Out,523,8,269.76621924340725,278.36607360839844,False
220914-E4_Out,523,9,269.69911700487137,279.48526203632355,False
220914-E4_Out,523,10,269.9398455321789,280.249904692173,False
220914-E4_Out,524,3,272.0,312.0,False
220914-E4_Out,524,4,268.86417531967163,316.585871219635,False
220914-E4_Out,524,5,267.3612844944,317.54550564289093,False
220914-E4_Out,524,6,268.1404929161072,319.6184719800949,False
220914-E4_Out,524,7,267.1619727611542,320.67834532260895,False
220914-E4_Out,524,8,267.54521638154984,321.8872517347336,False
220914-E4_Out,524,9,266.9035636782646,323.07922768592834,False
220914-E4_Out,525,3,283.0,206.0,False
220914-E4_Out,525,4,298.0616912841797,195.4572458267212,False
220914-E4_Out,525,5,299.4901907444,194.99528235197067,False
220914-E4_Out,525,6,300.2523694038391,194.57480424642563,False
220914-E4_Out,525,7,301.1288243532181,193.99641871452332,False
220914-E4_Out,525,8,301.85791397094727,193.9100005403161,False
220914-E4_Out,526,3,214.0,209.0,False
220914-E4_Out,526,4,207.46421670913696,220.67784309387207,False
220914-E4_Out,526,5,207.4458608329296,221.3420548439026,False
220914-E4_Out,526,6,207.73511216044426,222.10479986667633,False
220914-E4_Out,526,7,207.8377075344324,222.56861266493797,False
220914-E4_Out,526,8,207.50764675438404,223.4403953254223,False
220914-E4_Out,526,9,207.6957795470953,223.49167189002037,False
220914-E4_Out,527,3,223.0,208.0,False
220914-E4_Out,527,4,214.65471935272217,229.68630027770996,False
220914-E4_Out,527,5,214.73866610229015,230.38628900051117,False
220914-E4_Out,527,6,215.33503012359142,231.78033876419067,False
220914-E4_Out,527,7,215.1412906497717,232.09947887063026,False
220914-E4_Out,527,8,214.86155973374844,233.11324933171272,False
220914-E4_Out,527,9,215.04773013293743,233.14901711791754,False
220914-E4_Out,527,10,215.0144887715578,232.9805437847972,False
220914-E4_Out,527,11,215.55455322563648,233.0404598005116,False
220914-E4_Out,527,12,215.32572276890278,233.11678345128894,False
220914-E4_Out,528,3,241.0,227.0,False
220914-E4_Out,528,4,235.16872596740723,242.25951766967773,False
220914-E4_Out,528,5,235.65899819135666,243.15412265062332,False
220914-E4_Out,528,6,235.7058838456869,244.27420395612717,False
220914-E4_Out,528,7,235.3119108825922,244.56794267892838,False
220914-E4_Out,528,8,235.02513305842876,245.31516700983047,False
220914-E4_Out,528,9,234.84197361767292,245.83602678775787,False
220914-E4_Out,529,3,236.0,235.0,False
220914-E4_Out,529,4,232.08020520210266,250.41898918151855,False
220914-E4_Out,529,5,232.29794269800186,250.75326162576675,False
220914-E4_Out,529,6,232.18021807074547,250.82034216821194,False
220914-E4_Out,529,7,231.7959007024765,251.25745187699795,False
220914-E4_Out,529,8,231.49077978730202,251.5282271951437,False
220914-E4_Out,529,9,231.5074634552002,251.73981107771397,False
220914-E4_Out,529,10,231.80354076623917,251.48342119157314,False
220914-E4_Out,530,3,199.0,239.0,False
220914-E4_Out,530,4,201.23290085792542,246.51006984710693,False
220914-E4_Out,530,5,200.6243988275528,246.95922434329987,False
220914-E4_Out,530,6,201.59054744243622,248.06043815612793,False
220914-E4_Out,530,7,201.16261008381844,248.5118388235569,False
220914-E4_Out,530,8,200.82672077417374,249.1700134575367,False
220914-E4_Out,530,9,201.79219657182693,249.07456954568624,False
220914-E4_Out,530,10,201.39066824316978,248.37542095035315,False
220914-E4_Out,530,11,201.55373066663742,247.5554214939475,False
220914-E4_Out,531,3,304.0,215.0,False
220914-E4_Out,531,4,325.08251190185547,202.58444213867188,False
220914-E4_Out,531,5,326.2751134634018,202.07065570354462,False
220914-E4_Out,531,6,327.6296135187149,201.90551054477692,False
220914-E4_Out,531,7,328.4668251276016,201.87409544736147,False
220914-E4_Out,531,8,329.3228772878647,201.80674901604652,False
220914-E4_Out,531,9,330.53928875923157,201.5466095507145,False
220914-E4_Out,532,3,257.0,285.0,False
220914-E4_Out,532,4,257.1535574197769,295.20380783081055,False
220914-E4_Out,532,5,254.3473380804062,299.18604278564453,False
220914-E4_Out,532,6,255.84839117527008,302.8116147518158,False
220914-E4_Out,532,7,255.60561046004295,304.8717088699341,False
220914-E4_Out,532,8,255.79980002343655,306.3678013086319,False
220914-E4_Out,533,3,274.0,174.0,False
220914-E4_Out,533,4,286.70008087158203,164.14486598968506,False
220914-E4_Out,533,5,287.3438524007797,164.18034464120865,False
220914-E4_Out,533,6,287.71507024765015,163.68627387285233,False
220914-E4_Out,533,7,288.8262450695038,163.53303226828575,False
220914-E4_Out,535,4,319.0,278.0,True
220914-E6_Out,536,3,220.0,243.0,False
220914-E6_Out,536,4,224.63066148757935,254.70572566986084,False
220914-E6_Out,536,5,225.05114910006523,254.71387396007776,False
220914-E6_Out,536,6,225.22481544315815,255.3107535019517,False
220914-E6_Out,536,7,224.8381181806326,254.85719714313745,False
220914-E6_Out,536,8,223.91924737393856,254.55801133066416,False
220914-E6_Out,537,3,174.0,200.0,False
220914-E6_Out,537,4,164.88532733917236,177.8526725769043,False
220914-E6_Out,537,5,164.26575553417206,176.92038053274155,False
220914-E6_Out,537,6,163.22186517715454,175.6131553053856,False
220914-E6_Out,537,7,162.39823412895203,174.71325314044952,False
220914-E6_Out,537,8,161.87421810626984,174.02793604135513,False
220914-E6_Out,537,9,161.39326056838036,173.8038201034069,False
220914-E6_Out,537,10,160.36610731482506,172.79022416472435,False
220914-E6_Out,538,3,193.0,211.0,False
220914-E6_Out,538,4,186.5777382850647,194.43445014953613,False
220914-E6_Out,538,5,185.84544789791107,193.15696215629578,False
220914-E6_Out,538,6,184.9842985868454,191.64614713191986,False
220914-E6_Out,538,7,184.10697174072266,190.6853341460228,False
220914-E6_Out,538,8,183.02312421798706,189.5643429160118,False
220914-E6_Out,538,9,182.2414790391922,189.43870481848717,False
220914-E6_Out,538,10,181.5626918077469,188.0822328031063,False
220914-E6_Out,538,11,180.89290583133698,187.30381098389626,False
220914-E6_Out,538,12,180.9588013216853,186.92425432801247,False
220914-E6_Out,539,3,217.0,262.0,False
220914-E6_Out,539,4,220.30338835716248,273.580717086792,False
220914-E6_Out,539,5,220.6148760020733,272.4782489538193,False
220914-E6_Out,539,6,220.33904048800468,274.5917648077011,False
220914-E6_Out,539,7,219.0992633998394,273.36989164352417,False
220914-E6_Out,539,8,217.7072410285473,272.2416253089905,False
220914-E6_Out,540,3,207.0,248.0,False
220914-E6_Out,540,4,211.52767705917358,262.0891590118408,False
220914-E6_Out,540,5,211.88727766275406,262.07458751648664,False
220914-E6_Out,540,6,211.53803023695946,263.5239924713969,False
220914-E6_Out,540,7,210.9387408196926,262.6416276022792,False
220914-E6_Out,540,8,209.55551955103874,262.0241185352206,False
220914-E6_Out,540,9,209.2036510705948,261.3365570232272,False
220914-E6_Out,541,3,219.0,205.0,False
220914-E6_Out,541,4,213.53570890426636,187.3204803466797,False
220914-E6_Out,541,5,212.82761085033417,186.2692860364914,False
220914-E6_Out,541,6,212.57741078734398,183.73944652080536,False
220914-E6_Out,541,7,211.4698517024517,182.19598150253296,False
220914-E6_Out,541,8,209.6284508407116,180.6047307252884,False
220914-E6_Out,541,9,208.71490678191185,178.41844618320465,False
220914-E6_Out,541,10,208.51684901118279,176.86137115955353,False
220914-E6_Out,541,11,206.49118515849113,174.74653947353363,False
220914-E6_Out,542,3,189.0,187.0,False
220914-E6_Out,542,4,183.52314853668213,173.19119930267334,False
220914-E6_Out,542,5,182.5524139404297,171.48108184337616,False
220914-E6_Out,542,6,181.57557010650635,169.156383395195,False
220914-E6_Out,542,7,180.56687343120575,167.6350816488266,False
220914-E6_Out,542,8,179.2747699022293,165.7954376935959,False
220914-E6_Out,543,3,221.0,180.0,False
220914-E6_Out,543,4,219.88793671131134,165.62642574310303,False
220914-E6_Out,543,5,218.53088104724884,164.9645338654518,False
220914-E6_Out,543,6,218.31260937452316,162.14408761262894,False
220914-E6_Out,543,7,217.16403967142105,160.7852925658226,False
220914-E6_Out,543,8,213.476227581501,158.5857111811638,False
220914-E6_Out,543,9,213.8241653740406,156.08956545591354,False
220914-E6_Out,544,3,200.0,266.0,False
220914-E6_Out,544,4,203.82100248336792,281.35247135162354,False
220914-E6_Out,544,5,203.99207736551762,281.0958663225174,False
220914-E6_Out,544,6,203.4956265538931,281.6731103658676,False
220914-E6_Out,544,7,202.7413334697485,280.7657688856125,False
220914-E6_Out,544,8,202.1468431800604,279.99112486839294,False
220914-E6_Out,544,9,201.78186781704426,279.3672523498535,False
220914-E6_Out,545,3,203.0,193.0,False
220914-E6_Out,545,4,196.38928985595703,175.78774452209473,False
220914-E6_Out,545,5,195.58709752559662,174.3772213459015,False
220914-E6_Out,545,6,195.06149446964264,172.4411656856537,False
220914-E6_Out,547,4,162.0,245.0,True
220914-E7_Out,548,3,405.0,288.0,False
220914-E7_Out,548,4,405.53371834754944,290.0168836116791,False
220914-E7_Out,548,5,405.4265724122524,290.1335515752435,False
220914-E7_Out,548,6,405.40803848206997,290.23898731172085,False
220914-E7_Out,548,7,405.32340717315674,290.2895707860589,False
220914-E7_Out,548,8,405.2766505777836,290.34544728696346,False
220914-E7_Out,549,3,447.0,286.0,False
220914-E7_Out,549,4,447.1244602352381,290.09606552124023,False
220914-E7_Out,549,5,446.89585669338703,290.1946713849902,False
220914-E7_Out,549,6,446.82292610406876,290.40136005729437,False
220914-E7_Out,549,7,446.8456500470638,290.65212651342154,False
220914-E7_Out,550,3,409.0,203.0,False
220914-E7_Out,550,4,409.07019155472517,198.58727264404297,False
220914-E7_Out,550,5,408.9851933196187,199.73208677768707,False
220914-E7_Out,550,6,409.42475352436304,200.46775895357132,False
220914-E7_Out,550,7,411.47647724300623,204.25469809770584,False
220914-E7_Out,550,8,409.6489399448037,205.46920412778854,False
220914-E7_Out,551,3,378.0,228.0,False
220914-E7_Out,551,4,376.77799797058105,226.11395037174225,False
220914-E7_Out,551,5,376.9328007698059,226.09069711714983,False
220914-E7_Out,551,6,376.80002024769783,226.40563002973795,False
220914-E7_Out,551,7,377.0331800878048,226.69625482708216,False
220914-E7_Out,551,8,377.03324669599533,226.71335591375828,False
220914-E7_Out,552,3,380.0,259.0,False
220914-E7_Out,552,4,375.81323289871216,254.89357948303223,False
220914-E7_Out,552,5,375.7876191288233,254.91602029651403,False
220914-E7_Out,552,6,375.7701230943203,254.99305053055286,False
220914-E7_Out,552,7,375.82052125036716,255.1038754954934,False
220914-E7_Out,552,8,375.7630281150341,255.11461593210697,False
220914-E7_Out,552,9,375.6961674243212,255.24781669676304,False
220914-E7_Out,553,3,400.0,218.0,False
220914-E7_Out,553,4,399.5967307984829,217.04676586389542,False
220914-E7_Out,553,5,399.5995570272207,217.09750700742006,False
220914-E7_Out,553,6,399.67479038983583,217.2768670991063,False
220914-E7_Out,554,3,416.0,311.0,False
220914-E7_Out,554,4,416.2973321676254,312.2346999645233,False
220914-E7_Out,555,3,409.0,247.0,False
220914-E7_Out,555,4,405.48811626434326,242.68949174880981,False
220914-E7_Out,555,5,405.5290438607335,242.7443959787488,False
220914-E7_Out,555,6,405.5405228063464,242.81757628917694,False
220914-E7_Out,555,7,405.6196429878473,242.89191306382418,False
220914-E7_Out,555,8,405.48106510937214,242.9787094593048,False
220914-E7_Out,555,9,405.26421244442463,242.77554976940155,False
220914-E7_Out,555,10,405.26581145823,242.86673253029585,False
220914-E7_Out,556,3,398.0,299.0,False
220914-E7_Out,556,4,398.60365360975266,303.6497540473938,False
220914-E7_Out,556,5,398.4997193813324,304.2619067430496,False
220914-E7_Out,556,6,398.83655792474747,305.08561581373215,False
220914-E7_Out,556,7,398.81201833486557,305.51459431648254,False
220914-E7_Out,556,8,398.8581747636199,305.76969957351685,False
220914-E7_Out,557,4,372.0,276.0,True
220914-E7_Out,558,4,446.0,249.0,True
220914-E8_Out,559,3,113.0,293.0,False
220914-E8_Out,559,4,107.67089366912842,268.52163314819336,False
220914-E8_Out,559,5,107.60857427120209,266.5167787075043,False
220914-E8_Out,559,6,108.96739184856415,264.85842418670654,False
220914-E8_Out,559,7,108.47260096669197,262.26967763900757,False
220914-E8_Out,560,3,106.0,347.0,False
220914-E8_Out,560,4,114.99776077270508,367.7396297454834,False
220914-E8_Out,560,5,114.90002465248108,366.87266105413437,False
220914-E8_Out,561,3,121.0,269.0,False
220914-E8_Out,561,4,120.16371774673462,250.11886978149414,False
220914-E8_Out,561,5,120.7257131934166,247.38961362838745,False
220914-E8_Out,561,6,122.08230799436569,245.2188982963562,False
220914-E8_Out,561,7,119.91623085737228,242.57461738586426,False
220914-E8_Out,561,8,121.7177112698555,242.49649911373854,False
220914-E8_Out,562,3,127.0,297.0,False
220914-E8_Out,562,4,124.9117443561554,273.0935859680176,False
220914-E8_Out,562,5,123.54369926452637,270.0812351703644,False
220914-E8_Out,562,6,127.78424978256226,268.23292565345764,False
220914-E8_Out,562,7,125.17165732383728,266.3057584762573,False
220914-E8_Out,563,3,96.0,346.0,False
220914-E8_Out,563,4,109.4135856628418,380.03723526000977,False
220914-E8_Out,563,5,109.1885154247284,378.9707465171814,False
220914-E8_Out,563,6,109.52123501896858,377.2597955465317,False
220914-E8_Out,564,3,116.0,336.0,False
220914-E8_Out,564,4,124.65021133422852,354.5571517944336,False
220914-E8_Out,564,5,124.34512782096863,352.0606036186218,False
220914-E8_Out,564,6,123.22470772266388,348.49008226394653,False
220914-E8_Out,564,7,121.69738566875458,347.8561270236969,False
220914-E8_Out,564,8,121.32981780171394,345.89012718200684,False
220914-E8_Out,565,3,95.0,348.0,False
220914-E8_Out,565,4,107.1148681640625,379.7833995819092,False
220914-E8_Out,565,5,106.80626353621483,378.6369820833206,False
220914-E8_Out,565,6,107.93708345293999,377.1131876707077,False
220914-E8_Out,565,7,107.93076585233212,375.3193917274475,False
220914-E8_Out,565,8,108.68008922040462,373.94776237010956,False
220914-E8_Out,566,3,135.0,338.0,False
220914-E8_Out,566,4,146.22899627685547,355.9443645477295,False
220914-E8_Out,566,5,146.26461297273636,354.5645776987076,False
220914-E8_Out,566,6,145.91602048277855,351.80561435222626,False
220914-E8_Out,566,7,143.3627367913723,350.35502326488495,False
220914-E8_Out,566,8,142.37768778204918,347.7408345937729,False
220914-E8_Out,567,3,96.0,300.0,False
220914-E8_Out,567,4,88.13589096069336,276.2176322937012,False
220914-E8_Out,567,5,88.18793407827616,274.74937546253204,False
220914-E8_Out,567,6,89.92491511255503,273.62169671058655,False
220914-E8_Out,567,7,89.16866115480661,271.44802021980286,False
220914-E8_Out,567,8,89.68087426573038,270.4810269474983,False
220914-E8_Out,567,9,88.78235129266977,268.20745664834976,False
220914-E8_Out,567,10,89.19499049335718,269.2267252802849,False
220914-E8_Out,568,3,86.0,301.0,False
220914-E8_Out,568,4,78.47254848480225,276.5403137207031,False
220914-E8_Out,568,5,78.33740037679672,275.32618057727814,False
220914-E8_Out,568,6,79.42241567373276,274.2367023229599,False
220914-E8_Out,568,7,78.98790046572685,272.6912398338318,False
220914-E8_Out,569,4,59.0,330.0,True
220919-E11_Out,579,3,176.0,333.0,False
220919-E11_Out,579,4,156.97255516052246,331.6454004049301,False
220919-E11_Out,579,5,154.7226915359497,330.8227119445801,False
220919-E11_Out,579,6,152.47536492347717,329.8103412389755,False
220919-E11_Out,579,7,150.98304080963135,328.8306388258934,False
220919-E11_Out,579,8,149.58024561405182,328.35843193531036,False
220919-E11_Out,579,9,148.41594207286835,327.5369608402252,False
220919-E11_Out,579,10,147.3885864019394,326.7606167793274,False
220919-E11_Out,580,3,236.0,293.0,False
220919-E11_Out,580,4,257.19960594177246,299.0407485961914,False
220919-E11_Out,580,5,256.6714549064636,298.13041681051254,False
220919-E11_Out,580,6,255.7256783246994,297.3798368573189,False
220919-E11_Out,580,7,255.49065339565277,296.48259794712067,False
220919-E11_Out,580,8,254.7572898864746,295.67227751016617,False
220919-E11_Out,581,3,190.0,312.0,False
220919-E11_Out,581,4,171.40524101257324,305.5261058807373,False
220919-E11_Out,581,5,170.06742322444916,304.7136173248291,False
220919-E11_Out,581,6,168.3662624359131,303.8131540417671,False
220919-E11_Out,581,7,166.78785347938538,303.1053743958473,False
220919-E11_Out,581,8,165.04113602638245,302.4848960042,False
220919-E11_Out,581,9,163.70091152191162,301.6001177430153,False
220919-E11_Out,581,10,161.84213638305664,300.69908756017685,False
220919-E11_Out,581,11,161.33126211166382,299.4463477730751,False
220919-E11_Out,581,12,160.49822878837585,298.01585417985916,False
220919-E11_Out,582,3,185.0,301.0,False
220919-E11_Out,582,4,165.81275749206543,293.79932928085327,False
220919-E11_Out,582,5,164.9039101600647,293.2123180627823,False
220919-E11_Out,583,3,243.0,310.0,False
220919-E11_Out,583,4,253.24587535858154,313.50104808807373,False
220919-E11_Out,583,5,252.5554679632187,312.4203077554703,False
220919-E11_Out,583,6,251.32352828979492,311.6249728798866,False
220919-E11_Out,583,7,250.6984907388687,310.3325110077858,False
220919-E11_Out,583,8,249.68815279006958,309.18413132429123,False
220919-E11_Out,584,3,231.0,315.0,False
220919-E11_Out,584,4,253.26866149902344,323.9399948120117,False
220919-E11_Out,584,5,252.85437932610512,322.92382967472076,False
220919-E11_Out,584,6,251.84346571564674,322.07506531476974,False
220919-E11_Out,584,7,250.91318872570992,320.8912541270256,False
220919-E11_Out,584,8,250.25672712922096,319.9475095272064,False
220919-E11_Out,584,9,249.19156995415688,318.77974247932434,False
220919-E11_Out,584,10,248.7992731332779,317.8500173687935,False
220919-E11_Out,585,3,222.0,297.0,False
220919-E11_Out,585,4,243.94746017456055,303.0496492385864,False
220919-E11_Out,585,5,243.35662305355072,302.3937819004059,False
220919-E11_Out,585,6,242.73054778575897,301.89700150489807,False
220919-E11_Out,585,7,242.17779338359833,301.1191381216049,False
220919-E11_Out,585,8,241.21238315105438,300.39779275655746,False
220919-E11_Out,585,9,240.3841917514801,299.6297605037689,False
220919-E11_Out,585,10,239.8061887025833,298.84544533491135,False
220919-E11_Out,586,3,240.0,332.0,False
220919-E11_Out,586,4,250.46606826782227,336.18718099594116,False
220919-E11_Out,586,5,250.17219629883766,335.5853496789932,False
220919-E11_Out,586,6,249.51341298222542,334.9788187742233,False
220919-E11_Out,586,7,249.08983927965164,334.1763258576393,False
220919-E11_Out,587,3,183.0,326.0,False
220919-E11_Out,587,4,159.47753715515137,319.32577419281006,False
220919-E11_Out,587,5,156.65199208259583,317.67010045051575,False
220919-E11_Out,587,6,154.125670671463,316.2154371738434,False
220919-E11_Out,587,7,151.61580801010132,314.34681701660156,False
220919-E11_Out,587,8,149.26323294639587,313.60454148054123,False
220919-E11_Out,587,9,148.08981823921204,312.592243373394,False
220919-E11_Out,587,10,146.35720479488373,311.54980224370956,False
220919-E11_Out,587,11,145.27524590492249,310.55424535274506,False
220919-E11_Out,587,12,144.2646278142929,309.4343148469925,False
220919-E11_Out,588,3,198.0,284.0,False
220919-E11_Out,588,4,182.12458515167236,278.4002823829651,False
220919-E11_Out,588,5,180.98978769779205,277.7131100296974,False
220919-E11_Out,588,6,179.6446739435196,276.2990480065346,False
220919-E11_Out,588,7,177.69403326511383,274.95323330163956,False
220919-E11_Out,588,8,175.52264940738678,273.3303453326225,False
220919-E11_Out,588,9,174.46011924743652,272.0575093626976,False
220919-E11_Out,589,4,217.0,267.0,True
220919-E11_Out,590,4,198.0,357.0,True
220919-E3_Out,603,3,310.0,165.0,False
220919-E3_Out,603,4,310.0541623532772,138.00862312316895,False
220919-E3_Out,603,5,306.7496119439602,134.41079878807068,False
220919-E3_Out,603,6,305.7599777877331,132.29192280769348,False
220919-E3_Out,603,7,305.3268393278122,130.4042249917984,False
220919-E3_Out,603,8,304.9371910393238,129.04944443702698,False
220919-E3_Out,603,9,304.50768196582794,128.50740706920624,False
220919-E3_Out,604,3,330.0,167.0,False
220919-E3_Out,604,4,328.05639123916626,144.5611171722412,False
220919-E3_Out,604,5,326.7331260442734,141.59877014160156,False
220919-E3_Out,604,6,326.4248583316803,137.81094193458557,False
220919-E3_Out,604,7,325.6488678455353,134.6885643005371,False
220919-E3_Out,604,8,324.15163481235504,132.93072628974915,False
220919-E3_Out,604,9,322.6245684623718,131.69726955890656,False
220919-E3_Out,604,10,322.0423539876938,131.33343282341957,False
220919-E3_Out,604,11,320.6421184539795,129.78197398781776,False
220919-E3_Out,605,3,283.0,223.0,False
220919-E3_Out,605,4,283.07406072318554,234.1563205718994,False
220919-E3_Out,605,5,281.2509493082762,233.30745214223862,False
220919-E3_Out,605,6,279.98617891967297,234.49249106645584,False
220919-E3_Out,605,7,280.3110740631819,234.81145173311234,False
220919-E3_Out,605,8,280.4570908546448,235.70547032356262,False
220919-E3_Out,605,9,281.148282289505,236.0851480960846,False
220919-E3_Out,605,10,280.63970279693604,235.01698315143585,False
220919-E3_Out,605,11,280.38463830947876,233.92076873779297,False
220919-E3_Out,606,3,333.0,208.0,False
220919-E3_Out,606,4,340.26676177978516,233.1894073486328,False
220919-E3_Out,606,5,339.53728103637695,232.0618028640747,False
220919-E3_Out,606,6,339.937226742506,231.99165435880423,False
220919-E3_Out,606,7,343.03147837519646,231.90561260282993,False
220919-E3_Out,606,8,344.72520312666893,229.6896385103464,False
220919-E3_Out,606,9,342.839569658041,229.7093227058649,False
220919-E3_Out,606,10,342.88387170434,228.79075415432453,False
220919-E3_Out,607,3,299.0,162.0,False
220919-E3_Out,607,4,296.8797445297241,131.30642127990723,False
220919-E3_Out,607,5,294.29346346855164,128.32797765731812,False
220919-E3_Out,607,6,291.5266606807709,123.82818174362183,False
220919-E3_Out,607,7,290.6707811355591,121.03338885307312,False
220919-E3_Out,607,8,289.909171462059,118.72484683990479,False
220919-E3_Out,608,3,310.0,216.0,False
220919-E3_Out,608,4,313.2568356990814,234.97420120239258,False
220919-E3_Out,608,5,312.4631497859955,234.21612840890884,False
220919-E3_Out,608,6,312.2028088271618,234.40611273050308,False
220919-E3_Out,608,7,311.55455300211906,233.27192109823227,False
220919-E3_Out,608,8,311.85059639811516,232.20885866880417,False
220919-E3_Out,608,9,311.2410293519497,231.52329057455063,False
220919-E3_Out,608,10,311.36819376051426,230.5898016691208,False
220919-E3_Out,608,11,311.0251617282629,228.57808315753937,False
220919-E3_Out,609,4,251.0,190.0,True
220919-E4_Out,611,3,396.0,320.0,False
220919-E4_Out,611,4,398.95252752304077,325.0263252258301,False
220919-E4_Out,611,5,398.8949002623558,326.1914954185486,False
220919-E4_Out,611,6,398.8491189330816,326.26330664008856,False
220919-E4_Out,611,7,398.865784868598,326.5239108726382,False
220919-E4_Out,611,8,398.7415675967932,326.5675888955593,False
220919-E4_Out,611,9,398.78046471625566,326.70793655514717,False
220919-E4_Out,612,3,356.0,324.0,False
220919-E4_Out,612,4,355.5404455959797,334.02736949920654,False
220919-E4_Out,612,5,355.45989115536213,334.1529208123684,False
220919-E4_Out,612,6,355.4879796355963,334.464630484581,False
220919-E4_Out,612,7,355.26836992800236,334.31214356422424,False
220919-E4_Out,612,8,355.24479861557484,334.2522864714265,False
220919-E4_Out,612,9,355.29126085340977,334.34642221033573,False
220919-E4_Out,612,10,355.3419746905565,334.1802799552679,False
220919-E4_Out,612,11,355.5376198589802,334.42298428714275,False
220919-E4_Out,613,3,378.0,335.0,False
220919-E4_Out,613,4,378.88045489788055,340.47503757476807,False
220919-E4_Out,613,5,378.7933461666107,341.7271866798401,False
220919-E4_Out,613,6,378.5106177330017,342.03606003522873,False
220919-E4_Out,613,7,378.3901506960392,342.7192263007164,False
220919-E4_Out,613,8,378.206554710865,342.20294415950775,False
220919-E4_Out,613,9,378.8892166018486,343.3610130548477,False
220919-E4_Out,614,3,376.0,338.0,False
220919-E4_Out,614,4,376.79182732105255,343.48733854293823,False
220919-E4_Out,614,5,376.6204470694065,344.85540413856506,False
220919-E4_Out,614,6,376.22913986444473,345.26183101534843,False
220919-E4_Out,614,7,376.1620214134455,345.76569536328316,False
220919-E4_Out,614,8,375.98317201435566,345.17246451973915,False
220919-E4_Out,614,9,376.56251879036427,345.7577206790447,False
220919-E4_Out,615,3,393.0,283.0,False
220919-E4_Out,615,4,391.87135767936707,276.7214460372925,False
220919-E4_Out,615,5,391.7215846478939,276.56557404994965,False
220919-E4_Out,615,6,391.3670620918274,276.7061995565891,False
220919-E4_Out,616,3,402.0,290.0,False
220919-E4_Out,616,4,402.2625281214714,282.7631859779358,False
220919-E4_Out,616,5,402.19602063298225,282.6989943161607,False
220919-E4_Out,616,6,401.9179491996765,283.6792583838105,False
220919-E4_Out,616,7,400.9220714569092,283.567933216691,False
220919-E4_Out,616,8,400.98257975280285,283.56777953356504,False
220919-E4_Out,616,9,401.02752969413996,284.14904134720564,False
220919-E4_Out,616,10,400.8786960914731,284.1457998305559,False
220919-E4_Out,617,3,416.0,321.0,False
220919-E4_Out,617,4,420.7100658416748,326.3079824447632,False
220919-E4_Out,617,5,421.3000440597534,327.14624911546707,False
220919-E4_Out,617,6,421.72152385115623,327.0029978454113,False
220919-E4_Out,617,7,421.97853511571884,327.90107306838036,False
220919-E4_Out,617,8,422.08189345151186,327.7133385837078,False
220919-E4_Out,617,9,422.1270172819495,328.19361439347267,False
220919-E4_Out,617,10,422.2554849460721,328.65548872947693,False
220919-E4_Out,618,3,357.0,286.0,False
220919-E4_Out,618,4,353.23698234558105,279.32863187789917,False
220919-E4_Out,618,5,352.97247377038,279.1170774400234,False
220919-E4_Out,618,6,353.0841881930828,279.25427639484406,False
220919-E4_Out,618,7,352.82795333862305,279.11275365948677,False
220919-E4_Out,618,8,353.72851717472076,279.45269671082497,False
220919-E4_Out,618,9,353.96403309702873,279.3424957767129,False
220919-E4_Out,618,10,354.36978405714035,279.8563821092248,False
220919-E4_Out,619,3,386.0,268.0,False
220919-E4_Out,619,4,383.5284962654114,258.83559131622314,False
220919-E4_Out,619,5,383.5003373771906,258.851297095418,False
220919-E4_Out,619,6,383.5858890041709,259.07250429689884,False
220919-E4_Out,619,7,383.1028726622462,259.0360660776496,False
220919-E4_Out,619,8,383.31832737475634,259.04633162915707,False
220919-E4_Out,619,9,383.6657147780061,259.9491795152426,False
220919-E4_Out,619,10,384.5821683779359,261.116398319602,False
220919-E4_Out,620,3,420.0,326.0,False
220919-E4_Out,620,4,423.4007296562195,329.21355271339417,False
220919-E4_Out,620,5,423.9341275691986,330.2293485403061,False
220919-E4_Out,620,6,424.39498314261436,329.988390237093,False
220919-E4_Out,620,7,424.5131845250726,331.0942133963108,False
220919-E4_Out,620,8,424.3225996866822,330.67609718441963,False
220919-E4_Out,620,9,424.25106329470873,330.9199664890766,False
220919-E4_Out,620,10,424.41399682313204,331.3346419632435,False
220919-E4_Out,621,3,347.0,262.0,False
220919-E4_Out,621,4,345.558567404747,257.7690544128418,False
220919-E4_Out,621,5,344.99935376644135,257.6241393685341,False
220919-E4_Out,622,4,438.0,302.0,True
220919-E4_Out,623,4,340.0,309.0,True
220919-E5_Out,624,3,237.0,370.0,False
220919-E5_Out,624,4,238.5836741924286,390.9389400482178,False
220919-E5_Out,624,5,237.72132074832916,392.92054438591003,False
220919-E5_Out,624,6,236.84435844421387,393.8674486875534,False
220919-E5_Out,625,3,273.0,367.0,False
220919-E5_Out,625,4,278.9992661476135,384.37365913391113,False
220919-E5_Out,625,5,279.4201303422451,386.6407194137573,False
220919-E5_Out,625,6,280.1035265624523,387.9626713991165,False
220919-E5_Out,625,7,279.6373810172081,387.3662135004997,False
220919-E5_Out,625,8,279.09538596868515,385.93324929475784,False
220919-E5_Out,625,9,277.8212988972664,383.6906438469887,False
220919-E5_Out,625,10,276.16603368520737,382.4018695950508,False
220919-E5_Out,625,11,275.0756968855858,381.03469282388687,False
220919-E5_Out,626,3,284.0,371.0,False
220919-E5_Out,626,4,287.92637872695923,383.36688327789307,False
220919-E5_Out,626,5,288.8074790239334,384.87832510471344,False
220919-E5_Out,626,6,289.4541236758232,386.28960514068604,False
220919-E5_Out,626,7,288.98458537459373,385.9623058438301,False
220919-E5_Out,626,8,288.52723228931427,384.6325162053108,False
220919-E5_Out,626,9,287.94700014591217,383.59212785959244,False
220919-E5_Out,626,10,287.0021868944168,383.0626572370529,False
220919-E5_Out,627,3,247.0,320.0,False
220919-E5_Out,627,4,243.62368988990784,305.314510345459,False
220919-E5_Out,627,5,242.96918714046478,304.37437933683395,False
220919-E5_Out,627,6,242.34337532520294,303.3352099061012,False
220919-E5_Out,627,7,241.9230091869831,302.56519705057144,False
220919-E5_Out,627,8,241.99060800671577,301.8813254237175,False
220919-E5_Out,627,9,241.83095422387123,300.96013033390045,False
220919-E5_Out,628,3,238.0,393.0,False
220919-E5_Out,628,4,237.64645847678185,404.75957107543945,False
220919-E5_Out,628,5,237.31668183207512,406.51886808872223,False
220919-E5_Out,628,6,235.7405924499035,407.1605449318886,False
220919-E5_Out,628,7,233.18855234980583,405.84485536813736,False
220919-E5_Out,628,8,232.17439648509026,404.330520093441,False
220919-E5_Out,629,3,249.0,370.0,False
220919-E5_Out,629,4,251.30367016792297,391.6857967376709,False
220919-E5_Out,629,5,250.74042665958405,393.7950654029846,False
220919-E5_Out,629,6,249.9481225013733,395.70684587955475,False
220919-E5_Out,630,3,291.0,291.0,False
220919-E5_Out,630,4,290.91286793351173,284.43360137939453,False
220919-E5_Out,630,5,291.24681118130684,283.3269909620285,False
220919-E5_Out,630,6,290.6565836966038,281.737127661705,False
220919-E5_Out,630,7,290.648846834898,280.93209505081177,False
220919-E5_Out,630,8,290.9772869050503,280.7192939221859,False
220919-E5_Out,630,9,291.05056239664555,280.37056627869606,False
220919-E5_Out,630,10,290.46856857836246,279.87844505906105,False
220919-E5_Out,631,3,251.0,302.0,False
220919-E5_Out,631,4,250.41543340682983,294.9801411628723,False
220919-E5_Out,632,3,284.0,379.0,False
220919-E5_Out,632,4,286.8994882106781,389.2233295440674,False
220919-E5_Out,632,5,287.5202487707138,391.4071276187897,False
220919-E5_Out,632,6,287.9625995159149,392.93652844429016,False
220919-E5_Out,632,7,287.4723245203495,392.51562851667404,False
220919-E5_Out,632,8,286.92814579606056,390.94669312238693,False
220919-E5_Out,632,9,285.5205482542515,388.71061247587204,False
220919-E5_Out,632,10,284.2756325304508,387.8884245753288,False
220919-E5_Out,632,11,283.2294442951679,386.78147953748703,False
220919-E5_Out,633,3,272.0,320.0,False
220919-E5_Out,633,4,269.5904188156128,306.0396203994751,False
220919-E5_Out,633,5,269.29710391163826,303.6973783969879,False
220919-E5_Out,633,6,269.25348739326,301.42365431785583,False
220919-E5_Out,633,7,268.60944823920727,299.6708936691284,False
220919-E5_Out,633,8,268.62896959483624,299.17787206172943,False
220919-E5_Out,633,9,268.86073687672615,298.2653111219406,False
220919-E5_Out,634,3,271.0,303.0,False
220919-E5_Out,634,4,270.4755401611328,291.30176067352295,False
220919-E5_Out,634,5,270.35307613015175,290.4285255074501,False
220919-E5_Out,634,6,270.3792604506016,289.3559212088585,False
220919-E5_Out,634,7,270.1946257054806,288.3311224579811,False
220919-E5_Out,634,8,270.31965908408165,287.8354135751724,False
220919-E5_Out,634,9,270.45829905569553,287.07452803850174,False
220919-E5_Out,634,10,270.0505750030279,286.2138534784317,False
220919-E5_Out,634,11,269.4801211208105,284.8213517665863,False
220919-E5_Out,635,3,284.0,358.0,False
220919-E5_Out,635,4,288.08784103393555,367.6923580169678,False
220919-E5_Out,635,5,288.46658450365067,368.1457089185715,False
220919-E5_Out,635,6,288.71638821065426,368.41092148423195,False
220919-E5_Out,635,7,288.53208561241627,368.35406298190355,False
220919-E5_Out,635,8,288.37101812660694,368.0802067294717,False
220919-E5_Out,635,9,288.1192279905081,367.8271996155381,False
220919-E5_Out,635,10,287.03048764169216,367.666123457253,False
220919-E5_Out,635,11,286.5785865932703,367.229439266026,False
220919-E5_Out,636,3,297.0,331.0,False
220919-E5_Out,636,4,296.71813228726387,318.3522129058838,False
220919-E5_Out,636,5,296.60524097085,317.9019379019737,False
220919-E5_Out,636,6,296.2316190004349,317.29169476032257,False
220919-E5_Out,636,7,295.64784932136536,316.1283814907074,False
220919-E5_Out,636,8,295.5246189236641,316.08407527953386,False
220919-E5_Out,636,9,295.3764750659466,315.370263941586,False
220919-E5_Out,636,10,295.37750466167927,314.7665268853307,False
220919-E5_Out,636,11,294.89990822970867,313.21540004760027,False
220919-E5_Out,637,3,248.0,331.0,False
220919-E5_Out,637,4,242.56872129440308,313.10744285583496,False
220919-E5_Out,637,5,241.79968631267548,312.06686758995056,False
220919-E5_Out,637,6,240.92629539966583,310.3348067998886,False
220919-E5_Out,637,7,240.56774553656578,309.20724380016327,False
220919-E5_Out,638,3,258.0,386.0,False
220919-E5_Out,638,4,259.445925951004,401.2194061279297,False
220919-E5_Out,638,5,259.38157817721367,403.75088238716125,False
220919-E5_Out,638,6,258.7344103753567,405.32519364356995,False
220919-E5_Out,638,7,258.36468636989594,404.37122029066086,False
220919-E5_Out,638,8,257.10913825035095,402.6692369580269,False
220919-E5_Out,638,9,255.48216128349304,400.8893190026283,False
220919-E5_Out,639,4,319.0,342.0,True
220919-E5_Out,640,4,214.0,353.0,True
220919-E9_Out,648,3,384.0,233.0,False
220919-E9_Out,648,4,390.59490060806274,234.72365260124207,False
220919-E9_Out,648,5,390.804122030735,234.79646668583155,False
220919-E9_Out,648,6,391.2771259844303,235.26951379328966,False
220919-E9_Out,648,7,392.0660666525364,235.51195497065783,False
220919-E9_Out,649,3,356.0,204.0,False
220919-E9_Out,649,4,352.4386465549469,198.88095808029175,False
220919-E9_Out,649,5,352.358747407794,198.88891177624464,False
220919-E9_Out,649,6,352.4115418791771,198.9834174066782,False
220919-E9_Out,649,7,352.6513070166111,199.23209704458714,False
220919-E9_Out,649,8,352.61645163595676,199.32203436642885,False
220919-E9_Out,650,3,382.0,258.0,False
220919-E9_Out,650,4,389.4544825553894,262.24913787841797,False
220919-E9_Out,650,5,389.54964450746775,262.3442568257451,False
220919-E9_Out,650,6,389.7257534787059,262.53995556384325,False
220919-E9_Out,650,7,389.72478993982077,262.9361232891679,False
220919-E9_Out,650,8,389.975076071918,263.88478437811136,False
220919-E9_Out,650,9,390.02006731182337,263.7833459228277,False
220919-E9_Out,650,10,389.75414026528597,264.5528085678816,False
220919-E9_Out,650,11,389.84244794398546,265.1498018950224,False
220919-E9_Out,650,12,390.07994765788317,265.57718600332737,False
220919-E9_Out,651,3,342.0,207.0,False
220919-E9_Out,651,4,337.265305519104,203.6627972126007,False
220919-E9_Out,651,5,337.2269399911165,203.63718605786562,False
220919-E9_Out,651,6,337.2439401745796,203.74631063640118,False
220919-E9_Out,651,7,337.45781165361404,204.04323388636112,False
220919-E9_Out,651,8,337.5563487261534,204.25417391955853,False
220919-E9_Out,651,9,337.4939328432083,204.29937743395567,False
220919-E9_Out,651,10,337.46829411387444,204.35422468185425,False
220919-E9_Out,651,11,337.4530104100704,204.5014689564705,False
220919-E9_Out,652,3,339.0,244.0,False
220919-E9_Out,652,4,326.009090423584,239.9560375213623,False
220919-E9_Out,652,5,325.9008956849575,240.17599460482597,False
220919-E9_Out,652,6,325.9165476709604,240.76206031441689,False
220919-E9_Out,652,7,326.4745353013277,241.23969128727913,False
220919-E9_Out,652,8,326.40506894886494,241.38464918732643,False
220919-E9_Out,652,9,326.64781878888607,241.97113046050072,False
220919-E9_Out,652,10,326.75361171364784,242.13703894615173,False
220919-E9_Out,652,11,327.10080114006996,241.99734857678413,False
220919-E9_Out,653,3,400.0,204.0,False
220919-E9_Out,653,4,408.8346347808838,202.8410792350769,False
220919-E9_Out,653,5,408.8215431571007,202.84978590160608,False
220919-E9_Out,653,6,408.9509143680334,202.91717100143433,False
220919-E9_Out,653,7,409.0110014602542,203.0689146220684,False
220919-E9_Out,653,8,409.0462509691715,203.2000697851181,False
220919-E9_Out,653,9,409.03200286626816,203.23045837134123,False
220919-E9_Out,653,10,408.9422476440668,203.1814756989479,False
220919-E9_Out,654,3,387.0,216.0,False
220919-E9_Out,654,4,399.5278673171997,217.32140159606934,False
220919-E9_Out,654,5,400.0235484242439,217.63545358181,False
220919-E9_Out,654,6,401.0893035531044,218.54771465063095,False
220919-E9_Out,654,7,401.86800307035446,218.9592386186123,False
220919-E9_Out,654,8,402.20437029004097,219.457943379879,False
220919-E9_Out,654,9,400.2818787395954,219.58364632725716,False
220919-E9_Out,655,3,350.0,222.0,False
220919-E9_Out,655,4,340.9522171020508,215.2203769683838,False
220919-E9_Out,655,5,340.73114627599716,215.03709441423416,False
220919-E9_Out,656,3,397.0,261.0,False
220919-E9_Out,656,4,401.72708225250244,263.4850113391876,False
220919-E9_Out,656,5,402.4000757932663,263.7133174240589,False
220919-E9_Out,656,6,403.00665950775146,264.83089020848274,False
220919-E9_Out,656,7,403.1356615424156,264.8190560787916,False
220919-E9_Out,656,8,403.3850049972534,266.184346601367,False
220919-E9_Out,657,4,359.0,262.0,True
220919-E9_Out,658,4,385.0,180.0,True
220923-E2_Out,659,3,314.0,261.0,False
220923-E2_Out,659,4,334.0970211029053,253.57600688934326,False
220923-E2_Out,659,5,337.37570428848267,251.54500603675842,False
220923-E2_Out,659,6,341.1608281135559,249.66379153728485,False
220923-E2_Out,659,7,344.5390877723694,248.10139119625092,False
220923-E2_Out,659,8,348.48595809936523,248.28566209971905,False
220923-E2_Out,659,9,349.90936493873596,246.7333617657423,False
220923-E2_Out,659,10,353.6826708316803,246.29705481231213,False
220923-E2_Out,659,11,354.96723115444183,246.42460446059704,False
220923-E2_Out,660,3,268.0,289.0,False
220923-E2_Out,660,4,260.0371437072754,295.71925258636475,False
220923-E2_Out,660,5,259.76874059438705,295.9982631802559,False
220923-E2_Out,660,6,258.56676882505417,296.7317087650299,False
220923-E2_Out,660,7,258.7072757780552,297.3518930673599,False
220923-E2_Out,661,3,326.0,234.0,False
220923-E2_Out,661,4,344.8204879760742,223.5046796798706,False
220923-E2_Out,661,5,347.3286714553833,223.66361710429192,False
220923-E2_Out,661,6,349.91511154174805,221.47428652644157,False
220923-E2_Out,661,7,352.6567904949188,220.10005328059196,False
220923-E2_Out,661,8,355.8889422416687,219.59434434771538,False
220923-E2_Out,662,3,333.0,275.0,False
220923-E2_Out,662,4,356.0930767059326,269.0237021446228,False
220923-E2_Out,662,5,358.18830728530884,266.96890449523926,False
220923-E2_Out,662,6,361.44280886650085,266.1785445213318,False
220923-E2_Out,662,7,362.9108226299286,264.4120194911957,False
220923-E2_Out,662,8,365.3872637748718,263.2230666875839,False
220923-E2_Out,662,9,366.43812334537506,261.8187619447708,False
220923-E2_Out,662,10,366.78874814510345,260.0158015489578,False
220923-E2_Out,662,11,367.56874680519104,259.2520344853401,False
220923-E2_Out,663,3,268.0,340.0,False
220923-E2_Out,663,4,258.9646825790405,359.5761375427246,False
220923-E2_Out,663,5,256.9539620876312,357.64789032936096,False
220923-E2_Out,663,6,255.39407098293304,356.1943711042404,False
220923-E2_Out,663,7,256.1359726190567,353.9821323156357,False
220923-E2_Out,663,8,256.03672644495964,352.37715780735016,False
220923-E2_Out,663,9,255.13504907488823,351.3535307645798,False
220923-E2_Out,663,10,254.09799525141716,347.7064753770828,False
220923-E2_Out,664,3,247.0,338.0,False
220923-E2_Out,664,4,242.73767805099487,347.9692392349243,False
220923-E2_Out,664,5,242.26371452212334,348.49075001478195,False
220923-E2_Out,664,6,239.53742143511772,347.3212967514992,False
220923-E2_Out,664,7,239.51569767296314,345.71860629320145,False
220923-E2_Out,664,8,239.1739453524351,345.6404810473323,False
220923-E2_Out,664,9,238.02483861148357,344.9364024326205,False
220923-E2_Out,664,10,237.1150857657194,343.2567303106189,False
220923-E2_Out,664,11,235.85534934699535,342.80126356333494,False
220923-E2_Out,665,3,252.0,297.0,False
220923-E2_Out,665,4,240.15636539459229,314.70892333984375,False
220923-E2_Out,665,5,239.68596896529198,316.00353252887726,False
220923-E2_Out,665,6,238.96523723006248,315.6565980017185,False
220923-E2_Out,665,7,239.2921549975872,316.59339466691017,False
220923-E2_Out,665,8,237.9616261422634,318.1592436134815,False
220923-E2_Out,666,3,296.0,252.0,False
220923-E2_Out,666,4,311.1059675216675,234.90002250671387,False
220923-E2_Out,666,5,312.64747655391693,234.37483721971512,False
220923-E2_Out,666,6,312.82087959349155,231.9957590699196,False
220923-E2_Out,666,7,314.02350141108036,231.25797629356384,False
220923-E2_Out,666,8,316.80597116053104,232.35291469097137,False
220923-E2_Out,666,9,318.41987408697605,232.0111390054226,False
220923-E2_Out,666,10,322.0103095918894,232.517079859972,False
220923-E2_Out,666,11,326.3515619188547,233.0746047794819,False
220923-E2_Out,666,12,330.44823874533176,235.2848336994648,False
220923-E2_Out,667,3,267.0,314.0,False
220923-E2_Out,667,4,256.9238700866699,332.6165027618408,False
220923-E2_Out,667,5,256.76826626062393,333.3659746646881,False
220923-E2_Out,667,6,254.39695817232132,332.1529972553253,False
220923-E2_Out,667,7,255.64634519815445,332.84383940696716,False
220923-E2_Out,667,8,256.7145659327507,333.3819459080696,False
220923-E2_Out,667,9,256.6449214965105,333.29469407349825,False
220923-E2_Out,667,10,255.27333803474903,331.6918683126569,False
220923-E2_Out,668,3,312.0,271.0,False
220923-E2_Out,668,4,332.78919792175293,264.2502465248108,False
220923-E2_Out,668,5,335.90265011787415,261.4647378921509,False
220923-E2_Out,668,6,338.35029649734497,259.3492708206177,False
220923-E2_Out,669,3,326.0,293.0,False
220923-E2_Out,669,4,351.13280487060547,289.25948095321655,False
220923-E2_Out,669,5,352.9636560678482,285.9931058883667,False
220923-E2_Out,669,6,355.3575609922409,285.12379390001297,False
220923-E2_Out,670,3,240.0,315.0,False
220923-E2_Out,670,4,234.32353591918945,329.5198402404785,False
220923-E2_Out,670,5,233.59903144836426,330.7439283132553,False
220923-E2_Out,670,6,231.44640278816223,329.6220532655716,False
220923-E2_Out,670,7,232.99275255203247,329.5701146647334,False
220923-E2_Out,670,8,232.58880308270454,330.70376866310835,False
220923-E2_Out,670,9,231.03179314732552,329.76904379576445,False
220923-E2_Out,672,4,307.0,334.0,True
220923-E3_Out,673,3,166.0,332.0,False
220923-E3_Out,673,4,158.94746160507202,347.70101737976074,False
220923-E3_Out,673,5,157.71523308753967,349.91023683547974,False
220923-E3_Out,673,6,154.6014494895935,351.1223256587982,False
220923-E3_Out,673,7,154.98446998000145,352.52148151397705,False
220923-E3_Out,673,8,156.55206617712975,353.49651849269867,False
220923-E3_Out,673,9,152.73131427168846,353.6275986135006,False
220923-E3_Out,674,3,184.0,350.0,False
220923-E3_Out,674,4,176.41914892196655,368.18791580200195,False
220923-E3_Out,674,5,176.34639079868793,371.0030369758606,False
220923-E3_Out,674,6,173.37587912380695,371.74447470903397,False
220923-E3_Out,674,7,174.12135680019855,372.4493625164032,False
220923-E3_Out,675,3,209.0,350.0,False
220923-E3_Out,675,4,203.49378633499146,379.5408687591553,False
220923-E3_Out,675,5,202.98363626003265,380.3901203274727,False
220923-E3_Out,675,6,202.49308785796165,381.6990996003151,False
220923-E3_Out,675,7,201.7276369035244,380.7020488977432,False
220923-E3_Out,675,8,202.38281151652336,381.33846640586853,False
220923-E3_Out,675,9,202.69905719161034,380.4236026406288,False
220923-E3_Out,676,3,233.0,282.0,False
220923-E3_Out,676,4,252.95320892333984,270.72412872314453,False
220923-E3_Out,676,5,253.8900215625763,269.7647263407707,False
220923-E3_Out,676,6,254.45258724689484,268.445332467556,False
220923-E3_Out,676,7,253.59476256370544,267.09220308065414,False
220923-E3_Out,676,8,253.11416551470757,266.60894161462784,False
220923-E3_Out,676,9,252.6388105750084,266.4844756349921,False
220923-E3_Out,676,10,251.34717959165573,266.2210912629962,False
220923-E3_Out,677,3,180.0,331.0,False
220923-E3_Out,677,4,167.12759399414062,354.15338706970215,False
220923-E3_Out,677,5,167.1773657798767,356.64725160598755,False
220923-E3_Out,677,6,163.746999502182,357.2063608765602,False
220923-E3_Out,677,7,163.71844835579395,358.4312451481819,False
220923-E3_Out,677,8,165.77507205307484,359.13741832971573,False
220923-E3_Out,678,3,211.0,285.0,False
220923-E3_Out,678,4,223.986909866333,266.1479034423828,False
220923-E3_Out,678,5,226.46261835098267,265.74131309986115,False
220923-E3_Out,678,6,227.8623913526535,260.9878989458084,False
220923-E3_Out,678,7,227.17472684383392,258.39631855487823,False
220923-E3_Out,678,8,226.43471765518188,257.08867943286896,False
220923-E3_Out,678,9,224.47490453720093,256.62658655643463,False
220923-E3_Out,679,3,194.0,345.0,False
220923-E3_Out,679,4,184.50244140625,370.45263671875,False
220923-E3_Out,679,5,184.23408645391464,371.25848937034607,False
220923-E3_Out,679,6,183.09403783082962,371.6105544269085,False
220923-E3_Out,679,7,183.28525137901306,371.76613706350327,False
220923-E3_Out,679,8,183.6053351163864,371.8928599655628,False
220923-E3_Out,679,9,183.24056681990623,371.209784835577,False
220923-E3_Out,680,3,228.0,307.0,False
220923-E3_Out,680,4,253.0519962310791,295.8542881011963,False
220923-E3_Out,680,5,255.69142651557922,293.7799115180969,False
220923-E3_Out,680,6,258.31104159355164,290.0263578891754,False
220923-E3_Out,680,7,257.63640236854553,287.3211851119995,False
220923-E3_Out,680,8,256.81219804286957,286.0104855298996,False
220923-E3_Out,680,9,255.3783757686615,285.55825209617615,False
220923-E3_Out,680,10,253.0971748828888,284.06782054901123,False
220923-E3_Out,680,11,252.2318035364151,283.98655227571726,False
220923-E3_Out,680,12,249.9720093011856,282.82676211744547,False
220923-E3_Out,681,3,227.0,330.0,False
220923-E3_Out,681,4,254.19066047668457,327.32919478416443,False
220923-E3_Out,681,5,255.75162065029144,326.0091471672058,False
220923-E3_Out,681,6,257.65714025497437,324.2054286003113,False
220923-E3_Out,681,7,257.37922739982605,321.82096552848816,False
220923-E3_Out,681,8,257.283646941185,320.8430672287941,False
220923-E3_Out,681,9,256.34339797496796,319.5289184451103,False
220923-E3_Out,683,3,161.0,361.0,False
220923-E3_Out,683,4,154.80857038497925,377.88745880126953,False
220923-E3_Out,683,5,154.38510438799858,379.77689707279205,False
220923-E3_Out,683,6,152.21618244051933,378.8769620656967,False
220923-E3_Out,683,7,152.42913070321083,378.7199222147465,False
220923-E3_Out,683,8,153.62708953022957,379.08609440922737,False
220923-E3_Out,683,9,152.31788352131844,379.3059122264385,False
220923-E3_Out,683,10,153.07928875088692,378.44715759158134,False
220923-E3_Out,684,4,240.0,359.0,True
220923-E3_Out,685,4,175.0,297.0,True
220923-E4_Out,686,3,196.0,313.0,False
220923-E4_Out,686,4,192.22237873077393,328.0396852493286,False
220923-E4_Out,686,5,191.5443513393402,327.8457749783993,False
220923-E4_Out,686,6,190.17787086963654,327.7758253291249,False
220923-E4_Out,686,7,190.20745711773634,327.2159964516759,False
220923-E4_Out,686,8,190.49550675600767,327.2273528650403,False
220923-E4_Out,686,9,190.0193829163909,326.7568844631314,False
220923-E4_Out,687,3,268.0,306.0,False
220923-E4_Out,687,4,285.14621925354004,302.7431468963623,False
220923-E4_Out,687,5,285.5434314906597,302.47998094558716,False
220923-E4_Out,687,6,285.57974930107594,302.5211552083492,False
220923-E4_Out,687,7,285.3646111637354,302.41891161352396,False
220923-E4_Out,687,8,285.23501892387867,302.2977612912655,False
220923-E4_Out,687,9,284.85161827504635,302.04962220788,False
220923-E4_Out,687,10,284.8140194863081,301.96441596001387,False
220923-E4_Out,688,3,213.0,291.0,False
220923-E4_Out,688,4,212.85471510887146,300.85199546813965,False
220923-E4_Out,688,5,212.56308329105377,300.92747125029564,False
220923-E4_Out,688,6,211.918936252594,300.52064234018326,False
220923-E4_Out,688,7,211.986166998744,300.4852015376091,False
220923-E4_Out,688,8,211.7873980551958,300.62637405097485,False
220923-E4_Out,688,9,210.8161245137453,300.99151100218296,False
220923-E4_Out,688,10,210.65181429684162,301.2085499614477,False
220923-E4_Out,689,3,217.0,338.0,False
220923-E4_Out,689,4,212.93961906433105,349.604603767395,False
220923-E4_Out,689,5,210.61555409431458,347.7834618091583,False
220923-E4_Out,689,6,208.10783743858337,347.2891382575035,False
220923-E4_Out,689,7,207.22211277484894,345.6399115920067,False
220923-E4_Out,689,8,208.0566202402115,346.13898172974586,False
220923-E4_Out,689,9,207.0091370344162,344.80152466893196,False
220923-E4_Out,689,10,207.47343108057976,343.9681387245655,False
220923-E4_Out,689,11,206.30388316512108,344.6256799399853,False
220923-E4_Out,689,12,205.73482486605644,344.1421435177326,False
220923-E4_Out,690,3,262.0,276.0,False
220923-E4_Out,690,4,272.4744052886963,264.8542356491089,False
220923-E4_Out,690,5,272.6091466099024,264.40492010116577,False
220923-E4_Out,690,6,271.5235113054514,264.2927292510867,False
220923-E4_Out,690,7,271.42103515565395,264.75979094952345,False
220923-E4_Out,690,8,271.42002815008163,264.206344358623,False
220923-E4_Out,690,9,271.8172371685505,263.8758114799857,False
220923-E4_Out,690,10,271.64467746019363,263.52316796034575,False
220923-E4_Out,691,3,292.0,272.0,False
220923-E4_Out,691,4,303.3340549468994,262.40683364868164,False
220923-E4_Out,691,5,303.3928374052048,261.63932090997696,False
220923-E4_Out,691,6,304.8530354499817,261.3651912212372,False
220923-E4_Out,691,7,305.5469627380371,262.2910063266754,False
220923-E4_Out,691,8,305.1752264201641,261.3949802517891,False
220923-E4_Out,691,9,305.01427885890007,260.95786488056183,False
220923-E4_Out,691,10,305.88322600722313,261.1053476333618,False
220923-E4_Out,692,3,251.0,285.0,False
220923-E4_Out,692,4,264.4577684402466,273.6143960952759,False
220923-E4_Out,692,5,265.17337930202484,272.3905702829361,False
220923-E4_Out,692,6,265.1536902785301,272.4045632481575,False
220923-E4_Out,692,7,264.77258136868477,273.1731834411621,False
220923-E4_Out,692,8,265.5650489628315,272.6884168982506,False
220923-E4_Out,692,9,267.58225706219673,271.756849527359,False
220923-E4_Out,692,10,267.290398478508,270.91258066892624,False
220923-E4_Out,693,3,187.0,333.0,False
220923-E4_Out,693,4,183.89394211769104,342.83563327789307,False
220923-E4_Out,693,5,182.12398087978363,342.3308627605438,False
220923-E4_Out,693,6,179.6343673467636,341.70530873537064,False
220923-E4_Out,693,7,179.62002384662628,340.85844403505325,False
220923-E4_Out,693,8,180.60723328590393,341.5598295331001,False
220923-E4_Out,693,9,180.12002983689308,340.99658715724945,False
220923-E4_Out,693,10,179.3930541574955,339.852915763855,False
220923-E4_Out,693,11,178.79436936974525,340.9328044652939,False
220923-E4_Out,694,3,241.0,262.0,False
220923-E4_Out,694,4,251.56499099731445,253.13514137268066,False
220923-E4_Out,694,5,251.6479105874896,252.34074699878693,False
220923-E4_Out,694,6,251.07894705981016,251.72960776090622,False
220923-E4_Out,694,7,249.91027378290892,251.61872098594904,False
220923-E4_Out,694,8,250.36146124452353,250.5560900941491,False
220923-E4_Out,694,9,251.0315934047103,249.12406680732965,False
220923-E4_Out,695,3,261.0,260.0,False
220923-E4_Out,695,4,266.32707023620605,252.01727771759033,False
220923-E4_Out,695,5,266.4489799812436,251.71252143383026,False
220923-E4_Out,695,6,265.9417929723859,251.3856821358204,False
220923-E4_Out,696,3,233.0,331.0,False
220923-E4_Out,696,4,230.74744629859924,340.513973236084,False
220923-E4_Out,696,5,229.91556012630463,340.24482703208923,False
220923-E4_Out,696,6,229.10664010047913,340.48861595988274,False
220923-E4_Out,696,7,228.70990172028542,339.7395458519459,False
220923-E4_Out,696,8,229.06184110045433,339.8747394233942,False
220923-E4_Out,696,9,228.87611225247383,339.4683856219053,False
220923-E4_Out,696,10,228.95226397365332,338.85313461720943,False
220923-E4_Out,696,11,228.939086265862,339.63373850286007,False
220923-E4_Out,697,3,217.0,350.0,False
220923-E4_Out,697,4,213.1168920993805,359.8597297668457,False
220923-E4_Out,697,5,212.34465408325195,359.6201778948307,False
220923-E4_Out,697,6,209.9291009902954,358.21642830967903,False
220923-E4_Out,697,7,209.2048977613449,356.7837237417698,False
220923-E4_Out,697,8,210.17180967330933,356.53958705067635,False
220923-E4_Out,697,9,209.1795173883438,354.97106924653053,False
220923-E4_Out,697,10,208.86096927523613,353.1078262627125,False
220923-E4_Out,698,3,217.0,320.0,False
220923-E4_Out,698,4,212.80945253372192,332.72632694244385,False
220923-E4_Out,698,5,211.82960748672485,332.8302398920059,False
220923-E4_Out,698,6,210.41374576091766,333.1161237359047,False
220923-E4_Out,698,7,210.0573785007,332.06498247385025,False
220923-E4_Out,698,8,210.68924662470818,332.46979108452797,False
220923-E4_Out,699,4,276.0,331.0,True
220923-E4_Out,700,4,206.0,269.0,True
220927-E10_Out,701,3,374.0,284.0,False
220927-E10_Out,701,4,372.3757528066635,299.21491146087646,False
220927-E10_Out,701,5,373.92094373703003,298.62678158283234,False
220927-E10_Out,701,6,374.1308748871088,295.9636460542679,False
220927-E10_Out,701,7,374.38135872781277,295.8143102824688,False
220927-E10_Out,701,8,374.5720434933901,295.3209905922413,False
220927-E10_Out,702,3,374.0,296.0,False
220927-E10_Out,702,4,373.3221288919449,309.1786518096924,False
220927-E10_Out,702,5,374.5996263027191,307.90811836719513,False
220927-E10_Out,702,6,376.12445759773254,307.3837197422981,False
220927-E10_Out,702,7,376.3232084661722,306.6815804243088,False
220927-E10_Out,702,8,376.8469063192606,305.9191620349884,False
220927-E10_Out,702,9,377.3647658377886,304.3329190015793,False
220927-E10_Out,702,10,378.7485800534487,303.1236242055893,False
220927-E10_Out,702,11,378.8915506750345,302.0089923143387,False
220927-E10_Out,703,3,401.0,286.0,False
220927-E10_Out,703,4,402.13177275657654,302.95965576171875,False
220927-E10_Out,703,5,403.51233172416687,302.6537585556507,False
220927-E10_Out,703,6,404.5039402246475,302.27300879359245,False
220927-E10_Out,703,7,404.63647124171257,302.0835164487362,False
220927-E10_Out,703,8,404.8609890937805,301.7164172232151,False
220927-E10_Out,703,9,405.0905431807041,300.6389996111393,False
220927-E10_Out,703,10,405.8904681503773,300.46712931990623,False
220927-E10_Out,704,3,390.0,291.0,False
220927-E10_Out,704,4,391.19248044490814,306.2284450531006,False
220927-E10_Out,704,5,393.8275822401047,305.84404093027115,False
220927-E10_Out,704,6,395.5085974931717,305.12582832574844,False
220927-E10_Out,704,7,396.28411424160004,305.1229614689946,False
220927-E10_Out,704,8,396.7463400065899,304.29638040810823,False
220927-E10_Out,704,9,397.44838413596153,302.2988416031003,False
220927-E10_Out,705,3,387.0,305.0,False
220927-E10_Out,705,4,388.7407240867615,322.066801071167,False
220927-E10_Out,705,5,390.7773337364197,322.24324056506157,False
220927-E10_Out,705,6,392.81215476989746,322.39779311418533,False
220927-E10_Out,705,7,393.78597116470337,322.51797361671925,False
220927-E10_Out,706,3,418.0,289.0,False
220927-E10_Out,706,4,421.0780830383301,309.6803150177002,False
220927-E10_Out,706,5,422.2542873620987,309.6563181132078,False
220927-E10_Out,706,6,422.9213618040085,309.5182545334101,False
220927-E10_Out,706,7,423.34346920251846,309.520708784461,False
220927-E10_Out,706,8,423.94353824853897,309.57766073197126,False
220927-E10_Out,707,3,403.0,250.0,False
220927-E10_Out,707,4,401.1421995162964,227.5051441192627,False
220927-E10_Out,707,5,401.1004890203476,226.5405861735344,False
220927-E10_Out,707,6,401.2386005818844,224.78007227182388,False
220927-E10_Out,707,7,400.5172683894634,223.944245159626,False
220927-E10_Out,707,8,400.45426158607006,223.2677908539772,False
220927-E10_Out,707,9,400.67705519497395,223.05122503638268,False
220927-E10_Out,707,10,400.4052270799875,222.75319638848305,False
220927-E10_Out,708,3,379.0,254.0,False
220927-E10_Out,708,4,372.3270320892334,238.50744247436523,False
220927-E10_Out,708,5,372.4741458594799,237.6934307217598,False
220927-E10_Out,708,6,372.3234306871891,237.24975490570068,False
220927-E10_Out,708,7,372.2650594115257,237.096514493227,False
220927-E10_Out,708,8,372.27665977180004,236.7588742673397,False
220927-E10_Out,709,3,366.0,249.0,False
220927-E10_Out,709,4,358.54266119003296,229.29646492004395,False
220927-E10_Out,709,5,358.05440267920494,227.3592231273651,False
220927-E10_Out,709,6,358.2538339793682,226.8848735690117,False
220927-E10_Out,709,7,358.66938996315,226.28714454174042,False
220927-E10_Out,710,4,351.0,268.0,True
220927-E10_Out,711,4,454.0,267.0,True
220927-E11_Out,712,3,263.0,232.0,False
220927-E11_Out,712,4,257.4106707572937,216.13425064086914,False
220927-E11_Out,712,5,258.1793978214264,215.73809504508972,False
220927-E11_Out,712,6,259.44143640995026,216.38149827718735,False
220927-E11_Out,712,7,259.882139056921,216.81354823708534,False
220927-E11_Out,712,8,259.4609994292259,216.62568709254265,False
220927-E11_Out,712,9,259.85758781433105,216.2883381843567,False
220927-E11_Out,713,3,271.0,283.0,False
220927-E11_Out,713,4,273.6052885055542,306.32119369506836,False
220927-E11_Out,713,5,275.86366963386536,310.0197536945343,False
220927-E11_Out,713,6,276.4438600540161,313.767361164093,False
220927-E11_Out,713,7,277.79758858680725,317.7600779533386,False
220927-E11_Out,713,8,280.17447996139526,320.46240639686584,False
220927-E11_Out,713,9,281.83412289619446,322.7951891422272,False
220927-E11_Out,713,10,282.6063566207886,324.6099976301193,False
220927-E11_Out,713,11,283.1835057735443,326.6371954679489,False
220927-E11_Out,714,3,285.0,273.0,False
220927-E11_Out,714,4,287.9919927120209,296.28614616394043,False
220927-E11_Out,714,5,289.6685483455658,300.4828324317932,False
220927-E11_Out,714,6,290.40047097206116,304.1657826900482,False
220927-E11_Out,714,7,291.36486053466797,306.1326004266739,False
220927-E11_Out,714,8,292.99950659275055,307.9140200614929,False
220927-E11_Out,714,9,294.67842853069305,309.9983251094818,False
220927-E11_Out,714,10,295.12571305036545,311.6876382827759,False
220927-E11_Out,715,3,263.0,262.0,False
220927-E11_Out,715,4,263.2805703282356,272.3272485733032,False
220927-E11_Out,715,5,263.78692322969437,274.7942705154419,False
220927-E11_Out,715,6,263.71998293697834,276.25297224521637,False
220927-E11_Out,715,7,264.02361096441746,277.62509882450104,False
220927-E11_Out,715,8,265.3068753629923,278.7019202709198,False
220927-E11_Out,715,9,265.81131590902805,279.5415150523186,False
220927-E11_Out,715,10,266.36778427660465,280.3437792658806,False
220927-E11_Out,716,3,276.0,229.0,False
220927-E11_Out,716,4,271.94244146347046,215.04920196533203,False
220927-E11_Out,716,5,272.42569372057915,214.51563584804535,False
220927-E11_Out,716,6,273.55696019530296,214.91558834910393,False
220927-E11_Out,716,7,273.91960912942886,215.3629437983036,False
220927-E11_Out,717,3,297.0,282.0,False
220927-E11_Out,717,4,299.79841208457947,301.6066188812256,False
220927-E11_Out,717,5,301.2235664129257,303.96039605140686,False
220927-E11_Out,717,6,302.99994802474976,306.1494653224945,False
220927-E11_Out,717,7,303.4950732886791,307.83398938179016,False
220927-E11_Out,717,8,305.2198027074337,309.1941795349121,False
220927-E11_Out,717,9,306.37106904387474,310.840167760849,False
220927-E11_Out,717,10,306.6727678477764,312.860888004303,False
220927-E11_Out,717,11,308.3338199555874,314.4183621406555,False
220927-E11_Out,718,3,309.0,231.0,False
220927-E11_Out,718,4,311.80042004585266,213.52885055541992,False
220927-E11_Out,718,5,311.9147089123726,212.81165033578873,False
220927-E11_Out,718,6,312.66043454408646,213.1515710055828,False
220927-E11_Out,718,7,312.71396131813526,213.42026349902153,False
220927-E11_Out,718,8,312.3337278217077,213.07745495438576,False
220927-E11_Out,719,3,284.0,215.0,False
220927-E11_Out,719,4,283.21476435661316,201.36615180969238,False
220927-E11_Out,719,5,283.9333493709564,200.51707929372787,False
220927-E11_Out,719,6,285.45288944244385,200.9853607416153,False
220927-E11_Out,719,7,285.88929921388626,201.96032583713531,False
220927-E11_Out,719,8,284.7276595234871,202.18057960271835,False
220927-E11_Out,719,9,285.2912332415581,201.91575068235397,False
220927-E11_Out,719,10,285.18493065238,200.8477399945259,False
220927-E11_Out,720,3,297.0,263.0,False
220927-E11_Out,720,4,303.65649604797363,281.1010112762451,False
220927-E11_Out,720,5,304.6587505340576,283.317679643631,False
220927-E11_Out,720,6,306.17389738559723,284.18161529302597,False
220927-E11_Out,720,7,306.9425139427185,285.5224913954735,False
220927-E11_Out,720,8,308.3263976573944,286.907384455204,False
220927-E11_Out,720,9,308.7909319102764,288.71593874692917,False
220927-E11_Out,720,10,308.6292356848717,289.97927886247635,False
220927-E11_Out,721,3,270.0,282.0,False
220927-E11_Out,721,4,272.37443470954895,306.59532737731934,False
220927-E11_Out,721,5,274.7269711494446,310.5811984539032,False
220927-E11_Out,721,6,275.33906602859497,314.0371744632721,False
220927-E11_Out,721,7,276.602765083313,317.8121485710144,False
220927-E11_Out,721,8,279.0751509666443,320.6535713672638,False
220927-E11_Out,721,9,280.8243374824524,323.2275769710541,False
220927-E11_Out,721,10,281.68623423576355,325.255491733551,False
220927-E11_Out,721,11,282.2129884362221,327.6452543735504,False
220927-E11_Out,722,3,291.0,236.0,False
220927-E11_Out,722,4,292.2698276042938,215.70252990722656,False
220927-E11_Out,722,5,292.3645574748516,214.718384206295,False
220927-E11_Out,722,6,292.73552319407463,215.00442466139793,False
220927-E11_Out,722,7,292.39417111873627,215.0952717140317,False
220927-E11_Out,722,8,291.50388646125793,214.78936091810465,False
220927-E11_Out,722,9,291.5283604413271,214.2206126227975,False
220927-E11_Out,722,10,290.9710863381624,213.63926980644464,False
220927-E11_Out,722,11,290.28470630943775,213.22001222521067,False
220927-E11_Out,723,3,252.0,296.0,False
220927-E11_Out,723,4,253.18925786018372,314.1953659057617,False
220927-E11_Out,723,5,254.8525013923645,317.3567740917206,False
220927-E11_Out,723,6,254.77099873125553,319.4986388683319,False
220927-E11_Out,723,7,255.58963288366795,321.2712963819504,False
220927-E11_Out,723,8,256.5888542085886,323.4262670278549,False
220927-E11_Out,723,9,258.08030654489994,324.90461814403534,False
220927-E11_Out,723,10,259.42400516569614,326.1678729057312,False
220927-E11_Out,723,11,259.28184224665165,328.1869626045227,False
220927-E11_Out,724,4,338.0,256.0,True
220927-E12_Out,726,3,84.0,296.0,False
220927-E12_Out,726,4,81.72821068763733,313.51769256591797,False
220927-E12_Out,726,5,77.77689599990845,317.7925229072571,False
220927-E12_Out,726,6,78.15601605176926,321.30888509750366,False
220927-E12_Out,726,7,78.34899413585663,324.984183549881,False
220927-E12_Out,726,8,78.94503176212311,328.69166016578674,False
220927-E12_Out,726,9,80.36242020130157,330.90685510635376,False
220927-E12_Out,726,10,80.38856466114521,335.0084390640259,False
220927-E12_Out,726,11,81.42045994102955,337.71069860458374,False
220927-E12_Out,726,12,84.24543423950672,340.66216254234314,False
220927-E12_Out,727,3,96.0,238.0,False
220927-E12_Out,727,4,92.18719267845154,216.86002922058105,False
220927-E12_Out,727,5,91.49964559078217,214.47028255462646,False
220927-E12_Out,727,6,91.44633828103542,213.05767738819122,False
220927-E12_Out,727,7,93.18050800263882,214.38617980480194,False
220927-E12_Out,727,8,96.65639816224575,216.31973159313202,False
220927-E12_Out,727,9,99.09770475327969,217.8749428987503,False
220927-E12_Out,728,3,104.0,304.0,False
220927-E12_Out,728,4,103.20868110656738,321.9733409881592,False
220927-E12_Out,728,5,100.59932851791382,329.3318181037903,False
220927-E12_Out,728,6,100.32405486702919,333.88473653793335,False
220927-E12_Out,728,7,99.70971992611885,338.0114498138428,False
220927-E12_Out,728,8,100.63562467694283,343.2470088005066,False
220927-E12_Out,728,9,101.98125949501991,344.00953686237335,False
220927-E12_Out,728,10,102.72698071599007,345.86849868297577,False
220927-E12_Out,729,3,118.0,293.0,False
220927-E12_Out,729,4,118.7092444896698,313.0576934814453,False
220927-E12_Out,729,5,118.15393459796906,315.20174860954285,False
220927-E12_Out,729,6,118.09258851408958,315.93739569187164,False
220927-E12_Out,729,7,117.68936032056808,316.58505457639694,False
220927-E12_Out,729,8,117.7633566558361,317.60029023885727,False
220927-E12_Out,729,9,118.32782062888145,318.63587921857834,False
220927-E12_Out,729,10,118.42693614959717,320.462808072567,False
220927-E12_Out,729,11,119.09235966205597,322.8106753230095,False
220927-E12_Out,729,12,118.5606153011322,325.01142424345016,False
220927-E12_Out,730,3,138.0,242.0,False
220927-E12_Out,730,4,149.49291801452637,231.38239002227783,False
220927-E12_Out,730,5,150.5699783563614,228.14033818244934,False
220927-E12_Out,730,6,152.17912542819977,226.36374831199646,False
220927-E12_Out,730,7,155.26162230968475,224.20004224777222,False
220927-E12_Out,730,8,157.52689039707184,225.35170376300812,False
220927-E12_Out,730,9,160.30366575717926,226.09834027290344,False
220927-E12_Out,730,10,162.78017508983612,225.99072032421827,False
220927-E12_Out,730,11,165.13128221035004,227.6579300686717,False
220927-E12_Out,731,3,113.0,231.0,False
220927-E12_Out,731,4,119.76946496963501,215.12330436706543,False
220927-E12_Out,731,5,120.74517488479614,207.99728870391846,False
220927-E12_Out,731,6,120.28817638754845,204.43452501296997,False
220927-E12_Out,731,7,125.44597229361534,204.91301402449608,False
220927-E12_Out,731,8,131.19004568457603,206.2600153386593,False
220927-E12_Out,731,9,132.87287482619286,207.6984734237194,False
220927-E12_Out,731,10,134.70787653326988,208.41499111056328,False
220927-E12_Out,732,3,155.0,280.0,False
220927-E12_Out,732,4,155.35333588719368,292.91905784606934,False
220927-E12_Out,732,5,158.26523712277412,298.3540153503418,False
220927-E12_Out,732,6,158.6834900379181,300.25989413261414,False
220927-E12_Out,732,7,158.7792784422636,303.7138433456421,False
220927-E12_Out,732,8,159.96754555404186,304.85084080696106,False
220927-E12_Out,732,9,159.97281424701214,307.9478132724762,False
220927-E12_Out,732,10,162.5988551825285,309.98618841171265,False
220927-E12_Out,733,3,105.0,298.0,False
220927-E12_Out,733,4,105.18060466647148,314.9424343109131,False
220927-E12_Out,733,5,100.9006926715374,325.0939836502075,False
220927-E12_Out,733,6,100.71578198671341,328.6277058124542,False
220927-E12_Out,733,7,100.44185999035835,332.9772665500641,False
220927-E12_Out,733,8,100.93793153762817,337.3480579853058,False
220927-E12_Out,733,9,102.75906050205231,339.58198165893555,False
220927-E12_Out,733,10,103.79520547389984,344.0931930541992,False
220927-E12_Out,733,11,104.39143091440201,346.9014530181885,False
220927-E12_Out,733,12,104.82171931862831,349.05361771583557,False
220927-E12_Out,734,3,138.0,287.0,False
220927-E12_Out,734,4,138.42303022742271,302.1950626373291,False
220927-E12_Out,734,5,139.73427984118462,307.5368700027466,False
220927-E12_Out,734,6,140.4836469590664,309.0205760002136,False
220927-E12_Out,734,7,140.1820595562458,311.31730794906616,False
220927-E12_Out,734,8,140.7204445898533,313.2088838815689,False
220927-E12_Out,734,9,140.99577775597572,314.6575572490692,False
220927-E12_Out,734,10,141.54067566990852,315.9564838409424,False
220927-E12_Out,734,11,143.2906223833561,317.6165623664856,False
220927-E12_Out,734,12,143.07865381240845,320.6253945827484,False
220927-E12_Out,735,3,129.0,219.0,False
220927-E12_Out,735,4,144.97549057006836,203.90380382537842,False
220927-E12_Out,735,5,146.00212359428406,198.54245519638062,False
220927-E12_Out,735,6,147.0724229812622,197.58461505174637,False
220927-E12_Out,735,7,149.78861474990845,195.93128663301468,False
220927-E12_Out,735,8,152.40705561637878,197.93086451292038,False
220927-E12_Out,735,9,155.17248511314392,198.76077657938004,False
220927-E12_Out,735,10,156.97687900066376,199.54056960344315,False
220927-E12_Out,735,11,158.89801239967346,201.45259016752243,False
220927-E12_Out,736,3,101.0,216.0,False
220927-E12_Out,736,4,99.34935104846954,197.08026695251465,False
220927-E12_Out,736,5,100.26816642284393,194.4406852722168,False
220927-E12_Out,736,6,101.7377849817276,193.54168552160263,False
220927-E12_Out,736,7,104.92987096309662,193.72199875116348,False
220927-E12_Out,736,8,109.21202743053436,194.4318568110466,False
220927-E12_Out,736,9,109.05380484461784,195.94986432790756,False
220927-E12_Out,736,10,111.32471320033073,196.48684751987457,False
220927-E12_Out,737,3,100.0,279.0,False
220927-E12_Out,737,4,100.35660710930824,296.02994537353516,False
220927-E12_Out,737,5,92.13040128350258,301.05261278152466,False
220927-E12_Out,737,6,91.56562140583992,304.7804763317108,False
220927-E12_Out,737,7,91.36607000231743,308.2532193660736,False
220927-E12_Out,737,8,90.7263180911541,311.83606147766113,False
220927-E12_Out,737,9,91.24516782164574,313.62321162223816,False
220927-E12_Out,737,10,91.27318818867207,316.7616183757782,False
220927-E12_Out,737,11,91.20488944649696,318.64323818683624,False
220927-E12_Out,737,12,91.63441005349159,319.4046765565872,False
220927-E12_Out,738,4,,,False
220927-E12_Out,738,5,,,False
220927-E12_Out,738,6,,,False
220927-E12_Out,738,7,,,False
220927-E12_Out,738,8,,,False
220927-E12_Out,738,9,,,False
220927-E12_Out,738,10,,,False
220927-E12_Out,738,11,,,False
220927-E12_Out,738,12,,,False
220927-E12_Out,740,4,172.0,277.0,True
220927-E3_Out,752,3,276.0,447.0,False
220927-E3_Out,752,4,297.1593265533447,454.7691421508789,False
220927-E3_Out,752,5,299.56694769859314,454.6189290881157,False
220927-E3_Out,752,6,300.9552356004715,453.94982266426086,False
220927-E3_Out,752,7,302.6630709171295,454.05778681486845,False
220927-E3_Out,752,8,304.03837609291077,454.03704822063446,False
220927-E3_Out,752,9,305.2560576200485,453.8899019956589,False
220927-E3_Out,752,10,305.6133100390434,452.7454357147217,False
220927-E3_Out,752,11,305.88844272494316,452.5492497384548,False
220927-E3_Out,753,3,226.0,398.0,False
220927-E3_Out,753,4,205.59232139587402,388.2556629180908,False
220927-E3_Out,753,5,205.77202913165092,388.05628073215485,False
220927-E3_Out,753,6,207.3455729186535,387.84034740924835,False
220927-E3_Out,753,7,208.77522632479668,386.7872848510742,False
220927-E3_Out,753,8,210.8478235900402,386.64362344145775,False
220927-E3_Out,753,9,212.88943216204643,386.91989186406136,False
220927-E3_Out,753,10,214.60048016905785,386.80943282693624,False
220927-E3_Out,754,3,204.0,420.0,False
220927-E3_Out,754,4,185.25393295288086,417.6482539176941,False
220927-E3_Out,754,5,185.17005223035812,416.57360577583313,False
220927-E3_Out,754,6,187.1780681014061,416.11064010858536,False
220927-E3_Out,754,7,188.83108109235764,416.2446992248297,False
220927-E3_Out,754,8,190.39727848768234,415.9238035827875,False
220927-E3_Out,755,3,229.0,414.0,False
220927-E3_Out,755,4,204.72914695739746,407.64563274383545,False
220927-E3_Out,755,5,204.11996018886566,406.8191778063774,False
220927-E3_Out,755,6,205.7552696466446,406.83564791083336,False
220927-E3_Out,755,7,207.30948901176453,406.0666746199131,False
220927-E3_Out,755,8,209.12875747680664,405.9102469086647,False
220927-E3_Out,755,9,212.48084330558777,405.7438609600067,False
220927-E3_Out,756,3,205.0,425.0,False
220927-E3_Out,756,4,189.97350978851318,424.5154282450676,False
220927-E3_Out,756,5,189.87265521287918,422.7008909583092,False
220927-E3_Out,756,6,193.2728207707405,422.18915605545044,False
220927-E3_Out,756,7,195.9650281071663,422.1190717741847,False
220927-E3_Out,756,8,197.99155408143997,421.5738835260272,False
220927-E3_Out,756,9,200.3294818997383,420.8170214816928,False
220927-E3_Out,757,3,289.0,424.0,False
220927-E3_Out,757,4,304.16919898986816,428.46896028518677,False
220927-E3_Out,757,5,306.4253113269806,426.9961769580841,False
220927-E3_Out,757,6,308.68393301963806,425.8977493047714,False
220927-E3_Out,757,7,310.10996675491333,423.76056921482086,False
220927-E3_Out,757,8,312.1159915924072,422.6870365142822,False
220927-E3_Out,757,9,313.6235536336899,421.20918595790863,False
220927-E3_Out,758,3,305.0,440.0,False
220927-E3_Out,758,4,335.1437740325928,445.8756856918335,False
220927-E3_Out,758,5,335.8433393239975,445.3759827017784,False
220927-E3_Out,758,6,335.60143479704857,444.1804239153862,False
220927-E3_Out,758,7,336.69374069571495,444.1221797540784,False
220927-E3_Out,758,8,338.1953175961971,444.2598476484418,False
220927-E3_Out,758,9,338.83513817191124,443.7626046612859,False
220927-E3_Out,759,3,289.0,413.0,False
220927-E3_Out,759,4,320.7828826904297,419.27902841567993,False
220927-E3_Out,759,5,322.78445529937744,418.1641651391983,False
220927-E3_Out,759,6,324.40525019168854,418.0781249329448,False
220927-E3_Out,759,7,325.605544090271,416.72026544064283,False
220927-E3_Out,759,8,328.09059381484985,415.5504671856761,False
220927-E3_Out,759,9,329.5095571279526,414.64105378836393,False
220927-E3_Out,760,3,279.0,434.0,False
220927-E3_Out,760,4,293.68922328948975,438.5896348953247,False
220927-E3_Out,760,5,295.57858741283417,437.66781812906265,False
220927-E3_Out,760,6,296.7493065595627,436.6219316124916,False
220927-E3_Out,760,7,297.9588540792465,435.31950587034225,False
220927-E3_Out,760,8,299.59061086177826,434.6955249905586,False
220927-E3_Out,761,3,216.0,430.0,False
220927-E3_Out,761,4,196.59257125854492,432.25263381004333,False
220927-E3_Out,761,5,196.58365270495415,431.77607893943787,False
220927-E3_Out,761,6,197.13587000966072,431.3656943142414,False
220927-E3_Out,761,7,197.90665593743324,430.9309684932232,False
220927-E3_Out,761,8,198.75452426075935,430.31767496466637,False
220927-E3_Out,761,9,199.58861735463142,429.7465367615223,False
220927-E3_Out,761,10,201.29224327206612,429.16202250123024,False
220927-E3_Out,761,11,201.78337574005127,428.57470229268074,False
220927-E3_Out,762,3,275.0,451.0,False
220927-E3_Out,762,4,290.4462699890137,458.4403429031372,False
220927-E3_Out,762,5,291.62686836719513,458.61015060544014,False
220927-E3_Out,762,6,292.8546642065048,457.88124588131905,False
220927-E3_Out,762,7,294.6767477989197,458.1857513487339,False
220927-E3_Out,762,8,296.6656628847122,458.16393649578094,False
220927-E3_Out,762,9,298.15469217300415,457.89879989624023,False
220927-E3_Out,762,10,298.98341369628906,456.62629294395447,False
220927-E3_Out,762,11,300.27208864688873,456.1750103235245,False
220927-E3_Out,763,3,305.0,440.0,False
220927-E3_Out,763,4,335.1437740325928,445.8756856918335,False
220927-E3_Out,763,5,335.8433393239975,445.3759827017784,False
220927-E3_Out,763,6,335.60143479704857,444.1804239153862,False
220927-E3_Out,763,7,336.69374069571495,444.1221797540784,False
220927-E3_Out,763,8,338.1953175961971,444.2598476484418,False
220927-E3_Out,763,9,338.83513817191124,443.7626046612859,False
220927-E3_Out,765,4,245.0,475.0,True
220927-E6_Out,766,3,446.0,355.0,False
220927-E6_Out,766,4,464.8052558898926,342.28454399108887,False
220927-E6_Out,766,5,466.18690633773804,342.6367390155792,False
220927-E6_Out,766,6,467.12402760982513,342.462070196867,False
220927-E6_Out,766,7,467.6056888997555,341.8507631123066,False
220927-E6_Out,766,8,468.40834364295006,341.3048906028271,False
220927-E6_Out,767,3,426.0,392.0,False
220927-E6_Out,767,4,425.33725559711456,409.6313877105713,False
220927-E6_Out,767,5,426.4249345064163,407.9936100244522,False
220927-E6_Out,767,6,426.57231126725674,406.24400067329407,False
220927-E6_Out,767,7,427.3059506267309,408.3271324634552,False
220927-E6_Out,767,8,428.69386683404446,409.80390989780426,False
220927-E6_Out,767,9,430.5363000482321,410.9614222049713,False
220927-E6_Out,768,3,378.0,362.0,False
220927-E6_Out,768,4,375.8610064983368,372.6053457260132,False
220927-E6_Out,768,5,376.10140907764435,372.189184486866,False
220927-E6_Out,769,3,444.0,341.0,False
220927-E6_Out,769,4,457.52352809906006,325.02313327789307,False
220927-E6_Out,769,5,458.58541762828827,324.9175164178014,False
220927-E6_Out,769,6,459.64471912384033,324.22020656615496,False
220927-E6_Out,769,7,460.3679530620575,324.05411920696497,False
220927-E6_Out,769,8,460.5869599878788,323.07058135420084,False
220927-E6_Out,769,9,461.3111779987812,323.2177258506417,False
220927-E6_Out,769,10,462.12496331334114,322.95825535804033,False
220927-E6_Out,769,11,463.13527753949165,322.4169398024678,False
220927-E6_Out,769,12,464.2401447594166,322.8517776206136,False
220927-E6_Out,770,3,396.0,370.0,False
220927-E6_Out,770,4,398.7117643356323,388.8233757019043,False
220927-E6_Out,770,5,398.83070646226406,387.8695527911186,False
220927-E6_Out,770,6,398.38647116720676,387.17441952228546,False
220927-E6_Out,770,7,398.3256773352623,388.07981169223785,False
220927-E6_Out,770,8,396.64934009313583,390.0030423402786,False
220927-E6_Out,770,9,396.7089832946658,391.24793791770935,False
220927-E6_Out,770,10,397.2352161332965,390.57296591997147,False
220927-E6_Out,770,11,398.30445574969053,391.2488107085228,False
220927-E6_Out,770,12,397.95161839574575,389.6252368092537,False
220927-E6_Out,771,3,409.0,329.0,False
220927-E6_Out,771,4,415.19273853302,314.40477752685547,False
220927-E6_Out,771,5,415.2708279937506,313.7010658979416,False
220927-E6_Out,771,6,415.6824466139078,313.55668929219246,False
220927-E6_Out,771,7,416.1277671903372,313.7756208181381,False
220927-E6_Out,771,8,416.3403693586588,311.8511930704117,False
220927-E6_Out,771,9,417.428129568696,312.531410574913,False
220927-E6_Out,771,10,418.1810650974512,312.03970873355865,False
220927-E6_Out,772,3,415.0,331.0,False
220927-E6_Out,772,4,418.8711721897125,318.9733934402466,False
220927-E6_Out,773,3,397.0,325.0,False
220927-E6_Out,773,4,405.0575590133667,304.6929244995117,False
220927-E6_Out,773,5,405.7232652902603,304.0364046096802,False
220927-E6_Out,774,3,443.0,338.0,False
220927-E6_Out,774,4,454.744158744812,318.1568546295166,False
220927-E6_Out,774,5,456.43313205242157,317.9945312142372,False
220927-E6_Out,774,6,457.6258405447006,316.70304971933365,False
220927-E6_Out,774,7,458.67937767505646,316.9726780653,False
220927-E6_Out,774,8,459.416872382164,315.1498680114746,False
220927-E6_Out,774,9,460.7117419242859,315.6036383807659,False
220927-E6_Out,775,4,447.0,381.0,True
220927-E6_Out,776,4,374.0,338.0,True
220927-E7_Out,777,3,168.0,361.0,False
220927-E7_Out,777,4,173.48044061660767,368.6068420410156,False
220927-E7_Out,777,5,173.12781795859337,368.4796322286129,False
220927-E7_Out,777,6,172.5994252860546,368.2371495068073,False
220927-E7_Out,777,7,172.24256712198257,368.7404887974262,False
220927-E7_Out,778,3,190.0,350.0,False
220927-E7_Out,778,4,199.2328109741211,358.45463466644287,False
220927-E7_Out,778,5,198.91528871655464,358.21575593948364,False
220927-E7_Out,778,6,198.1045950949192,357.5525150299072,False
220927-E7_Out,778,7,198.12020537257195,357.5623318478465,False
220927-E7_Out,778,8,197.63356870412827,357.243285946548,False
220927-E7_Out,778,9,197.60973399877548,357.1884430795908,False
220927-E7_Out,779,3,136.0,310.0,False
220927-E7_Out,779,4,122.97033309936523,299.29494285583496,False
220927-E7_Out,779,5,123.44511970877647,298.58767652511597,False
220927-E7_Out,779,6,123.49202322214842,297.253360748291,False
220927-E7_Out,779,7,122.8512067720294,296.30942100286484,False
220927-E7_Out,779,8,122.72433715313673,295.1744677424431,False
220927-E7_Out,779,9,122.49182256311178,294.3937198519707,False
220927-E7_Out,779,10,122.41713295131922,293.8451439142227,False
220927-E7_Out,780,3,150.0,302.0,False
220927-E7_Out,780,4,140.13067626953125,292.96225452423096,False
220927-E7_Out,780,5,140.66857892274857,292.5667832791805,False
220927-E7_Out,780,6,140.91363912820816,291.8399097621441,False
220927-E7_Out,780,7,140.0181409716606,290.3365621268749,False
220927-E7_Out,780,8,140.16921232640743,289.76969942450523,False
220927-E7_Out,780,9,140.15592516958714,288.87738463282585,False
220927-E7_Out,780,10,139.49556566774845,287.88439002633095,False
220927-E7_Out,781,3,164.0,311.0,False
220927-E7_Out,781,4,147.11231231689453,298.98119735717773,False
220927-E7_Out,781,5,147.84842133522034,298.48389863967896,False
220927-E7_Out,781,6,148.0108201801777,297.89594531059265,False
220927-E7_Out,781,7,146.61164703965187,295.72099781036377,False
220927-E7_Out,781,8,147.02633315324783,294.6318289041519,False
220927-E7_Out,781,9,147.77487927675247,292.8721525669098,False
220927-E7_Out,782,3,189.0,353.0,False
220927-E7_Out,782,4,197.58695888519287,361.5515356063843,False
220927-E7_Out,782,5,197.2949744462967,361.3574549853802,False
220927-E7_Out,782,6,196.70353996753693,361.00921896100044,False
220927-E7_Out,782,7,196.64389376342297,360.9760552868247,False
220927-E7_Out,782,8,196.34222190082073,360.87650556862354,False
220927-E7_Out,783,3,145.0,329.0,False
220927-E7_Out,783,4,130.74658298492432,319.3845043182373,False
220927-E7_Out,783,5,131.0617133975029,318.99857795238495,False
220927-E7_Out,783,6,131.18828210234642,317.86194109916687,False
220927-E7_Out,783,7,130.292739123106,316.6033228635788,False
220927-E7_Out,783,8,130.08827674388885,316.22808972001076,False
220927-E7_Out,783,9,129.72654542326927,314.1756013929844,False
220927-E7_Out,783,10,128.60383567214012,312.0320500433445,False
220927-E7_Out,783,11,129.25698670744896,311.4662127792835,False
220927-E7_Out,784,3,199.0,330.0,False
220927-E7_Out,784,4,217.0466365814209,339.48128509521484,False
220927-E7_Out,784,5,216.50586092472076,339.050059735775,False
220927-E7_Out,784,6,215.8596075773239,337.91639894247055,False
220927-E7_Out,784,7,215.96836851537228,337.6915673613548,False
220927-E7_Out,784,8,215.40712581574917,337.2955039739609,False
220927-E7_Out,784,9,215.1123347133398,337.16296207904816,False
220927-E7_Out,784,10,214.9350709170103,337.00317829847336,False
220927-E7_Out,785,4,141.0,362.0,True
220927-E7_Out,786,4,195.0,295.0,True
220927-E8_Out,787,3,454.0,212.0,False
220927-E8_Out,787,4,464.0070447921753,219.27985000610352,False
220927-E8_Out,787,5,463.88918510079384,218.84457737207413,False
220927-E8_Out,787,6,464.2673390805721,219.06320974230766,False
220927-E8_Out,787,7,464.37232537567616,218.6942498087883,False
220927-E8_Out,787,8,464.3423234075308,218.34160727262497,False
220927-E8_Out,787,9,464.9900008291006,218.50105552375317,False
220927-E8_Out,788,3,407.0,153.0,False
220927-E8_Out,788,4,396.0344476699829,138.64059257507324,False
220927-E8_Out,788,5,396.74916660785675,138.80062831938267,False
220927-E8_Out,788,6,396.7583211809397,137.63938070833683,False
220927-E8_Out,788,7,396.0054118782282,137.94638569653034,False
220927-E8_Out,788,8,397.2167105823755,138.1401445120573,False
220927-E8_Out,789,3,385.0,184.0,False
220927-E8_Out,789,4,362.8416576385498,177.36630964279175,False
220927-E8_Out,789,5,362.01036047935486,177.20780789852142,False
220927-E8_Out,789,6,361.6081798374653,176.96772021055222,False
220927-E8_Out,789,7,361.6777836754918,176.66254031658173,False
220927-E8_Out,789,8,361.5301306322217,176.14426600933075,False
220927-E8_Out,789,9,361.4306052699685,175.70308077335358,False
220927-E8_Out,790,3,427.0,228.0,False
220927-E8_Out,790,4,437.2179546356201,237.00999641418457,False
220927-E8_Out,790,5,437.4003819823265,235.0762391090393,False
220927-E8_Out,790,6,437.22678515315056,235.0129073932767,False
220927-E8_Out,790,7,437.7058567404747,234.43028599768877,False
220927-E8_Out,790,8,436.16728287935257,233.77126891165972,False
220927-E8_Out,790,9,436.74670946598053,234.12920454889536,False
220927-E8_Out,791,3,394.0,162.0,False
220927-E8_Out,791,4,379.8264846801758,148.56951236724854,False
220927-E8_Out,791,5,380.06461119651794,147.80103236436844,False
220927-E8_Out,791,6,379.58532348275185,146.44531780481339,False
220927-E8_Out,791,7,378.86346474289894,145.97463577985764,False
220927-E8_Out,791,8,380.32118633389473,147.21289712190628,False
220927-E8_Out,792,3,378.0,211.0,False
220927-E8_Out,792,4,364.04828548431396,206.65006351470947,False
220927-E8_Out,792,5,362.353329539299,206.27195164561272,False
220927-E8_Out,792,6,361.9150789678097,205.38736364245415,False
220927-E8_Out,792,7,361.52585929632187,204.6018992960453,False
220927-E8_Out,792,8,361.68888315558434,203.3619729578495,False
220927-E8_Out,792,9,361.7111445069313,202.49317774176598,False
220927-E8_Out,793,3,377.0,169.0,False
220927-E8_Out,793,4,362.896071434021,160.84117317199707,False
220927-E8_Out,793,5,362.2010563611984,160.5962094962597,False
220927-E8_Out,793,6,361.46488440036774,159.28770527243614,False
220927-E8_Out,793,7,361.82705360651016,158.8566201031208,False
220927-E8_Out,793,8,361.3828558623791,158.92827458679676,False
220927-E8_Out,794,3,431.0,238.0,False
220927-E8_Out,794,4,440.79108905792236,247.441011428833,False
220927-E8_Out,794,5,440.84058509022,245.95973229408264,False
220927-E8_Out,794,6,440.78974088281393,245.70402491092682,False
220927-E8_Out,794,7,441.0815330669284,244.9426652789116,False
220927-E8_Out,794,8,439.7881957218051,244.4946729540825,False
220927-E8_Out,795,3,432.0,211.0,False
220927-E8_Out,795,4,449.80759048461914,226.3538579940796,False
220927-E8_Out,795,5,449.7040818333626,225.49489265680313,False
220927-E8_Out,795,6,449.85398392379284,226.06229293346405,False
220927-E8_Out,795,7,450.2121673077345,225.6015031337738,False
220927-E8_Out,795,8,449.83218218386173,224.84276169538498,False
220927-E8_Out,795,9,450.6538369804621,225.62577295303345,False
220927-E8_Out,796,3,393.0,147.0,False
220927-E8_Out,796,4,380.73424243927,132.09062957763672,False
220927-E8_Out,796,5,383.4254801273346,132.49789801239967,False
220927-E8_Out,796,6,382.73625206947327,131.0015540421009,False
220927-E8_Out,796,7,381.45863020420074,131.45757234096527,False
220927-E8_Out,796,8,383.0873248577118,131.06541660428047,False
220927-E8_Out,797,3,445.0,217.0,False
220927-E8_Out,797,4,459.1114387512207,228.4806365966797,False
220927-E8_Out,797,5,459.0482129305601,227.11810529232025,False
220927-E8_Out,797,6,459.08183935284615,227.89390289783478,False
220927-E8_Out,797,7,459.95439460873604,227.62913647294044,False
220927-E8_Out,797,8,459.45852702856064,226.63024672865868,False
220927-E8_Out,797,9,460.11410504579544,226.94442453980446,False
220927-E8_Out,798,3,442.0,203.0,False
220927-E8_Out,798,4,461.1864833831787,218.02844619750977,False
220927-E8_Out,798,5,460.8358741104603,217.30600363016129,False
220927-E8_Out,798,6,461.50157085061073,217.90049475431442,False
220927-E8_Out,798,7,461.52659580111504,217.2319494485855,False
220927-E8_Out,798,8,461.53056168556213,216.74850404262543,False
220927-E8_Out,798,9,462.82052659988403,217.29559141397476,False
220927-E8_Out,798,10,462.6624484658241,216.6388105750084,False
220927-E8_Out,798,11,463.5094469189644,216.92489182949066,False
220927-E8_Out,799,3,382.0,184.0,False
220927-E8_Out,799,4,361.06201362609863,177.6718144416809,False
220927-E8_Out,799,5,360.310404419899,177.5388806462288,False
220927-E8_Out,799,6,360.0489617586136,177.3363232910633,False
220927-E8_Out,799,7,360.1053133010864,177.0598664879799,False
220927-E8_Out,799,8,359.91626447439194,176.55495643615723,False
220927-E8_Out,800,3,458.0,189.0,False
220927-E8_Out,800,4,472.7331352233887,197.59211921691895,False
220927-E8_Out,800,5,471.92805445194244,196.43507254123688,False
220927-E8_Out,800,6,473.2046239376068,196.6313380897045,False
220927-E8_Out,800,7,473.7012260556221,195.98925986886024,False
220927-E8_Out,800,8,474.68124002218246,196.1377051472664,False
220927-E8_Out,800,9,476.6053139567375,196.58802142739296,False
220927-E8_Out,800,10,476.7382241487503,195.77224442362785,False
220927-E8_Out,800,11,478.20904898643494,195.7703933492303,False
220927-E8_Out,801,3,470.0,212.0,False
220927-E8_Out,801,4,482.7727403640747,219.3107361793518,False
220927-E8_Out,801,5,482.4084536731243,218.763587474823,False
220927-E8_Out,801,6,483.0949989259243,219.10839813947678,False
220927-E8_Out,801,7,483.5594470202923,218.9231264591217,False
220927-E8_Out,801,8,483.70633694529533,218.44632625579834,False
220927-E8_Out,801,9,484.3239895403385,218.26435336470604,False
220927-E8_Out,802,4,451.0,152.0,True
220927-E8_Out,803,4,383.0,234.0,True
220927-E9_Out,804,3,139.0,234.0,False
220927-E9_Out,804,4,138.74823254346848,241.80385780334473,False
220927-E9_Out,804,5,138.62201431393623,241.66312077641487,False
220927-E9_Out,804,6,138.52274391055107,241.57248444110155,False
220927-E9_Out,804,7,138.36446914076805,241.44974310696125,False
220927-E9_Out,804,8,138.22882226109505,241.43666125833988,False
220927-E9_Out,804,9,137.7953775525093,241.06879250705242,False
220927-E9_Out,804,10,137.57328328490257,240.852657482028,False
220927-E9_Out,805,3,153.0,194.0,False
220927-E9_Out,805,4,150.07837009429932,183.80554008483887,False
220927-E9_Out,805,5,149.7159843146801,183.66766822338104,False
220927-E9_Out,805,6,149.57063454389572,183.51489126682281,False
220927-E9_Out,805,7,149.38416481018066,183.2236933708191,False
220927-E9_Out,806,3,129.0,207.0,False
220927-E9_Out,806,4,126.83650946617126,198.3064603805542,False
220927-E9_Out,806,5,126.75182908773422,198.29192476719618,False
220927-E9_Out,806,6,126.62922823429108,198.27690593153238,False
220927-E9_Out,806,7,126.6002854257822,198.19357803463936,False
220927-E9_Out,806,8,126.60156375169754,198.17325308173895,False
220927-E9_Out,807,3,174.0,240.0,False
220927-E9_Out,807,4,177.45043754577637,245.98926639556885,False
220927-E9_Out,807,5,177.33426532149315,246.19391790032387,False
220927-E9_Out,807,6,177.22812747955322,246.1865444779396,False
220927-E9_Out,807,7,177.20488764345646,246.07565899938345,False
220927-E9_Out,807,8,176.99690534174442,246.23312389105558,False
220927-E9_Out,807,9,177.2842124849558,245.6370082423091,False
220927-E9_Out,808,3,138.0,249.0,False
220927-E9_Out,808,4,137.83879020810127,256.73865032196045,False
220927-E9_Out,808,5,137.75711189210415,256.27930241823196,False
220927-E9_Out,808,6,137.84451553225517,256.1986087486148,False
220927-E9_Out,808,7,137.68962907791138,255.8578871116042,False
220927-E9_Out,808,8,137.46601516008377,255.58733730763197,False
220927-E9_Out,808,9,137.05562314391136,255.53651724755764,False
220927-E9_Out,808,10,136.49347838759422,255.09877036511898,False
220927-E9_Out,809,3,168.0,250.0,False
220927-E9_Out,809,4,170.32683420181274,257.8583779335022,False
220927-E9_Out,809,5,170.5821075439453,257.71685975790024,False
220927-E9_Out,809,6,170.65599796175957,257.6492428407073,False
220927-E9_Out,809,7,170.3259057700634,257.31328102201223,False
220927-E9_Out,809,8,169.973451256752,257.39676536619663,False
220927-E9_Out,809,9,170.0839416384697,257.0794208496809,False
220927-E9_Out,810,3,156.0,239.0,False
220927-E9_Out,810,4,157.32190108299255,246.36639595031738,False
220927-E9_Out,810,5,157.28468246757984,246.21570217609406,False
220927-E9_Out,810,6,157.21080577373505,246.06365260481834,False
220927-E9_Out,810,7,157.03916972875595,245.87463814020157,False
220927-E9_Out,810,8,156.84684923291206,245.78616670519114,False
220927-E9_Out,810,9,156.87302227318287,245.71011358499527,False
220927-E9_Out,811,3,121.0,235.0,False
220927-E9_Out,811,4,123.08005166053772,241.7262043952942,False
220927-E9_Out,811,5,122.85397335886955,241.49567386507988,False
220927-E9_Out,811,6,122.76423215866089,241.30616462230682,False
220927-E9_Out,811,7,122.45932957530022,240.99592924118042,False
220927-E9_Out,811,8,122.61012023687363,241.1591008901596,False
220927-E9_Out,812,3,176.0,193.0,False
220927-E9_Out,812,4,175.419464468956,183.9723768234253,False
220927-E9_Out,812,5,175.19801020622253,182.39512300491333,False
220927-E9_Out,812,6,175.14295753836632,182.66423258185387,False
220927-E9_Out,812,7,175.09269613027573,182.08123037219048,False
220927-E9_Out,812,8,174.85631582140923,182.1271989941597,False
220927-E9_Out,812,9,174.34950265288353,181.77181151509285,False
220927-E9_Out,813,3,141.0,184.0,False
220927-E9_Out,813,4,138.55007243156433,176.06952571868896,False
220927-E9_Out,813,5,138.31578397750854,176.2842474281788,False
220927-E9_Out,813,6,138.46032153069973,176.1461454629898,False
220927-E9_Out,813,7,138.55983313173056,175.92441016435623,False
220927-E9_Out,813,8,138.34263371676207,176.01105234771967,False
220927-E9_Out,814,3,109.0,203.0,False
220927-E9_Out,814,4,108.82224038243294,194.72570323944092,False
220927-E9_Out,814,5,108.61508178710938,194.81628610938787,False
220927-E9_Out,814,6,108.85993164777756,194.86024373024702,False
220927-E9_Out,814,7,108.75850659608841,194.77445907890797,False
220927-E9_Out,815,4,72.0,221.0,True
220927-E9_Out,816,4,189.0,222.0,True
221004-E14_Out,817,3,353.0,248.0,False
221004-E14_Out,817,4,367.65343952178955,229.18776321411133,False
221004-E14_Out,817,5,367.6045127213001,227.99308919906616,False
221004-E14_Out,817,6,367.59692764282227,226.0180425643921,False
221004-E14_Out,817,7,367.3958688676357,223.82371163368225,False
221004-E14_Out,817,8,367.11394825577736,222.71008718013763,False
221004-E14_Out,817,9,367.33902026712894,222.02517879009247,False
221004-E14_Out,818,3,299.0,320.0,False
221004-E14_Out,818,4,297.3429797887802,336.2507019042969,False
221004-E14_Out,818,5,296.59706699848175,336.6669478714466,False
221004-E14_Out,818,6,296.2680649757385,337.25863930583,False
221004-E14_Out,818,7,297.447252035141,336.52964720129967,False
221004-E14_Out,818,8,296.7951748371124,335.95365396142006,False
221004-E14_Out,818,9,295.6490272283554,335.25561276078224,False
221004-E14_Out,819,3,352.0,267.0,False
221004-E14_Out,819,4,367.2992868423462,255.9523229598999,False
221004-E14_Out,819,5,367.02940502762794,255.21324634552002,False
221004-E14_Out,819,6,366.9630545079708,253.91369318962097,False
221004-E14_Out,819,7,366.49068850278854,252.22815775871277,False
221004-E14_Out,819,8,365.99101892113686,251.6367380619049,False
221004-E14_Out,819,9,365.86099675297737,250.91952335834503,False
221004-E14_Out,819,10,365.446929872036,249.98155611753464,False
221004-E14_Out,819,11,365.4000185728073,249.2722254395485,False
221004-E14_Out,819,12,365.24457946419716,248.5263060927391,False
221004-E14_Out,820,3,334.0,256.0,False
221004-E14_Out,820,4,343.6823205947876,232.49004364013672,False
221004-E14_Out,820,5,343.31587317585945,228.06950998306274,False
221004-E14_Out,820,6,344.09918835759163,223.8456358909607,False
221004-E14_Out,820,7,343.7803792953491,221.52051639556885,False
221004-E14_Out,820,8,342.4397988319397,218.77981400489807,False
221004-E14_Out,820,9,342.71751630306244,217.04985904693604,False
221004-E14_Out,820,10,341.1148382425308,214.3983542919159,False
221004-E14_Out,821,3,317.0,313.0,False
221004-E14_Out,821,4,318.6264991760254,335.53324127197266,False
221004-E14_Out,821,5,319.01628291606903,336.0813563466072,False
221004-E14_Out,821,6,318.26931488513947,336.97699385881424,False
221004-E14_Out,821,7,319.119894862175,336.92254158109426,False
221004-E14_Out,821,8,319.08764408528805,336.86407916247845,False
221004-E14_Out,821,9,319.18497125804424,336.2163504809141,False
221004-E14_Out,821,10,318.1159292906523,334.5180902928114,False
221004-E14_Out,821,11,317.82722975313663,333.74370877444744,False
221004-E14_Out,821,12,317.679355725646,332.9487739652395,False
221004-E14_Out,823,3,319.0,251.0,False
221004-E14_Out,823,4,318.4596281051636,223.22889137268066,False
221004-E14_Out,823,5,317.3890805244446,220.09254002571106,False
221004-E14_Out,823,6,317.756462007761,214.658921957016,False
221004-E14_Out,823,7,316.8983774483204,211.76108026504517,False
221004-E14_Out,823,8,317.8062520325184,210.27353405952454,False
221004-E14_Out,823,9,316.97659507393837,207.61953926086426,False
221004-E14_Out,823,10,315.6762160360813,205.853257894516,False
221004-E14_Out,824,3,353.0,332.0,False
221004-E14_Out,824,4,354.58937203884125,342.9738664627075,False
221004-E14_Out,824,5,354.112968057394,343.0762240886688,False
221004-E14_Out,824,6,354.3171945512295,343.8785265684128,False
221004-E14_Out,824,7,354.2860601246357,343.181181371212,False
221004-E14_Out,824,8,353.0514223873615,342.9857531785965,False
221004-E14_Out,824,9,352.76255163550377,342.3268998861313,False
221004-E14_Out,824,10,351.9637685716152,341.5343677997589,False
221004-E14_Out,824,11,352.15866431593895,340.85576272010803,False
221004-E14_Out,825,4,288.0,279.0,True
221004-E14_Out,826,4,405.0,298.0,True
221004-E15_Out,827,3,379.0,326.0,False
221004-E15_Out,827,4,386.56253147125244,334.18511962890625,False
221004-E15_Out,827,5,386.20545491576195,333.98320710659027,False
221004-E15_Out,827,6,386.0536057651043,333.8337046802044,False
221004-E15_Out,827,7,386.0157064497471,333.737355671823,False
221004-E15_Out,827,8,385.32308319211006,333.07144095748663,False
221004-E15_Out,827,9,385.5234509855509,332.9076836630702,False
221004-E15_Out,827,10,385.429914444685,333.0864853039384,False
221004-E15_Out,828,3,357.0,345.0,False
221004-E15_Out,828,4,362.9758348464966,355.4775638580322,False
221004-E15_Out,828,5,362.7261551618576,355.3814838901162,False
221004-E15_Out,828,6,362.51177057623863,355.20920703560114,False
221004-E15_Out,828,7,362.4815303981304,355.1424802839756,False
221004-E15_Out,828,8,362.40304884314537,354.78973042964935,False
221004-E15_Out,828,9,362.35219137370586,354.7517926096916,False
221004-E15_Out,828,10,362.5153947174549,354.81447548419237,False
221004-E15_Out,829,3,336.0,367.0,False
221004-E15_Out,829,4,340.3579144477844,374.4730486869812,False
221004-E15_Out,829,5,340.43705304712057,374.25012239813805,False
221004-E15_Out,829,6,340.4638879969716,374.2001950368285,False
221004-E15_Out,830,3,338.0,379.0,False
221004-E15_Out,830,4,341.8471953868866,387.24178886413574,False
221004-E15_Out,830,5,342.1014049053192,387.209934450686,False
221004-E15_Out,830,6,342.14809610694647,387.27545616030693,False
221004-E15_Out,830,7,342.2837330624461,386.19149896502495,False
221004-E15_Out,830,8,342.21600023657084,385.54045554995537,False
221004-E15_Out,830,9,342.344712279737,385.02535942196846,False
221004-E15_Out,830,10,341.6181328520179,384.6940168440342,False
221004-E15_Out,830,11,341.2845445200801,383.53161135315895,False
221004-E15_Out,831,3,311.0,311.0,False
221004-E15_Out,831,4,306.50581073760986,303.25775146484375,False
221004-E15_Out,831,5,306.33606177568436,303.1359363421798,False
221004-E15_Out,831,6,306.17360123991966,303.04202577471733,False
221004-E15_Out,831,7,306.0841888934374,302.94286196678877,False
221004-E15_Out,831,8,305.7396959811449,302.61695643514395,False
221004-E15_Out,831,9,305.8650105148554,302.5299136042595,False
221004-E15_Out,832,3,325.0,303.0,False
221004-E15_Out,832,4,320.2399182319641,296.2150926589966,False
221004-E15_Out,832,5,320.0494205355644,296.12532488256693,False
221004-E15_Out,832,6,319.785785228014,295.89146987348795,False
221004-E15_Out,832,7,319.8059192150831,295.9052930921316,False
221004-E15_Out,832,8,319.4448099285364,295.50771225988865,False
221004-E15_Out,832,9,319.83185888826847,295.6622497588396,False
221004-E15_Out,833,3,347.0,287.0,False
221004-E15_Out,833,4,343.104608297348,281.6237359046936,False
221004-E15_Out,833,5,342.70567920804024,281.48199793696404,False
221004-E15_Out,833,6,342.5399522781372,281.38041280955076,False
221004-E15_Out,833,7,342.00938534736633,281.1867356225848,False
221004-E15_Out,833,8,341.91002464294434,281.0374471768737,False
221004-E15_Out,833,9,341.6361689567566,280.87903233617544,False
221004-E15_Out,834,3,358.0,344.0,False
221004-E15_Out,834,4,364.8747663497925,354.91809463500977,False
221004-E15_Out,834,5,364.64074301719666,354.83092879503965,False
221004-E15_Out,834,6,364.48081561923027,354.6904034540057,False
221004-E15_Out,834,7,364.4011411368847,354.5917662680149,False
221004-E15_Out,835,3,356.0,369.0,False
221004-E15_Out,835,4,362.0485038757324,378.859450340271,False
221004-E15_Out,835,5,361.9498944878578,378.62738114595413,False
221004-E15_Out,835,6,361.611901730299,378.1141088604927,False
221004-E15_Out,835,7,361.8750655949116,377.71310034394264,False
221004-E15_Out,835,8,361.76675164699554,377.4111481308937,False
221004-E15_Out,835,9,361.768375903368,377.04521429538727,False
221004-E15_Out,836,3,311.0,325.0,False
221004-E15_Out,836,4,304.2472081184387,316.91663551330566,False
221004-E15_Out,836,5,303.98487862944603,316.4376601576805,False
221004-E15_Out,836,6,303.11086401343346,316.13444489240646,False
221004-E15_Out,836,7,302.9059202969074,316.1131620928645,False
221004-E15_Out,836,8,301.82584896683693,314.6569297835231,False
221004-E15_Out,836,9,303.34642019867897,315.448888592422,False
221004-E15_Out,836,10,302.46669843792915,314.67383586615324,False
221004-E15_Out,836,11,302.49235524237156,314.88339065760374,False
221004-E15_Out,838,4,291.0,369.0,True
221004-E5_Out,839,3,412.0,353.0,False
221004-E5_Out,839,4,431.3939609527588,346.87041902542114,False
221004-E5_Out,839,5,432.57277274131775,347.27232453227043,False
221004-E5_Out,840,3,429.0,346.0,False
221004-E5_Out,840,4,452.7066230773926,340.98170042037964,False
221004-E5_Out,840,5,453.1880911886692,341.23272347450256,False
221004-E5_Out,840,6,453.0395753085613,340.7141265273094,False
221004-E5_Out,840,7,452.7257935702801,340.239927649498,False
221004-E5_Out,840,8,452.8719172626734,340.2060849741101,False
221004-E5_Out,841,3,368.0,382.0,False
221004-E5_Out,841,3,363.0,391.0,False
221004-E5_Out,841,3,368.0,382.0,False
221004-E5_Out,841,3,363.0,391.0,False
221004-E5_Out,841,4,354.3218116760254,387.8321051597595,False
221004-E5_Out,841,4,347.69331645965576,401.8671579360962,False
221004-E5_Out,841,4,354.3218116760254,387.8321051597595,False
221004-E5_Out,841,4,347.69331645965576,401.8671579360962,False
221004-E5_Out,841,5,353.93480709195137,387.4850040972233,False
221004-E5_Out,841,5,347.16030502319336,401.02619755268097,False
221004-E5_Out,841,5,353.93480709195137,387.4850040972233,False
221004-E5_Out,841,5,347.16030502319336,401.02619755268097,False
221004-E5_Out,841,6,352.77404871582985,387.4182909205556,False
221004-E5_Out,841,6,346.4870457649231,401.4581044912338,False
221004-E5_Out,841,6,352.77404871582985,387.4182909205556,False
221004-E5_Out,841,6,346.4870457649231,401.4581044912338,False
221004-E5_Out,841,7,352.3677553534508,386.84197587519884,False
221004-E5_Out,841,7,345.14777636528015,400.2894719839096,False
221004-E5_Out,841,7,352.3677553534508,386.84197587519884,False
221004-E5_Out,841,7,345.14777636528015,400.2894719839096,False
221004-E5_Out,841,8,352.1039035022259,386.7454290241003,False
221004-E5_Out,841,8,344.81796661019325,400.1220817863941,False
221004-E5_Out,841,8,352.1039035022259,386.7454290241003,False
221004-E5_Out,841,8,344.81796661019325,400.1220817863941,False
221004-E5_Out,841,9,352.7146372497082,387.1583601385355,False
221004-E5_Out,841,9,344.89787565916777,401.22809913754463,False
221004-E5_Out,841,9,352.7146372497082,387.1583601385355,False
221004-E5_Out,841,9,344.89787565916777,401.22809913754463,False
221004-E5_Out,841,10,352.70182421803474,386.6984717398882,False
221004-E5_Out,841,10,345.4539771601558,400.7917574942112,False
221004-E5_Out,841,10,352.70182421803474,386.6984717398882,False
221004-E5_Out,841,10,345.4539771601558,400.7917574942112,False
221004-E5_Out,841,11,352.2965223789215,386.0008050352335,False
221004-E5_Out,841,11,344.8515688702464,398.46118727326393,False
221004-E5_Out,841,12,352.35731519013643,386.6596133261919,False
221004-E5_Out,841,12,344.916166074574,398.39328607171774,False
221004-E5_Out,842,3,349.0,358.0,False
221004-E5_Out,842,4,332.94000244140625,359.1683496236801,False
221004-E5_Out,842,5,332.64024448394775,358.63467639684677,False
221004-E5_Out,842,6,333.0324444770813,358.5874537155032,False
221004-E5_Out,842,7,332.59595796465874,358.18502350896597,False
221004-E5_Out,842,8,332.7379638403654,358.5444022938609,False
221004-E5_Out,842,9,332.10627703368664,357.7946202084422,False
221004-E5_Out,843,3,361.0,379.0,False
221004-E5_Out,843,4,345.83782291412354,389.43418407440186,False
221004-E5_Out,843,5,345.8266300410032,389.38266722112894,False
221004-E5_Out,843,6,345.2424942702055,389.2397997751832,False
221004-E5_Out,843,7,345.07771407067776,388.9124783053994,False
221004-E5_Out,843,8,344.7190015465021,388.8133371025324,False
221004-E5_Out,843,9,344.94540482759476,389.22248892486095,False
221004-E5_Out,844,3,415.0,382.0,False
221004-E5_Out,844,4,437.49350929260254,389.71459341049194,False
221004-E5_Out,844,5,437.903924703598,389.69548738747835,False
221004-E5_Out,844,6,438.1683249473572,389.73109143972397,False
221004-E5_Out,844,7,438.3337840139866,389.24913263320923,False
221004-E5_Out,844,8,438.3247654438019,388.90535828471184,False
221004-E5_Out,845,3,351.0,399.0,False
221004-E5_Out,845,4,343.50463581085205,406.0205445289612,False
221004-E5_Out,845,5,343.3458137214184,405.8230703473091,False
221004-E5_Out,845,6,343.1529372036457,405.808251529932,False
221004-E5_Out,845,7,342.6856883764267,405.58901086449623,False
221004-E5_Out,845,8,342.43028458952904,405.24028822779655,False
221004-E5_Out,845,9,342.5060503408313,405.6202686429024,False
221004-E5_Out,846,3,423.0,371.0,False
221004-E5_Out,846,4,460.20691680908203,374.4448986053467,False
221004-E5_Out,846,5,460.33892339468,374.51519501954317,False
221004-E5_Out,846,6,460.24332489073277,374.43645587563515,False
221004-E5_Out,846,7,459.9066330641508,374.11481350660324,False
221004-E5_Out,846,8,459.9714071303606,373.9933559074998,False
221004-E5_Out,846,9,460.03840082138777,373.7330697849393,False
221004-E5_Out,846,10,460.1514673009515,373.36360404640436,False
221004-E5_Out,847,3,371.0,351.0,False
221004-E5_Out,847,4,351.63353157043457,346.6236901283264,False
221004-E5_Out,847,5,350.8555542230606,346.16198176145554,False
221004-E5_Out,847,6,350.6613475680351,345.7959181666374,False
221004-E5_Out,847,7,350.0663407444954,345.6589869260788,False
221004-E5_Out,847,8,350.2787225842476,346.02902045845985,False
221004-E5_Out,848,4,396.0,414.0,True
221004-E5_Out,849,4,388.0,318.0,True
221004-E9_Out,850,3,331.0,417.0,False
221004-E9_Out,850,4,330.55057111382484,409.0582904815674,False
221004-E9_Out,850,5,330.5374902635813,409.0475328490138,False
221004-E9_Out,850,6,330.5327803492546,409.06224615871906,False
221004-E9_Out,850,7,330.5042395889759,409.0497547760606,False
221004-E9_Out,850,8,330.3068849146366,408.9946739971638,False
221004-E9_Out,851,3,272.0,463.0,False
221004-E9_Out,851,4,267.1647424697876,468.5844888687134,False
221004-E9_Out,851,5,266.5613024234772,468.94793593883514,False
221004-E9_Out,851,6,266.64911522716284,468.7542645037174,False
221004-E9_Out,851,7,265.4672448858619,469.3204793035984,False
221004-E9_Out,852,3,270.0,451.0,False
221004-E9_Out,852,4,261.2745018005371,456.2013096809387,False
221004-E9_Out,852,5,260.8514891564846,457.0875578522682,False
221004-E9_Out,852,6,260.8276583850384,456.80573067069054,False
221004-E9_Out,852,7,260.3080216348171,457.3693472445011,False
221004-E9_Out,852,8,261.84108194708824,458.1494986116886,False
221004-E9_Out,852,9,262.2294274568558,457.93166813254356,False
221004-E9_Out,853,3,360.0,458.0,False
221004-E9_Out,853,4,367.6152935028076,458.0712259337306,False
221004-E9_Out,853,5,367.78375720977783,458.19379349052906,False
221004-E9_Out,853,6,367.9299230724573,458.72237761318684,False
221004-E9_Out,853,7,368.12590223550797,458.93315087258816,False
221004-E9_Out,853,8,368.4986206293106,458.9794069752097,False
221004-E9_Out,853,9,368.48404064774513,459.158409409225,False
221004-E9_Out,853,10,368.4834104925394,459.6265357360244,False
221004-E9_Out,853,11,368.6545510739088,459.82311644405127,False
221004-E9_Out,854,3,273.0,478.0,False
221004-E9_Out,854,4,268.5380301475525,483.94352674484253,False
221004-E9_Out,854,5,268.78742748498917,485.32221579551697,False
221004-E9_Out,854,6,268.5083664357662,484.5730844736099,False
221004-E9_Out,854,7,267.83053109049797,485.30006313323975,False
221004-E9_Out,855,3,340.0,448.0,False
221004-E9_Out,855,4,346.12059211730957,447.8854427859187,False
221004-E9_Out,855,5,346.6642026901245,447.80455657839775,False
221004-E9_Out,855,6,347.6439071893692,448.42784920334816,False
221004-E9_Out,855,7,349.377081990242,448.827018648386,False
221004-E9_Out,855,8,349.44096175581217,448.26218965649605,False
221004-E9_Out,855,9,349.55815982818604,449.23315873742104,False
221004-E9_Out,855,10,349.7960842549801,449.54746609926224,False
221004-E9_Out,855,11,350.651008695364,449.98087152838707,False
221004-E9_Out,856,3,297.0,469.0,False
221004-E9_Out,856,4,287.3210506439209,474.9088797569275,False
221004-E9_Out,856,5,287.2186383008957,476.18658089637756,False
221004-E9_Out,856,6,287.06271997094154,475.6413524746895,False
221004-E9_Out,856,7,286.70163375139236,477.6372147202492,False
221004-E9_Out,856,8,287.5049144625664,478.2476940751076,False
221004-E9_Out,856,9,288.25738042593,479.19019573926926,False
221004-E9_Out,856,10,287.22608309984207,478.3593211174011,False
221004-E9_Out,857,3,345.0,434.0,False
221004-E9_Out,857,4,351.07275438308716,430.5118262767792,False
221004-E9_Out,857,5,351.22674399614334,430.5866848900914,False
221004-E9_Out,857,6,351.1898275613785,430.84028924256563,False
221004-E9_Out,857,7,351.1794675588608,430.72283923625946,False
221004-E9_Out,857,8,351.2311875447631,430.91085317730904,False
221004-E9_Out,857,9,351.1204981431365,431.1134401857853,False
221004-E9_Out,858,3,325.0,430.0,False
221004-E9_Out,858,4,325.91232109069824,423.7023367881775,False
221004-E9_Out,858,5,325.8406520187855,423.69181426614523,False
221004-E9_Out,858,6,325.84144604206085,423.71951596438885,False
221004-E9_Out,858,7,325.8284194022417,423.70051861554384,False
221004-E9_Out,858,8,325.849832251668,423.69153213500977,False
221004-E9_Out,859,3,309.0,473.0,False
221004-E9_Out,859,4,295.56048679351807,476.57159996032715,False
221004-E9_Out,859,5,295.55757305026054,477.87876176834106,False
221004-E9_Out,859,6,295.516218572855,477.67365020513535,False
221004-E9_Out,859,7,295.66477017104626,479.13976711034775,False
221004-E9_Out,859,8,295.77205823361874,479.3806871473789,False
221004-E9_Out,859,9,295.8377359509468,479.66401478648186,False
221004-E9_Out,859,10,296.5083274245262,479.55361867696047,False
221004-E9_Out,860,3,289.0,477.0,False
221004-E9_Out,860,4,284.49475717544556,483.24716997146606,False
221004-E9_Out,860,5,284.4996322095394,484.03407818078995,False
221004-E9_Out,860,6,284.6377567201853,483.68951803445816,False
221004-E9_Out,860,7,284.5127338320017,484.9865784049034,False
221004-E9_Out,860,8,284.9095376878977,485.3087630569935,False
221004-E9_Out,861,3,284.0,435.0,False
221004-E9_Out,861,4,277.04186153411865,433.96220767498016,False
221004-E9_Out,861,5,276.40823352336884,434.4465365111828,False
221004-E9_Out,861,6,276.30501076579094,434.6189972758293,False
221004-E9_Out,861,7,276.0418207645416,434.6395883336663,False
221004-E9_Out,861,8,276.553249835968,434.9154167249799,False
221004-E9_Out,862,4,351.0,505.0,True
221004-E9_Out,863,4,298.0,406.0,True
221010-E1_Out,864,3,140.0,212.0,False
221010-E1_Out,864,4,126.1044864654541,220.0541296005249,False
221010-E1_Out,864,5,120.19886779785156,220.5990275144577,False
221010-E1_Out,864,6,114.79199838638306,221.5617360472679,False
221010-E1_Out,864,7,111.78768849372864,221.826913356781,False
221010-E1_Out,864,8,112.33482587337494,223.05544078350067,False
221010-E1_Out,864,9,113.20717966556549,224.0021322965622,False
221010-E1_Out,864,10,114.18167233467102,224.99294674396515,False
221010-E1_Out,864,11,114.84949731826782,225.35228848457336,False
221010-E1_Out,864,12,114.86832264065742,226.84986448287964,False
221010-E1_Out,865,3,190.0,163.0,False
221010-E1_Out,865,4,191.3413462638855,158.82968711853027,False
221010-E1_Out,865,5,189.85509407520294,158.4700632095337,False
221010-E1_Out,865,6,188.1420727968216,157.78459805250168,False
221010-E1_Out,865,7,187.15890443325043,155.86609905958176,False
221010-E1_Out,865,8,187.0570491850376,154.65556818246841,False
221010-E1_Out,865,9,186.92487302422523,154.34623125195503,False
221010-E1_Out,865,10,186.16910460591316,152.962680965662,False
221010-E1_Out,866,3,231.0,202.0,False
221010-E1_Out,866,4,238.21852731704712,195.1154327392578,False
221010-E1_Out,866,5,239.30392122268677,189.7897276878357,False
221010-E1_Out,866,6,241.8224654197693,185.75682830810547,False
221010-E1_Out,866,7,244.87134099006653,183.01357221603394,False
221010-E1_Out,866,8,247.837482213974,180.67416882514954,False
221010-E1_Out,866,9,248.45360600948334,178.67006707191467,False
221010-E1_Out,866,10,249.7544150352478,177.28384709358215,False
221010-E1_Out,866,11,250.92037081718445,175.3061604499817,False
221010-E1_Out,866,12,251.27554082870483,175.3338153064251,False
221010-E1_Out,867,3,207.0,177.0,False
221010-E1_Out,867,4,207.1608577221632,174.3431315422058,False
221010-E1_Out,867,5,207.1672047227621,173.87599450349808,False
221010-E1_Out,867,6,206.72560442984104,173.26774591207504,False
221010-E1_Out,867,7,206.41333888471127,172.49727660417557,False
221010-E1_Out,867,8,205.9434924274683,171.5024333000183,False
221010-E1_Out,867,9,205.7135409861803,171.11409071087837,False
221010-E1_Out,867,10,205.6435600668192,169.97773829102516,False
221010-E1_Out,867,11,205.40817271173,169.2578299343586,False
221010-E1_Out,869,3,249.0,223.0,False
221010-E1_Out,869,3,206.0,180.0,False
221010-E1_Out,869,3,249.0,223.0,False
221010-E1_Out,869,3,206.0,180.0,False
221010-E1_Out,869,4,265.2199020385742,210.99899864196777,False
221010-E1_Out,869,4,206.21970151364803,177.20600771903992,False
221010-E1_Out,869,4,265.2199020385742,210.99899864196777,False
221010-E1_Out,869,4,206.21970151364803,177.20600771903992,False
221010-E1_Out,869,5,266.8404244184494,201.3709478378296,False
221010-E1_Out,869,5,206.31813876330853,176.90950497984886,False
221010-E1_Out,869,5,266.8404244184494,201.3709478378296,False
221010-E1_Out,869,5,206.31813876330853,176.90950497984886,False
221010-E1_Out,869,6,269.659450173378,191.42518424987793,False
221010-E1_Out,869,6,206.10415472090244,176.58646750450134,False
221010-E1_Out,869,6,269.659450173378,191.42518424987793,False
221010-E1_Out,869,6,206.10415472090244,176.58646750450134,False
221010-E1_Out,869,7,273.2660299539566,183.39131927490234,False
221010-E1_Out,869,7,205.80805234611034,176.14110589027405,False
221010-E1_Out,869,7,273.2660299539566,183.39131927490234,False
221010-E1_Out,869,7,205.80805234611034,176.14110589027405,False
221010-E1_Out,869,8,274.6275774240494,178.7320795059204,False
221010-E1_Out,869,8,205.4174191504717,175.64879578351974,False
221010-E1_Out,869,8,274.6275774240494,178.7320795059204,False
221010-E1_Out,869,8,205.4174191504717,175.64879578351974,False
221010-E1_Out,869,9,273.25749921798706,176.70150208473206,False
221010-E1_Out,869,9,205.305384978652,175.4594887793064,False
221010-E1_Out,869,9,273.25749921798706,176.70150208473206,False
221010-E1_Out,869,9,205.305384978652,175.4594887793064,False
221010-E1_Out,869,10,273.96941459178925,175.4737514257431,False
221010-E1_Out,869,10,205.1073970645666,175.18225544691086,False
221010-E1_Out,869,10,273.96941459178925,175.4737514257431,False
221010-E1_Out,869,10,205.1073970645666,175.18225544691086,False
221010-E1_Out,869,11,274.2516442537308,174.84469491243362,False
221010-E1_Out,869,11,205.02272887527943,174.95450514554977,False
221010-E1_Out,869,11,274.2516442537308,174.84469491243362,False
221010-E1_Out,869,11,205.02272887527943,174.95450514554977,False
221010-E1_Out,869,12,274.41610112786293,175.33388954401016,False
221010-E1_Out,869,12,204.94241818785667,175.02054402977228,False
221010-E1_Out,870,3,126.0,245.0,False
221010-E1_Out,870,4,122.77197909355164,251.27316427230835,False
221010-E1_Out,870,5,118.6773898601532,251.7943959236145,False
221010-E1_Out,870,6,115.49526953697205,251.98475608229637,False
221010-E1_Out,870,7,112.70845007896423,252.19935342669487,False
221010-E1_Out,870,8,113.66998505592346,253.53787824511528,False
221010-E1_Out,870,9,114.68900942802429,254.2828390300274,False
221010-E1_Out,870,10,115.27443093061447,255.03104600310326,False
221010-E1_Out,870,11,116.77058357000351,255.63765534758568,False
221010-E1_Out,870,12,116.50101417303085,257.72891530394554,False
221010-E1_Out,871,3,235.0,173.0,False
221010-E1_Out,871,4,236.042897939682,169.8323311805725,False
221010-E1_Out,871,5,236.18090845644474,168.83101296424866,False
221010-E1_Out,871,6,236.58566989004612,168.24687618017197,False
221010-E1_Out,871,7,237.07606296241283,167.5253154039383,False
221010-E1_Out,871,8,237.46393643319607,166.69804203510284,False
221010-E1_Out,871,9,237.57638695836067,166.3298756480217,False
221010-E1_Out,871,10,237.87853094935417,166.0335838496685,False
221010-E1_Out,871,11,238.03881856799126,165.81119987368584,False
221010-E1_Out,875,3,153.0,258.0,False
221010-E1_Out,875,4,150.24688839912415,263.7927007675171,False
221010-E1_Out,875,5,147.3480839729309,267.25745272636414,False
221010-E1_Out,875,6,145.1980218887329,268.8142330646515,False
221010-E1_Out,875,7,143.81109404563904,270.6321654319763,False
221010-E1_Out,875,8,143.6329783499241,271.6160236597061,False
221010-E1_Out,875,9,144.00564578175545,272.16386979818344,False
221010-E1_Out,875,10,144.1590036302805,272.9942111968994,False
221010-E1_Out,875,11,145.24158503115177,273.1351723074913,False
221010-E1_Out,875,12,145.003780528903,273.80827206373215,False
221010-E1_Out,877,3,190.0,180.0,False
221010-E1_Out,877,4,192.76776909828186,175.74711227416992,False
221010-E1_Out,877,5,192.0378428697586,174.84387165308,False
221010-E1_Out,877,6,191.2008012533188,173.8217344880104,False
221010-E1_Out,877,7,190.36316800117493,171.2952759861946,False
221010-E1_Out,877,8,188.43023371696472,168.85506397485733,False
221010-E1_Out,877,9,187.8325310945511,167.7036333680153,False
221010-E1_Out,877,10,185.0480672121048,165.65118128061295,False
221010-E1_Out,877,11,185.85113656520844,165.34792411327362,False
221010-E1_Out,877,12,185.3149732351303,165.41795562952757,False
221010-E1_Out,878,3,183.0,208.0,False
221010-E1_Out,878,4,188.66081953048706,205.63919186592102,False
221010-E1_Out,878,5,188.50351083278656,204.78441458940506,False
221010-E1_Out,878,6,188.33320766687393,204.40235736966133,False
221010-E1_Out,878,7,187.81793707609177,204.47940432280302,False
221010-E1_Out,878,8,187.57552948594093,204.4341735392809,False
221010-E1_Out,878,9,187.38578885793686,204.5077138915658,False
221010-E1_Out,878,10,187.13313230872154,204.48675885796547,False
221010-E1_Out,878,11,186.7956918478012,204.2472586929798,False
221010-E1_Out,878,12,186.71580059826374,204.27431704849005,False
221010-E1_Out,879,4,125.0,168.0,True
221010-E1_Out,880,4,225.0,262.0,True
221010-E2_Out,881,3,160.0,156.0,False
221010-E2_Out,881,4,159.67066484689713,154.62051498889923,False
221010-E2_Out,881,5,159.71405290812254,154.68501941114664,False
221010-E2_Out,881,6,159.65011332184076,154.73088313639164,False
221010-E2_Out,881,7,159.6704758927226,154.81168875843287,False
221010-E2_Out,881,8,159.76390378177166,154.83374445140362,False
221010-E2_Out,881,9,159.76327276229858,154.9528253301978,False
221010-E2_Out,881,10,159.94596433639526,155.20204000920057,False
221010-E2_Out,882,3,141.0,182.0,False
221010-E2_Out,882,4,141.30879521369934,182.00816418975592,False
221010-E2_Out,882,5,141.31212340295315,182.05535645782948,False
221010-E2_Out,882,6,141.37904539704323,182.09466729313135,False
221010-E2_Out,882,7,141.49223760515451,182.12808021903038,False
221010-E2_Out,882,8,141.5515727326274,182.15731196850538,False
221010-E2_Out,882,9,141.5732633844018,182.1911572366953,False
221010-E2_Out,882,10,141.52212049812078,182.08983702212572,False
221010-E2_Out,885,3,105.0,222.0,False
221010-E2_Out,885,4,104.8701685667038,222.74911725521088,False
221010-E2_Out,885,5,104.85075618326664,222.76133929938078,False
221010-E2_Out,885,6,104.87141151726246,222.79361499845982,False
221010-E2_Out,886,3,68.0,193.0,False
221010-E2_Out,886,4,66.91945111751556,193.70761668682098,False
221010-E2_Out,886,5,66.8159314095974,193.77696051448584,False
221010-E2_Out,886,6,66.74825286865234,193.7552161961794,False
221010-E2_Out,886,7,66.72041429579258,193.7650542333722,False
221010-E2_Out,886,8,66.72392944991589,193.85470432043076,False
221010-E2_Out,886,9,66.74285179376602,193.8743824288249,False
221010-E2_Out,887,3,108.0,212.0,False
221010-E2_Out,887,4,107.57766476273537,212.92921841144562,False
221010-E2_Out,887,5,107.63213738799095,212.9263263270259,False
221010-E2_Out,887,6,107.62005160748959,212.9315074235201,False
221010-E2_Out,887,7,107.61005818843842,212.9215909615159,False
221010-E2_Out,887,8,107.65678139775991,212.9904436469078,False
221010-E2_Out,887,9,107.64784423261881,213.0117381438613,False
221010-E2_Out,888,3,173.0,154.0,False
221010-E2_Out,888,4,173.39441239833832,153.47412925958633,False
221010-E2_Out,888,5,173.42735855281353,153.51831328123808,False
221010-E2_Out,888,6,173.4274429231882,153.5419426113367,False
221010-E2_Out,888,7,173.45462453365326,153.60709024220705,False
221010-E2_Out,888,8,173.48987889289856,153.67227475345135,False
221010-E2_Out,888,9,173.467699483037,153.6719832494855,False
221010-E2_Out,888,10,173.48182325065136,153.6961967945099,False
221010-E2_Out,889,3,158.0,171.0,False
221010-E2_Out,889,4,158.86835646629333,169.1480518579483,False
221010-E2_Out,889,5,158.87235569953918,169.1645464375615,False
221010-E2_Out,889,6,158.80436888337135,169.19104579091072,False
221010-E2_Out,889,7,158.76886402070522,169.1815732344985,False
221010-E2_Out,889,8,158.84489510953426,169.2477495521307,False
221010-E2_Out,890,3,112.0,249.0,False
221010-E2_Out,890,4,110.10301184654236,249.55864852666855,False
221010-E2_Out,890,5,110.1222547441721,249.74458199739456,False
221010-E2_Out,890,6,110.00290323793888,249.93120151758194,False
221010-E2_Out,890,7,110.03834668546915,249.9901875630021,False
221010-E2_Out,890,8,109.74527583271265,249.97967751324177,False
221010-E2_Out,891,3,154.0,178.0,False
221010-E2_Out,891,4,155.10127317905426,176.8001800775528,False
221010-E2_Out,891,5,155.13625575602055,176.8634462878108,False
221010-E2_Out,891,6,155.09125059843063,176.92348895967007,False
221010-E2_Out,891,7,155.0748052150011,176.8902166262269,False
221010-E2_Out,892,4,169.0,228.0,True
221010-E2_Out,893,4,85.0,135.0,True
221010-E6_Out,894,3,197.0,318.0,False
221010-E6_Out,894,4,188.39559173583984,305.29237365722656,False
221010-E6_Out,894,5,185.43112874031067,303.29459857940674,False
221010-E6_Out,894,6,180.36431431770325,299.16460704803467,False
221010-E6_Out,894,7,179.55805480480194,298.7116271853447,False
221010-E6_Out,894,8,179.01721823215485,298.173093855381,False
221010-E6_Out,894,9,176.57763803005219,296.4841932654381,False
221010-E6_Out,894,10,177.5761867761612,295.4040376543999,False
221010-E6_Out,894,11,177.3894537985325,293.80908077955246,False
221010-E6_Out,894,12,178.83857956528664,293.2796047925949,False
221010-E6_Out,895,3,131.0,336.0,False
221010-E6_Out,895,4,131.52770322561264,333.2712423801422,False
221010-E6_Out,895,5,126.1209825873375,331.20319080352783,False
221010-E6_Out,895,6,123.1048304438591,329.29527390003204,False
221010-E6_Out,895,7,120.93238371610641,327.65493083000183,False
221010-E6_Out,895,8,119.0041474699974,325.87293541431427,False
221010-E6_Out,895,9,118.57171884179115,323.863884806633,False
221010-E6_Out,895,10,120.98837175965309,321.31906282901764,False
221010-E6_Out,896,3,163.0,303.0,False
221010-E6_Out,896,4,159.56435656547546,296.89730072021484,False
221010-E6_Out,896,5,155.68526363372803,294.64092779159546,False
221010-E6_Out,896,6,149.07660913467407,291.82644534111023,False
221010-E6_Out,896,7,146.96369647979736,289.5667715072632,False
221010-E6_Out,896,8,146.6627395749092,289.7192248106003,False
221010-E6_Out,896,9,145.57612282037735,288.696928024292,False
221010-E6_Out,897,3,138.0,310.0,False
221010-E6_Out,897,4,142.15198516845703,310.7118020057678,False
221010-E6_Out,897,5,137.1843023300171,309.00254690647125,False
221010-E6_Out,897,6,130.11601781845093,306.9015122652054,False
221010-E6_Out,897,7,128.17988467216492,305.48261201381683,False
221010-E6_Out,897,8,124.74936175346375,305.44755064696074,False
221010-E6_Out,897,9,123.76543128490448,304.75997012108564,False
221010-E6_Out,897,10,125.56607735157013,302.4027118012309,False
221010-E6_Out,897,11,127.92582643032074,303.7669243142009,False
221010-E6_Out,898,3,199.0,351.0,False
221010-E6_Out,898,4,179.59834098815918,333.9937152862549,False
221010-E6_Out,898,5,176.06086707115173,330.3317587375641,False
221010-E6_Out,898,6,170.6613314151764,327.62006163597107,False
221010-E6_Out,898,7,168.71294450759888,323.26997542381287,False
221010-E6_Out,898,8,165.43682551383972,320.11643838882446,False
221010-E6_Out,898,9,162.8399920463562,317.1728127002716,False
221010-E6_Out,899,3,150.0,327.0,False
221010-E6_Out,899,4,147.40775728225708,321.8434228897095,False
221010-E6_Out,899,5,144.75711393356323,320.2059358358383,False
221010-E6_Out,899,6,138.74112701416016,318.6009318828583,False
221010-E6_Out,899,7,135.95870566368103,315.8226411342621,False
221010-E6_Out,899,8,129.99144625663757,313.8638641834259,False
221010-E6_Out,899,9,127.76842260360718,311.75127363204956,False
221010-E6_Out,899,10,129.609250664711,308.1822006702423,False
221010-E6_Out,899,11,127.70395791530609,306.11306643486023,False
221010-E6_Out,899,12,132.68098628520966,304.4492598772049,False
221010-E6_Out,900,4,194.0,285.0,True
221010-E6_Out,901,4,156.0,377.0,True
221010-E8_Out,902,3,238.0,162.0,False
221010-E8_Out,902,4,238.228988468647,160.11797511577606,False
221010-E8_Out,902,5,237.5426817536354,159.25912368297577,False
221010-E8_Out,902,6,237.13249704241753,158.24020838737488,False
221010-E8_Out,902,7,238.9745201766491,157.84595465660095,False
221010-E8_Out,902,8,238.47899860143661,156.71814143657684,False
221010-E8_Out,902,9,238.33313262462616,157.27435290813446,False
221010-E8_Out,902,10,239.09655725955963,157.99480932950974,False
221010-E8_Out,903,3,245.0,224.0,False
221010-E8_Out,903,4,243.46893310546875,218.76841688156128,False
221010-E8_Out,903,5,243.5802446603775,218.86049392074347,False
221010-E8_Out,903,6,243.65179651230574,218.88584278523922,False
221010-E8_Out,903,7,243.69747423380613,218.91634968668222,False
221010-E8_Out,903,8,243.85173369199038,218.98694579303265,False
221010-E8_Out,903,9,243.86579594761133,219.0587798729539,False
221010-E8_Out,903,10,243.8534393236041,219.1154082119465,False
221010-E8_Out,904,3,228.0,209.0,False
221010-E8_Out,904,4,222.24310445785522,197.03008270263672,False
221010-E8_Out,904,5,223.24152207374573,194.99935126304626,False
221010-E8_Out,904,6,224.03106379508972,195.10483302176,False
221010-E8_Out,904,7,227.10898518562317,197.36854089796543,False
221010-E8_Out,904,8,227.39610505104065,197.41807393729687,False
221010-E8_Out,904,9,227.72938892245293,197.84328211843967,False
221010-E8_Out,904,10,227.9742829501629,197.45892511308193,False
221010-E8_Out,905,3,207.0,218.0,False
221010-E8_Out,905,4,198.3320083618164,210.27968788146973,False
221010-E8_Out,905,5,199.66999101638794,209.8058980703354,False
221010-E8_Out,905,6,200.43553352355957,209.42309027910233,False
221010-E8_Out,905,7,201.6436870098114,210.3485950231552,False
221010-E8_Out,905,8,201.5533193051815,209.48749524354935,False
221010-E8_Out,905,9,201.98315408825874,209.69685746729374,False
221010-E8_Out,905,10,202.72717610001564,209.08537901937962,False
221010-E8_Out,906,3,255.0,178.0,False
221010-E8_Out,906,4,257.09921002388,165.68107414245605,False
221010-E8_Out,906,5,254.53673005104065,163.5732774734497,False
221010-E8_Out,906,6,251.99443936347961,160.20297694206238,False
221010-E8_Out,906,7,254.49842047691345,159.92640671133995,False
221010-E8_Out,906,8,253.63353097438812,158.1135147511959,False
221010-E8_Out,906,9,254.1907418370247,159.4838306605816,False
221010-E8_Out,906,10,255.32136863470078,160.0684433877468,False
221010-E8_Out,906,11,255.24008122086525,161.9361124932766,False
221010-E8_Out,906,12,255.27348632365465,163.2081854045391,False
221010-E8_Out,907,3,235.0,245.0,False
221010-E8_Out,907,4,227.36501026153564,258.4745216369629,False
221010-E8_Out,907,5,227.82376024127007,259.4047937989235,False
221010-E8_Out,907,6,228.16893723607063,259.2044541835785,False
221010-E8_Out,907,7,228.8333012163639,258.4397355914116,False
221010-E8_Out,907,8,229.9701876938343,257.58933359384537,False
221010-E8_Out,907,9,229.85860762000084,256.4999775290489,False
221010-E8_Out,908,3,225.0,229.0,False
221010-E8_Out,908,4,219.74919319152832,228.63622844219208,False
221010-E8_Out,908,5,219.7449145913124,228.17816811800003,False
221010-E8_Out,908,6,219.92291137576103,228.16064700484276,False
221010-E8_Out,908,7,220.33151468634605,228.30849987268448,False
221010-E8_Out,908,8,220.36411391198635,228.0659086406231,False
221010-E8_Out,908,9,220.29138877987862,227.8710977435112,False
221010-E8_Out,908,10,220.64101806282997,227.76230039447546,False
221010-E8_Out,908,11,220.52860215306282,226.77821143716574,False
221010-E8_Out,909,3,240.0,178.0,False
221010-E8_Out,909,4,238.34701657295227,169.8035535812378,False
221010-E8_Out,909,5,237.6239663362503,168.31860530376434,False
221010-E8_Out,909,6,237.0760668516159,167.32608145475388,False
221010-E8_Out,909,7,239.02786576747894,167.1948120892048,False
221010-E8_Out,909,8,238.40495264530182,166.1797814667225,False
221010-E8_Out,909,9,238.35761623084545,166.7613566815853,False
221010-E8_Out,909,10,238.75605879724026,166.77264358848333,False
221010-E8_Out,909,11,238.89873476326466,167.68380513042212,False
221010-E8_Out,909,12,239.15525715053082,167.43316300958395,False
221010-E8_Out,910,3,247.0,235.0,False
221010-E8_Out,910,4,246.93280920386314,234.10400259494781,False
221010-E8_Out,910,5,246.95853433012962,234.10829546302557,False
221010-E8_Out,910,6,246.9802523702383,234.11790771782398,False
221010-E8_Out,910,7,246.95901957154274,234.11981204897165,False
221010-E8_Out,910,8,247.12239038944244,234.18229568004608,False
221010-E8_Out,910,9,247.026767462492,234.22120713442564,False
221010-E8_Out,910,10,247.095229819417,234.25978633761406,False
221010-E8_Out,911,3,265.0,196.0,False
221010-E8_Out,911,4,264.6815817654133,187.76822757720947,False
221010-E8_Out,911,5,264.5484303534031,187.33680206537247,False
221010-E8_Out,911,6,263.72088542580605,186.61958301067352,False
221010-E8_Out,911,7,264.37975373864174,186.30694112181664,False
221010-E8_Out,911,8,264.4242751300335,185.70382073521614,False
221010-E8_Out,911,9,264.2479653060436,186.03315365314484,False
221010-E8_Out,911,10,264.4959362745285,185.6101410984993,False
221010-E8_Out,911,11,263.95320761203766,185.68831871449947,False
221010-E8_Out,912,4,288.0,214.0,True
221010-E8_Out,913,4,197.0,185.0,True
221010-E9_Out,914,3,132.0,166.0,False
221010-E9_Out,914,4,128.04067873954773,163.79094910621643,False
221010-E9_Out,914,5,128.9994294643402,164.5716072320938,False
221010-E9_Out,914,6,129.09021416306496,163.9917339682579,False
221010-E9_Out,914,7,128.3076813519001,164.35723081231117,False
221010-E9_Out,914,8,128.44078439474106,164.27844036370516,False
221010-E9_Out,914,9,127.87947243452072,164.05921382457018,False
221010-E9_Out,914,10,127.33997255563736,163.10833609849215,False
221010-E9_Out,914,11,127.74323982000351,163.76905120164156,False
221010-E9_Out,915,3,151.0,167.0,False
221010-E9_Out,915,4,148.2443516254425,162.85624027252197,False
221010-E9_Out,915,5,148.28379598259926,162.95410602539778,False
221010-E9_Out,915,6,148.2342187166214,162.7821345552802,False
221010-E9_Out,915,7,147.85116031765938,162.80490711331367,False
221010-E9_Out,915,8,148.0091717094183,162.87618623673916,False
221010-E9_Out,915,9,147.64228834211826,162.72264130413532,False
221010-E9_Out,915,10,147.2237038463354,162.51045741140842,False
221010-E9_Out,915,11,147.05345977842808,162.61708010733128,False
221010-E9_Out,915,12,147.7889125496149,162.73353616893291,False
221010-E9_Out,916,3,137.0,191.0,False
221010-E9_Out,916,4,132.05493688583374,194.3269908428192,False
221010-E9_Out,916,5,131.19851195812225,193.98848861455917,False
221010-E9_Out,916,6,131.02761581540108,193.64394667744637,False
221010-E9_Out,916,7,130.0929162800312,193.32566758990288,False
221010-E9_Out,916,8,129.94931736588478,192.8256700336933,False
221010-E9_Out,916,9,129.74350762367249,192.13648954033852,False
221010-E9_Out,916,10,129.25762209296227,191.15828880667686,False
221010-E9_Out,918,3,158.0,128.0,False
221010-E9_Out,918,4,157.52281227707863,124.42856240272522,False
221010-E9_Out,918,5,157.2219121158123,123.7823583483696,False
221010-E9_Out,918,6,157.23749712109566,123.5234739780426,False
221010-E9_Out,918,7,157.2008470147848,123.35948345065117,False
221010-E9_Out,918,8,157.3581009209156,123.2477200254798,False
221010-E9_Out,918,9,157.13510286808014,122.915109179914,False
221010-E9_Out,918,10,157.3565021455288,122.81750740110874,False
221010-E9_Out,919,3,203.0,151.0,False
221010-E9_Out,919,4,204.08600413799286,139.36942672729492,False
221010-E9_Out,919,5,203.83440428972244,138.11007022857666,False
221010-E9_Out,919,6,204.22181060910225,137.53896635770798,False
221010-E9_Out,919,7,203.65886905789375,137.22001692652702,False
221010-E9_Out,919,8,203.777881257236,136.98491114377975,False
221010-E9_Out,919,9,203.91620998829603,136.9190532937646,False
221010-E9_Out,919,10,203.54843189567327,136.54076189547777,False
221010-E9_Out,919,11,203.6659022346139,136.11670441180468,False
221010-E9_Out,920,3,180.0,139.0,False
221010-E9_Out,920,4,179.58743199706078,134.42079734802246,False
221010-E9_Out,920,5,180.0557093322277,132.9380041360855,False
221010-E9_Out,920,6,180.4624953866005,132.5112001299858,False
221010-E9_Out,920,7,180.05916085839272,132.39437253028154,False
221010-E9_Out,920,8,180.21647150814533,132.23340172320604,False
221010-E9_Out,920,9,180.02349184453487,132.0237647369504,False
221010-E9_Out,920,10,179.98271869122982,131.72999573498964,False
221010-E9_Out,920,11,179.58153422176838,131.44166237860918,False
221010-E9_Out,921,3,159.0,175.0,False
221010-E9_Out,921,4,155.83995246887207,168.66604280471802,False
221010-E9_Out,921,5,155.78088776767254,168.60795081406832,False
221010-E9_Out,921,6,155.660873696208,168.57985585927963,False
221010-E9_Out,921,7,155.35477371513844,168.49915502220392,False
221010-E9_Out,921,8,155.57609982788563,168.59190800786018,False
221010-E9_Out,921,9,155.3970355540514,168.56439907103777,False
221010-E9_Out,921,10,155.13706435263157,168.41890785843134,False
221010-E9_Out,921,11,154.81274209916592,168.30194248259068,False
221010-E9_Out,921,12,155.40847788751125,168.42026951909065,False
221010-E9_Out,922,3,171.0,129.0,False
221010-E9_Out,922,4,170.9075781404972,126.27993178367615,False
221010-E9_Out,922,5,171.10238128900528,124.67574715614319,False
221010-E9_Out,922,6,172.20795625448227,124.23215919733047,False
221010-E9_Out,922,7,172.04020312428474,124.14937169104815,False
221010-E9_Out,922,8,172.29522702097893,124.0117431357503,False
221010-E9_Out,922,9,172.10354495048523,123.66241819411516,False
221010-E9_Out,922,10,172.14622895419598,123.39391089230776,False
221010-E9_Out,922,11,172.0837121605873,123.29509453475475,False
221010-E9_Out,923,4,213.0,179.0,True
221017-E10_Out,925,3,237.0,259.0,False
221017-E10_Out,925,4,233.8052351474762,249.12148475646973,False
221017-E10_Out,925,5,233.51357871294022,248.9011387526989,False
221017-E10_Out,925,6,232.81322640180588,248.89390175789595,False
221017-E10_Out,925,7,232.45759949088097,247.72981791943312,False
221017-E10_Out,925,8,232.6600802242756,247.04911606758833,False
221017-E10_Out,925,9,232.68573501706123,246.22404604405165,False
221017-E10_Out,925,10,232.9578969180584,246.11680959165096,False
221017-E10_Out,925,11,233.2180177271366,246.39806999266148,False
221017-E10_Out,926,3,219.0,195.0,False
221017-E10_Out,926,4,219.36613827943802,192.7450249195099,False
221017-E10_Out,926,5,219.4254556670785,193.60453528165817,False
221017-E10_Out,926,6,218.69855902343988,193.33187228441238,False
221017-E10_Out,926,7,218.32820416241884,193.18222358822823,False
221017-E10_Out,926,8,218.63215980678797,192.65381827950478,False
221017-E10_Out,926,9,219.0216669216752,192.64739323407412,False
221017-E10_Out,926,10,219.87025574594736,192.73833131045103,False
221017-E10_Out,927,3,210.0,246.0,False
221017-E10_Out,927,4,209.37489092350006,237.02422618865967,False
221017-E10_Out,927,5,209.5467249751091,236.98301649838686,False
221017-E10_Out,927,6,208.95436424016953,237.42365155369043,False
221017-E10_Out,927,7,208.24454075098038,236.35239336639643,False
221017-E10_Out,927,8,208.5756378173828,234.02270362526178,False
221017-E10_Out,927,9,208.47988373041153,233.126245893538,False
221017-E10_Out,927,10,208.56944259256124,233.01552285254002,False
221017-E10_Out,927,11,208.3864570185542,232.7131701260805,False
221017-E10_Out,927,12,208.33189847320318,231.6070534735918,False
221017-E10_Out,928,3,205.0,284.0,False
221017-E10_Out,928,4,205.29577365517616,283.5317921638489,False
221017-E10_Out,928,5,205.25511488318443,283.50721134990454,False
221017-E10_Out,928,6,205.13122367858887,283.451769053936,False
221017-E10_Out,928,7,204.76333448290825,283.3940120860934,False
221017-E10_Out,928,8,204.73109106719494,283.360239520669,False
221017-E10_Out,928,9,204.5846212655306,283.2999669536948,False
221017-E10_Out,928,10,204.54729771614075,283.2604224830866,False
221017-E10_Out,928,11,204.47907695174217,283.2053929641843,False
221017-E10_Out,928,12,204.42668089270592,283.1932202875614,False
221017-E10_Out,929,3,189.0,249.0,False
221017-E10_Out,929,4,182.63773584365845,241.6208839416504,False
221017-E10_Out,929,5,182.57424391806126,241.03191322088242,False
221017-E10_Out,929,6,181.63772524893284,240.63343647122383,False
221017-E10_Out,929,7,181.66026678681374,240.294164031744,False
221017-E10_Out,929,8,181.1945328116417,237.96354326605797,False
221017-E10_Out,929,9,180.84772917628288,237.1646371781826,False
221017-E10_Out,929,10,180.66799539327621,236.9242888391018,False
221017-E10_Out,929,11,180.98098838329315,236.86449450999498,False
221017-E10_Out,929,12,180.71159547567368,235.8305918648839,False
221017-E10_Out,930,3,225.0,262.0,False
221017-E10_Out,930,4,221.5732820034027,253.87381172180176,False
221017-E10_Out,930,5,221.1000733077526,253.310682117939,False
221017-E10_Out,930,6,220.65176451206207,253.3835525661707,False
221017-E10_Out,930,7,219.86895406246185,251.7382375150919,False
221017-E10_Out,930,8,220.6370096206665,250.8616849333048,False
221017-E10_Out,930,9,220.71963499486446,249.59706856310368,False
221017-E10_Out,930,10,220.64891420304775,249.28892822563648,False
221017-E10_Out,930,11,220.50068067014217,249.16483675688505,False
221017-E10_Out,930,12,220.42980268597603,248.3422620818019,False
221017-E10_Out,931,3,183.0,206.0,False
221017-E10_Out,931,4,182.13868868350983,204.05078530311584,False
221017-E10_Out,931,5,182.41502925753593,204.17200084030628,False
221017-E10_Out,931,6,182.04664063453674,203.91454376280308,False
221017-E10_Out,931,7,181.8082653582096,203.65845461189747,False
221017-E10_Out,931,8,181.6225350499153,202.9910075813532,False
221017-E10_Out,931,9,181.80284197628498,203.0449242517352,False
221017-E10_Out,931,10,181.86649540811777,202.70813416689634,False
221017-E10_Out,932,3,234.0,258.0,False
221017-E10_Out,932,4,230.97629690170288,249.00424098968506,False
221017-E10_Out,932,5,230.7695468068123,248.8207677602768,False
221017-E10_Out,932,6,230.08602553606033,248.83016619831324,False
221017-E10_Out,932,7,229.70099368691444,247.70897839218378,False
221017-E10_Out,932,8,230.04761654138565,247.13623628765345,False
221017-E10_Out,932,9,230.1241450458765,246.27868954092264,False
221017-E10_Out,932,10,230.60244281589985,246.26274529844522,False
221017-E10_Out,932,11,230.00787039101124,246.34438490867615,False
221017-E10_Out,932,12,229.86499638855457,245.39989310503006,False
221017-E10_Out,933,3,224.0,212.0,False
221017-E10_Out,933,4,224.22965124249458,206.08680772781372,False
221017-E10_Out,933,5,224.33866679668427,206.6454118490219,False
221017-E10_Out,933,6,223.45641028881073,205.93845528364182,False
221017-E10_Out,933,7,223.3096808195114,205.60353207588196,False
221017-E10_Out,933,8,223.65764999389648,204.80200064182281,False
221017-E10_Out,933,9,223.93416798114777,204.61533242464066,False
221017-E10_Out,934,4,150.0,232.0,True
221017-E10_Out,935,4,245.0,232.0,True
221017-E11_Out,936,3,243.0,171.0,False
221017-E11_Out,936,4,236.3881802558899,157.7635326385498,False
221017-E11_Out,936,5,236.51094017922878,158.02859193086624,False
221017-E11_Out,936,6,237.09555773437023,158.1351858600974,False
221017-E11_Out,936,7,236.69490058720112,157.65824069827795,False
221017-E11_Out,936,8,236.47346077859402,158.0364514812827,False
221017-E11_Out,936,9,238.61197172105312,159.56506194919348,False
221017-E11_Out,936,10,237.53405319154263,158.90379061549902,False
221017-E11_Out,936,11,238.11637644469738,159.68188174813986,False
221017-E11_Out,936,12,239.2025782316923,160.6347746476531,False
221017-E11_Out,937,3,213.0,171.0,False
221017-E11_Out,937,4,208.4534125328064,167.0569245815277,False
221017-E11_Out,937,5,208.7020460665226,167.8103277683258,False
221017-E11_Out,937,6,208.41829180717468,168.2714478969574,False
221017-E11_Out,937,7,208.68704682588577,168.59852421283722,False
221017-E11_Out,937,8,209.131914883852,169.03375068306923,False
221017-E11_Out,937,9,210.19391945004463,171.54429402947426,False
221017-E11_Out,937,10,209.66104677319527,171.2214653789997,False
221017-E11_Out,937,11,209.93250393867493,171.32598914206028,False
221017-E11_Out,938,3,223.0,125.0,False
221017-E11_Out,938,4,222.6486597955227,123.02496385574341,False
221017-E11_Out,938,5,222.27196860313416,122.30004441738129,False
221017-E11_Out,938,6,222.28733904659748,122.17282086610794,False
221017-E11_Out,938,7,222.34235744178295,122.18422427773476,False
221017-E11_Out,938,8,222.0258158892393,121.65684285759926,False
221017-E11_Out,938,9,222.4436828047037,121.58965977281332,False
221017-E11_Out,938,10,222.32659362256527,121.36338122934103,False
221017-E11_Out,939,3,269.0,165.0,False
221017-E11_Out,939,4,269.0172765851021,154.93405055999756,False
221017-E11_Out,939,5,268.3142080903053,153.6719456911087,False
221017-E11_Out,939,6,267.39032632112503,153.48679623007774,False
221017-E11_Out,939,7,266.8057573437691,152.44892570376396,False
221017-E11_Out,939,8,266.9997662603855,151.9106675684452,False
221017-E11_Out,939,9,268.5646144449711,155.01449099183083,False
221017-E11_Out,939,10,268.34032678604126,153.87034633755684,False
221017-E11_Out,939,11,268.94321340322495,154.61285623908043,False
221017-E11_Out,939,12,270.5572791695595,155.4344108402729,False
221017-E11_Out,940,3,205.0,176.0,False
221017-E11_Out,940,4,198.59853792190552,169.72140789031982,False
221017-E11_Out,940,5,199.24625271558762,170.7034905552864,False
221017-E11_Out,940,6,199.29544297605753,172.20026403665543,False
221017-E11_Out,940,7,199.6067585721612,173.45932239294052,False
221017-E11_Out,940,8,200.62821397930384,174.20296329259872,False
221017-E11_Out,940,9,202.1176330819726,176.46021836996078,False
221017-E11_Out,940,10,201.88784957677126,176.11885729432106,False
221017-E11_Out,940,11,203.91454792767763,176.23313595354557,False
221017-E11_Out,940,12,204.20191413909197,179.4824443012476,False
221017-E11_Out,941,3,237.0,194.0,False
221017-E11_Out,941,4,236.10594630241394,205.8914394378662,False
221017-E11_Out,941,5,236.20305325090885,206.56531423330307,False
221017-E11_Out,941,6,236.36712650954723,207.96444457769394,False
221017-E11_Out,941,7,236.58210672438145,208.44866681098938,False
221017-E11_Out,941,8,236.2631225436926,209.52311277389526,False
221017-E11_Out,941,9,236.28463599085808,212.49406552314758,False
221017-E11_Out,941,10,234.85328277945518,213.71341800689697,False
221017-E11_Out,941,11,234.61259505152702,216.5069854259491,False
221017-E11_Out,941,12,235.61266407370567,218.3024605512619,False
221017-E11_Out,942,4,195.0,151.0,True
221017-E12_Out,944,3,169.0,239.0,False
221017-E12_Out,944,4,164.48065567016602,218.96269035339355,False
221017-E12_Out,944,5,163.28383719921112,218.731183052063,False
221017-E12_Out,944,6,162.77089953422546,218.86614480614662,False
221017-E12_Out,944,7,163.56175076961517,218.31702902913094,False
221017-E12_Out,944,8,162.2751088142395,217.37396571040154,False
221017-E12_Out,944,9,163.00097334384918,217.32173722237349,False
221017-E12_Out,944,10,164.63526821136475,216.816897444427,False
221017-E12_Out,945,3,127.0,194.0,False
221017-E12_Out,945,4,126.78663983941078,190.20402646064758,False
221017-E12_Out,945,5,126.87481860816479,190.4436872601509,False
221017-E12_Out,945,6,128.3168839663267,189.33967965841293,False
221017-E12_Out,945,7,128.84714625775814,189.95961570739746,False
221017-E12_Out,945,8,128.2882460206747,189.6023370027542,False
221017-E12_Out,945,9,129.00205229222775,188.91508167982101,False
221017-E12_Out,946,3,152.0,232.0,False
221017-E12_Out,946,4,146.47121810913086,209.7625274658203,False
221017-E12_Out,946,5,146.36563831567764,209.4295011162758,False
221017-E12_Out,946,6,147.88054460287094,210.37796968221664,False
221017-E12_Out,946,7,149.0222653746605,209.6497158408165,False
221017-E12_Out,946,8,148.10070949792862,208.73781645298004,False
221017-E12_Out,946,9,149.33864706754684,208.38273537158966,False
221017-E12_Out,946,10,149.3443115800619,207.09151303768158,False
221017-E12_Out,947,3,153.0,184.0,False
221017-E12_Out,947,4,152.64168837666512,178.8003158569336,False
221017-E12_Out,947,5,152.24574261903763,177.9254841208458,False
221017-E12_Out,947,6,153.3611679673195,176.96274721622467,False
221017-E12_Out,947,7,154.58918768167496,175.5935080051422,False
221017-E12_Out,948,3,148.0,244.0,False
221017-E12_Out,948,4,143.55214595794678,226.8144760131836,False
221017-E12_Out,948,5,143.38424056768417,227.12156149744987,False
221017-E12_Out,948,6,143.6181439757347,227.51393508911133,False
221017-E12_Out,948,7,143.53842310607433,226.60510122776031,False
221017-E12_Out,948,8,143.4073228687048,226.85448709130287,False
221017-E12_Out,948,9,143.8819370418787,226.41531708836555,False
221017-E12_Out,949,3,126.0,237.0,False
221017-E12_Out,949,4,116.93329334259033,217.93488121032715,False
221017-E12_Out,949,5,117.5659344792366,218.52636522054672,False
221017-E12_Out,949,6,118.99649411439896,218.77904272079468,False
221017-E12_Out,949,7,119.44719168543816,217.9235167503357,False
221017-E12_Out,949,8,119.79462891817093,219.50323796272278,False
221017-E12_Out,949,9,121.66130191087723,218.78820818662643,False
221017-E12_Out,949,10,121.66739836335182,218.59583151340485,False
221017-E12_Out,949,11,123.02486363053322,216.9483003616333,False
221017-E12_Out,949,12,123.99220684170723,216.03832858800888,False
221017-E12_Out,950,3,162.0,219.0,False
221017-E12_Out,950,4,158.59493970870972,205.07492446899414,False
221017-E12_Out,950,5,157.45520424842834,204.4048366546631,False
221017-E12_Out,950,6,157.82730424404144,204.33908937126398,False
221017-E12_Out,950,7,158.69176387786865,203.68976137787104,False
221017-E12_Out,950,8,157.73809134960175,202.70934525877237,False
221017-E12_Out,951,3,184.0,226.0,False
221017-E12_Out,951,4,178.05606412887573,209.6642780303955,False
221017-E12_Out,951,5,177.15402221679688,208.9125743508339,False
221017-E12_Out,951,6,176.04448199272156,208.75472176074982,False
221017-E12_Out,951,7,175.84932920336723,207.53780782222748,False
221017-E12_Out,951,8,175.44655936956406,206.65337419509888,False
221017-E12_Out,951,9,175.73038148880005,206.94528487324715,False
221017-E12_Out,951,10,176.3058797121048,206.7266648709774,False
221017-E12_Out,951,11,176.15793523192406,205.44198474287987,False
221017-E12_Out,952,4,100.0,223.0,True
221017-E12_Out,953,4,193.0,188.0,True
221017-E17_Out,954,3,224.0,295.0,False
221017-E17_Out,954,4,219.07391357421875,287.33260774612427,False
221017-E17_Out,954,5,219.53493976593018,285.2423894405365,False
221017-E17_Out,954,6,220.25340700149536,284.6064650416374,False
221017-E17_Out,954,7,217.3932933807373,283.64981174468994,False
221017-E17_Out,954,8,217.41906790435314,281.59234952926636,False
221017-E17_Out,954,9,217.41379192471504,280.81385362148285,False
221017-E17_Out,954,10,216.5889177620411,278.4456933736801,False
221017-E17_Out,954,11,215.93577495217323,277.0607155561447,False
221017-E17_Out,954,12,217.08178225159645,277.0410176590085,False
221017-E17_Out,955,3,250.0,287.0,False
221017-E17_Out,955,4,242.2651710510254,272.76283836364746,False
221017-E17_Out,955,5,242.4979582875967,272.51700043678284,False
221017-E17_Out,955,6,243.25656114518642,272.48921140283346,False
221017-E17_Out,955,7,243.57339356839657,271.64996507018805,False
221017-E17_Out,955,8,244.86249814927578,271.2358290180564,False
221017-E17_Out,955,9,245.02839389443398,270.6851760968566,False
221017-E17_Out,955,10,245.24846467375755,270.5700396001339,False
221017-E17_Out,956,3,216.0,260.0,False
221017-E17_Out,956,4,214.62339770793915,257.7328085899353,False
221017-E17_Out,956,5,214.93752816319466,258.0562196969986,False
221017-E17_Out,956,6,215.15187749266624,258.450383245945,False
221017-E17_Out,956,7,215.24987787753344,258.35363175719976,False
221017-E17_Out,956,8,215.03738785535097,257.671494923532,False
221017-E17_Out,957,3,237.0,314.0,False
221017-E17_Out,957,4,222.85671615600586,297.857458114624,False
221017-E17_Out,957,5,223.1265536248684,296.6921513080597,False
221017-E17_Out,957,6,223.37740260362625,296.52115681767464,False
221017-E17_Out,957,7,223.38343419134617,295.8454311788082,False
221017-E17_Out,957,8,223.88210485875607,296.0060155838728,False
221017-E17_Out,957,9,223.42480684816837,295.1668798774481,False
221017-E17_Out,957,10,223.1702880114317,295.1417681723833,False
221017-E17_Out,957,11,223.41724613308907,295.0104783028364,False
221017-E17_Out,958,3,205.0,266.0,False
221017-E17_Out,958,4,203.97555899620056,263.999972820282,False
221017-E17_Out,958,5,204.4916905760765,263.19098019599915,False
221017-E17_Out,958,6,204.14780712127686,263.80108058452606,False
221017-E17_Out,958,7,204.35961589217186,263.63242250680923,False
221017-E17_Out,958,8,204.29407082498074,263.0413556098938,False
221017-E17_Out,958,9,204.61097256839275,263.22800371050835,False
221017-E17_Out,958,10,204.7837284654379,262.411046653986,False
221017-E17_Out,958,11,204.85407441854477,262.1325219273567,False
221017-E17_Out,959,4,184.0,304.0,True
221017-E17_Out,960,4,243.0,251.0,True
221017-E18_Out,961,3,263.0,153.0,False
221017-E18_Out,961,4,262.2654470205307,153.82991594076157,False
221017-E18_Out,961,5,262.2568674534559,153.82111456245184,False
221017-E18_Out,961,6,262.1804651916027,153.83826272189617,False
221017-E18_Out,961,7,262.11070773005486,153.77358830720186,False
221017-E18_Out,961,8,262.08100882172585,153.7650624215603,False
221017-E18_Out,961,9,261.9620977342129,153.75129007548094,False
221017-E18_Out,961,10,261.92184568941593,153.71402029693127,False
221017-E18_Out,961,11,261.79817889630795,153.6571418121457,False
221017-E18_Out,962,3,165.0,140.0,False
221017-E18_Out,962,4,162.60132598876953,137.56031966209412,False
221017-E18_Out,962,5,161.89834606647491,135.4647080898285,False
221017-E18_Out,962,6,159.70543372631073,133.4224455356598,False
221017-E18_Out,962,7,155.59166610240936,132.26058876514435,False
221017-E18_Out,962,8,155.41607895493507,131.1359144449234,False
221017-E18_Out,963,3,200.0,115.0,False
221017-E18_Out,963,4,196.53864121437073,111.67114877700806,False
221017-E18_Out,963,5,196.13780602812767,111.13143587112427,False
221017-E18_Out,963,6,195.45901069045067,110.52061533927917,False
221017-E18_Out,963,7,194.56933733820915,109.40468609333038,False
221017-E18_Out,963,8,193.97795233130455,108.96930623054504,False
221017-E18_Out,963,9,193.3836631476879,108.44115263223648,False
221017-E18_Out,964,3,194.0,144.0,False
221017-E18_Out,964,4,188.1977105140686,141.63641953468323,False
221017-E18_Out,964,5,187.1051973104477,140.9174108505249,False
221017-E18_Out,964,6,185.6869204044342,139.89520466327667,False
221017-E18_Out,964,7,184.67556190490723,139.59577506780624,False
221017-E18_Out,964,8,183.78432047367096,139.07173538208008,False
221017-E18_Out,964,9,183.6646465063095,138.29651886224747,False
221017-E18_Out,964,10,182.67321288585663,138.01179057359695,False
221017-E18_Out,964,11,183.3449935913086,138.10774076730013,False
221017-E18_Out,965,3,241.0,131.0,False
221017-E18_Out,965,4,227.21249961853027,123.73292922973633,False
221017-E18_Out,965,5,226.5310914516449,122.94112396240234,False
221017-E18_Out,965,6,225.77140092849731,122.65175396203995,False
221017-E18_Out,965,7,224.3414124250412,121.48944181203842,False
221017-E18_Out,965,8,222.64168691635132,120.69766002893448,False
221017-E18_Out,965,9,221.04961836338043,120.24928057193756,False
221017-E18_Out,965,10,219.32749319076538,118.75498354434967,False
221017-E18_Out,965,11,218.72958278656006,119.15880161523819,False
221017-E18_Out,966,3,179.0,106.0,False
221017-E18_Out,966,4,177.1388237476349,102.05920052528381,False
221017-E18_Out,966,5,177.08865997195244,101.05928486585617,False
221017-E18_Out,966,6,176.73936915397644,99.44660204648972,False
221017-E18_Out,966,7,175.4702332019806,96.68794220685959,False
221017-E18_Out,966,8,174.39869630336761,96.23888671398163,False
221017-E18_Out,966,9,173.08785712718964,94.70591473579407,False
221017-E18_Out,966,10,171.79060781002045,94.78609751164913,False
221017-E18_Out,966,11,171.58490431308746,94.49219743907452,False
221017-E18_Out,966,12,171.98825079202652,95.07927553355694,False
221017-E18_Out,967,3,229.0,158.0,False
221017-E18_Out,967,4,216.58117485046387,155.05237674713135,False
221017-E18_Out,967,5,214.67795634269714,154.94236103445292,False
221017-E18_Out,967,6,213.40191733837128,154.2020036354661,False
221017-E18_Out,967,7,212.1567873954773,153.7215800061822,False
221017-E18_Out,967,8,210.2577965259552,153.13370160013437,False
221017-E18_Out,967,9,209.5689308643341,152.39310858398676,False
221017-E18_Out,967,10,206.56230401992798,152.4846147298813,False
221017-E18_Out,967,11,206.944471180439,152.44608626514673,False
221017-E18_Out,968,3,182.0,121.0,False
221017-E18_Out,968,4,178.23266649246216,116.54445457458496,False
221017-E18_Out,968,5,177.5508564710617,115.95029103755951,False
221017-E18_Out,968,6,177.34178358316422,115.02301377058029,False
221017-E18_Out,968,7,176.50575095415115,113.71874934434891,False
221017-E18_Out,968,8,175.86091703176498,112.98970913887024,False
221017-E18_Out,969,3,229.0,174.0,False
221017-E18_Out,969,4,212.2101650238037,170.6446738243103,False
221017-E18_Out,969,5,210.7278198003769,170.26141107082367,False
221017-E18_Out,969,6,208.62687766551971,169.49729639291763,False
221017-E18_Out,969,7,207.74917876720428,168.91732209920883,False
221017-E18_Out,969,8,206.5411423444748,168.51047202944756,False
221017-E18_Out,969,9,206.55620083212852,168.08335867524147,False
221017-E18_Out,969,10,204.16153129935265,168.15705614537,False
221017-E18_Out,970,4,190.0,176.0,True
221017-E18_Out,971,4,238.0,98.0,True
221017-E1_Out,979,3,175.0,114.0,False
221017-E1_Out,979,4,180.1863498687744,110.74183058738708,False
221017-E1_Out,979,5,180.31519985198975,109.99804937839508,False
221017-E1_Out,980,3,137.0,89.0,False
221017-E1_Out,980,4,141.76399517059326,75.70557689666748,False
221017-E1_Out,980,5,141.9533172249794,75.83580327033997,False
221017-E1_Out,980,6,142.0535851418972,75.56194731593132,False
221017-E1_Out,980,7,141.7891615331173,74.87932565808296,False
221017-E1_Out,980,8,141.79421301186085,74.8117797896266,False
221017-E1_Out,980,9,141.88534113764763,76.01578789204359,False
221017-E1_Out,980,10,142.09713251888752,75.66720893234015,False
221017-E1_Out,981,3,101.0,147.0,False
221017-E1_Out,981,4,100.63136252760887,154.39337968826294,False
221017-E1_Out,981,5,100.42603048682213,154.40016490966082,False
221017-E1_Out,981,6,100.17399230599403,154.54336944967508,False
221017-E1_Out,981,7,100.09803403913975,154.50144869089127,False
221017-E1_Out,981,8,99.98273713886738,154.4471526965499,False
221017-E1_Out,981,9,99.83708275854588,154.3784326761961,False
221017-E1_Out,981,10,99.81827338039875,154.34261115640402,False
221017-E1_Out,981,11,99.77510952949524,154.34311379492283,False
221017-E1_Out,981,12,99.69250331819057,154.28904331475496,False
221017-E1_Out,982,3,120.0,93.0,False
221017-E1_Out,982,4,120.86360144615173,85.74818754196167,False
221017-E1_Out,982,5,120.9355707615614,85.78519615530968,False
221017-E1_Out,982,6,123.68493203818798,86.0295922756195,False
221017-E1_Out,982,7,123.12535528838634,84.34808039665222,False
221017-E1_Out,982,8,122.90332113206387,83.75117141008377,False
221017-E1_Out,982,9,123.34507964551449,84.87804514169693,False
221017-E1_Out,982,10,123.75870449841022,84.48956614732742,False
221017-E1_Out,982,11,122.85792048275471,83.49074864387512,False
221017-E1_Out,983,3,156.0,110.0,False
221017-E1_Out,983,4,157.98243510723114,103.92098665237427,False
221017-E1_Out,983,5,158.00218725204468,103.27961724996567,False
221017-E1_Out,983,6,158.57177364826202,100.94734591245651,False
221017-E1_Out,983,7,158.26069644093513,99.0413059592247,False
221017-E1_Out,983,8,158.22539579868317,98.86641463637352,False
221017-E1_Out,984,3,111.0,173.0,False
221017-E1_Out,984,4,109.7962396144867,181.397798538208,False
221017-E1_Out,984,5,109.18705439567566,181.93727320432663,False
221017-E1_Out,984,6,108.32202088832855,183.30230802297592,False
221017-E1_Out,984,7,108.54244750738144,183.99311119318008,False
221017-E1_Out,984,8,108.63159917294979,184.7383918762207,False
221017-E1_Out,984,9,106.01055358350277,186.2015963792801,False
221017-E1_Out,985,3,83.0,157.0,False
221017-E1_Out,985,4,79.31528162956238,164.94232416152954,False
221017-E1_Out,985,5,77.7150228023529,163.07563281059265,False
221017-E1_Out,985,6,74.80460739135742,165.03998863697052,False
221017-E1_Out,985,7,70.67343854904175,164.6205893754959,False
221017-E1_Out,985,8,70.37567830085754,165.34026885032654,False
221017-E1_Out,985,9,67.58491158485413,165.38879799097776,False
221017-E1_Out,985,10,67.47572848200798,164.48920004814863,False
221017-E1_Out,985,11,67.95153647661209,164.7004972025752,False
221017-E1_Out,986,3,140.0,88.0,False
221017-E1_Out,986,4,143.1635365486145,80.59588146209717,False
221017-E1_Out,986,5,143.54763501882553,80.70972605794668,False
221017-E1_Out,986,6,143.743240326643,80.14662440866232,False
221017-E1_Out,986,7,143.33864164352417,79.14115067571402,False
221017-E1_Out,986,8,143.33049239218235,79.03273139894009,False
221017-E1_Out,986,9,143.45341370999813,79.68416617810726,False
221017-E1_Out,986,10,143.52345041930676,79.33118940889835,False
221017-E1_Out,986,11,144.27636687457561,79.30185344815254,False
221017-E1_Out,987,3,127.0,156.0,False
221017-E1_Out,987,4,128.18467509746552,162.15796422958374,False
221017-E1_Out,987,5,128.1541965007782,162.16900765150785,False
221017-E1_Out,987,6,128.0007030069828,162.12117134034634,False
221017-E1_Out,987,7,127.9744039028883,162.0648149624467,False
221017-E1_Out,987,8,127.92272433638573,161.93586257845163,False
221017-E1_Out,988,3,65.0,145.0,False
221017-E1_Out,988,4,60.2108998298645,150.37542915344238,False
221017-E1_Out,988,5,60.15346562862396,149.72061771154404,False
221017-E1_Out,988,6,57.60596978664398,149.47022181749344,False
221017-E1_Out,988,7,55.531543612480164,148.8851444721222,False
221017-E1_Out,988,8,55.37581333518028,149.0798867791891,False
221017-E1_Out,988,9,54.934403002262115,150.10557316243649,False
221017-E1_Out,988,10,54.410373747348785,149.58353857696056,False
221017-E1_Out,988,11,54.76114672422409,149.19890250265598,False
221017-E1_Out,989,3,132.0,104.0,False
221017-E1_Out,989,4,135.87507271766663,95.56716537475586,False
221017-E1_Out,989,5,135.86227771639824,96.61067640781403,False
221017-E1_Out,989,6,136.7106361091137,94.96619641780853,False
221017-E1_Out,989,7,136.32238602638245,93.13828325271606,False
221017-E1_Out,989,8,136.3419802337885,93.21123959124088,False
221017-E1_Out,989,9,136.38281472027302,93.41834215819836,False
221017-E1_Out,990,3,116.0,169.0,False
221017-E1_Out,990,4,114.58788788318634,180.11610889434814,False
221017-E1_Out,990,5,112.93344438076019,180.45138728618622,False
221017-E1_Out,990,6,112.06180953979492,182.4608119726181,False
221017-E1_Out,990,7,112.18700759112835,183.46560907363892,False
221017-E1_Out,990,8,112.19606417417526,184.60231018066406,False
221017-E1_Out,990,9,108.29254192113876,187.18452429771423,False
221017-E1_Out,990,10,110.00372725725174,187.08943370729685,False
221017-E1_Out,990,11,108.1478083729744,186.27748510986567,False
221017-E1_Out,991,3,82.0,142.0,False
221017-E1_Out,991,4,73.64222431182861,149.19942951202393,False
221017-E1_Out,991,5,73.82170507311821,148.46712446212769,False
221017-E1_Out,991,6,70.1319749057293,148.58288189023733,False
221017-E1_Out,991,7,67.72825953364372,148.00033988803625,False
221017-E1_Out,991,8,69.13759896159172,149.3818363174796,False
221017-E1_Out,991,9,66.88969275355339,149.54222434014082,False
221017-E1_Out,991,10,66.91550433635712,149.6747522726655,False
221017-E1_Out,992,3,63.0,125.0,False
221017-E1_Out,992,4,52.26970958709717,126.31237542629242,False
221017-E1_Out,992,5,52.71737575531006,126.89455777406693,False
221017-E1_Out,992,6,52.55421808362007,126.82094428688288,False
221017-E1_Out,992,7,51.99435058236122,126.49744413048029,False
221017-E1_Out,992,8,51.751110047101974,126.63038609176874,False
221017-E1_Out,992,9,52.4179525077343,127.20750669389963,False
221017-E1_Out,992,10,51.69772335886955,127.09028249979019,False
221017-E1_Out,992,11,51.8051880300045,127.19054877758026,False
221017-E1_Out,993,3,95.0,130.0,False
221017-E1_Out,993,4,90.40549325942993,127.89643859863281,False
221017-E1_Out,993,5,90.41907532513142,127.87390654534101,False
221017-E1_Out,993,6,90.09984482824802,127.8131522089243,False
221017-E1_Out,993,7,89.8925865739584,127.77772506326437,False
221017-E1_Out,993,8,89.72387047111988,127.69775469601154,False
221017-E1_Out,993,9,89.71241274476051,127.69805312901735,False
221017-E1_Out,993,10,89.63449110090733,127.58940237760544,False
221017-E1_Out,994,4,66.0,100.0,True
221017-E1_Out,995,4,153.0,153.0,True
221017-E20_Out,996,3,275.0,73.0,False
221017-E20_Out,996,4,269.24539279937744,67.99776268005371,False
221017-E20_Out,996,5,268.0357064008713,66.52550005912781,False
221017-E20_Out,996,6,266.3740164041519,64.63755917549133,False
221017-E20_Out,996,7,265.1993056535721,63.91229182481766,False
221017-E20_Out,996,8,263.41278409957886,63.77552595734596,False
221017-E20_Out,996,9,263.78592732548714,63.99630415439606,False
221017-E20_Out,996,10,264.14182955026627,64.05524295568466,False
221017-E20_Out,996,11,265.1267448067665,66.29690736532211,False
221017-E20_Out,996,12,267.13541823625565,68.31172913312912,False
221017-E20_Out,997,3,328.0,132.0,False
221017-E20_Out,997,4,333.70386934280396,137.23562049865723,False
221017-E20_Out,997,5,333.70183254778385,137.2473470494151,False
221017-E20_Out,997,6,333.74194245040417,137.1869678646326,False
221017-E20_Out,997,7,333.7770135551691,137.1802346482873,False
221017-E20_Out,997,8,333.8090669885278,137.11968424916267,False
221017-E20_Out,997,9,333.8193468376994,137.17381029576063,False
221017-E20_Out,997,10,333.76042457669973,137.1588691920042,False
221017-E20_Out,997,11,333.79717894643545,137.16000456362963,False
221017-E20_Out,998,3,253.0,78.0,False
221017-E20_Out,998,4,252.38792634010315,77.23423492908478,False
221017-E20_Out,998,5,251.07133996486664,75.02261865139008,False
221017-E20_Out,998,6,248.52617466449738,73.18202841281891,False
221017-E20_Out,998,7,247.65331077575684,72.80001556873322,False
221017-E20_Out,998,8,245.6805295944214,71.69664311408997,False
221017-E20_Out,998,9,246.7579629421234,73.5349999666214,False
221017-E20_Out,998,10,247.5765359401703,73.73769003152847,False
221017-E20_Out,998,11,248.26646041870117,75.14647573232651,False
221017-E20_Out,999,3,329.0,95.0,False
221017-E20_Out,999,4,321.42479515075684,86.62032699584961,False
221017-E20_Out,999,5,319.51908588409424,85.83944827318192,False
221017-E20_Out,999,6,317.52151679992676,84.66779059171677,False
221017-E20_Out,999,7,316.5493754148483,84.31440326571465,False
221017-E20_Out,1000,3,280.0,46.0,False
221017-E20_Out,1000,4,277.3721749782562,43.17973756790161,False
221017-E20_Out,1000,5,273.92387557029724,41.18234419822693,False
221017-E20_Out,1000,6,271.53587341308594,38.0273814201355,False
221017-E20_Out,1000,7,269.2855451107025,37.101742923259735,False
221017-E20_Out,1000,8,268.57162272930145,37.60827028751373,False
221017-E20_Out,1000,9,269.7379741668701,39.11047065258026,False
221017-E20_Out,1000,10,269.58609011769295,39.585689544677734,False
221017-E20_Out,1000,11,271.9304786026478,41.22214734554291,False
221017-E20_Out,1000,12,273.6217559874058,43.69251000881195,False
221017-E20_Out,1001,3,315.0,121.0,False
221017-E20_Out,1001,4,305.9510803222656,115.21209478378296,False
221017-E20_Out,1001,5,304.6747055053711,114.1642119884491,False
221017-E20_Out,1001,6,302.5123083591461,113.28672295808792,False
221017-E20_Out,1001,7,301.14582777023315,112.61564576625824,False
221017-E20_Out,1001,8,300.2388517856598,111.95322698354721,False
221017-E20_Out,1001,9,298.3873782157898,111.31965565681458,False
221017-E20_Out,1001,10,298.1370018720627,111.48517566919327,False
221017-E20_Out,1001,11,298.47310042381287,110.94224280118942,False
221017-E20_Out,1002,3,314.0,140.0,False
221017-E20_Out,1002,4,314.1583631634712,143.7264120578766,False
221017-E20_Out,1002,5,314.15765856206417,143.66237004846334,False
221017-E20_Out,1002,6,313.99283523857594,143.60636864602566,False
221017-E20_Out,1002,7,313.99095287919044,143.55215317755938,False
221017-E20_Out,1002,8,313.95676866173744,143.54945948719978,False
221017-E20_Out,1002,9,313.9359459877014,143.54224392026663,False
221017-E20_Out,1002,10,313.88451251387596,143.54651464521885,False
221017-E20_Out,1002,11,313.941336594522,143.62510988861322,False
221017-E20_Out,1002,12,313.92749144881964,143.65439182519913,False
221017-E20_Out,1003,3,251.0,74.0,False
221017-E20_Out,1003,4,248.86127424240112,70.99908375740051,False
221017-E20_Out,1003,5,248.46815511584282,69.43445229530334,False
221017-E20_Out,1003,6,245.541607350111,67.34047532081604,False
221017-E20_Out,1003,7,245.00370034575462,67.59761387109756,False
221017-E20_Out,1003,8,243.80360314249992,66.76706659793854,False
221017-E20_Out,1003,9,244.84489890933037,67.87843096256256,False
221017-E20_Out,1003,10,245.08912967145443,67.7589324042201,False
221017-E20_Out,1003,11,245.00254529714584,68.67753141373396,False
221017-E20_Out,1003,12,245.49635222554207,71.17077296227217,False
221017-E20_Out,1004,3,297.0,128.0,False
221017-E20_Out,1004,4,286.72377490997314,126.02749300003052,False
221017-E20_Out,1004,5,286.191281914711,124.13438522815704,False
221017-E20_Out,1004,6,285.3624839782715,122.69239842891693,False
221017-E20_Out,1004,7,283.763329744339,122.24750137329102,False
221017-E20_Out,1004,8,283.01732087135315,121.51216632127762,False
221017-E20_Out,1004,9,281.8707402944565,121.34419432282448,False
221017-E20_Out,1004,10,280.78845727443695,120.63657584786415,False
221017-E20_Out,1005,3,272.0,48.0,False
221017-E20_Out,1005,4,269.8493986129761,45.81383562088013,False
221017-E20_Out,1005,5,268.0701379776001,44.89114302396774,False
221017-E20_Out,1005,6,266.2535182237625,43.54799896478653,False
221017-E20_Out,1005,7,265.7059477567673,42.851363599300385,False
221017-E20_Out,1005,8,263.72298181056976,42.486252307891846,False
221017-E20_Out,1005,9,265.1800711154938,43.935097336769104,False
221017-E20_Out,1005,10,265.67542761564255,44.08217665553093,False
221017-E20_Out,1005,11,268.2796797156334,45.67065414786339,False
221017-E20_Out,1005,12,270.2884003520012,47.76495584845543,False
221017-E20_Out,1006,3,322.0,97.0,False
221017-E20_Out,1006,4,314.684317111969,88.48137378692627,False
221017-E20_Out,1006,5,312.5330693721771,88.0849532186985,False
221017-E20_Out,1006,6,310.6027226448059,87.2089613378048,False
221017-E20_Out,1006,7,309.3275374174118,86.78809496760368,False
221017-E20_Out,1006,8,308.4944188594818,85.93657872080803,False
221017-E20_Out,1006,9,307.8651225566864,85.51282402873039,False
221017-E20_Out,1006,10,306.9486345052719,85.66575291752815,False
221017-E20_Out,1007,4,258.0,125.0,True
221017-E20_Out,1008,4,318.0,55.0,True
221017-E2_Out,1009,3,136.0,227.0,False
221017-E2_Out,1009,4,132.83454966545105,225.45642471313477,False
221017-E2_Out,1009,5,132.851253926754,225.4169540181756,False
221017-E2_Out,1009,6,132.79118835926056,225.75768283754587,False
221017-E2_Out,1009,7,132.61876565217972,225.69793657958508,False
221017-E2_Out,1009,8,132.6705951988697,226.34081314504147,False
221017-E2_Out,1009,9,132.80886824429035,226.47561801970005,False
221017-E2_Out,1009,10,132.17321307957172,226.18355514109135,False
221017-E2_Out,1009,11,131.92662985622883,226.57221494615078,False
221017-E2_Out,1009,12,132.25472559034824,226.95362816751003,False
221017-E2_Out,1010,3,175.0,201.0,False
221017-E2_Out,1010,4,174.43684315681458,197.13885045051575,False
221017-E2_Out,1010,5,174.23235136270523,197.18879970163107,False
221017-E2_Out,1010,6,174.66819122433662,197.95042177289724,False
221017-E2_Out,1010,7,174.46514359116554,197.7931832894683,False
221017-E2_Out,1010,8,174.64238139986992,197.57910834997892,False
221017-E2_Out,1010,9,174.44911658763885,197.66122376918793,False
221017-E2_Out,1010,10,174.13693362474442,197.2971747815609,False
221017-E2_Out,1011,3,209.0,207.0,False
221017-E2_Out,1011,4,210.75541412830353,202.34858751296997,False
221017-E2_Out,1011,5,210.71100588142872,202.31534641236067,False
221017-E2_Out,1011,6,210.70246423780918,202.52339138835669,False
221017-E2_Out,1011,7,210.66619797050953,202.39529793709517,False
221017-E2_Out,1011,8,210.36860091984272,202.3397385030985,False
221017-E2_Out,1011,9,210.204783603549,202.40186021476984,False
221017-E2_Out,1011,10,209.97630475461483,202.21618650108576,False
221017-E2_Out,1012,3,191.0,206.0,False
221017-E2_Out,1012,4,191.17680683732033,200.97836303710938,False
221017-E2_Out,1012,5,191.3223465681076,201.07594569772482,False
221017-E2_Out,1012,6,191.42050881683826,201.37334533780813,False
221017-E2_Out,1012,7,191.3890773653984,201.25268225371838,False
221017-E2_Out,1012,8,191.60320280492306,201.02374748885632,False
221017-E2_Out,1012,9,191.78476603329182,201.32304467260838,False
221017-E2_Out,1012,10,191.25698979198933,200.50109399855137,False
221017-E2_Out,1013,3,163.0,258.0,False
221017-E2_Out,1013,4,149.87751960754395,272.52346420288086,False
221017-E2_Out,1013,5,146.8317563533783,274.0203585624695,False
221017-E2_Out,1013,6,142.10639309883118,275.21346068382263,False
221017-E2_Out,1013,7,141.5988483428955,275.88694059848785,False
221017-E2_Out,1013,8,139.9279421567917,276.64216190576553,False
221017-E2_Out,1013,9,139.37910306453705,277.33347576856613,False
221017-E2_Out,1013,10,138.4597395658493,278.2308060526848,False
221017-E2_Out,1014,3,151.0,250.0,False
221017-E2_Out,1014,4,136.9077491760254,254.53959131240845,False
221017-E2_Out,1014,5,136.125812292099,254.1466478407383,False
221017-E2_Out,1014,6,134.57106971740723,254.77117255330086,False
221017-E2_Out,1014,7,134.6448476165533,254.91827875375748,False
221017-E2_Out,1014,8,133.89119563996792,255.67878413200378,False
221017-E2_Out,1014,9,134.01524187624454,256.40086072683334,False
221017-E2_Out,1014,10,133.25920821726322,257.10293501615524,False
221017-E2_Out,1015,3,127.0,228.0,False
221017-E2_Out,1015,4,125.61158835887909,227.35171473026276,False
221017-E2_Out,1015,5,125.66626515239477,227.34151323139668,False
221017-E2_Out,1015,6,125.64496678858995,227.75402967631817,False
221017-E2_Out,1015,7,125.638467900455,227.70324388891459,False
221017-E2_Out,1015,8,125.48229496926069,228.03706771880388,False
221017-E2_Out,1015,9,125.60341466218233,228.0891317203641,False
221017-E2_Out,1016,3,152.0,233.0,False
221017-E2_Out,1016,4,144.0081377029419,226.835608959198,False
221017-E2_Out,1016,5,143.58734235167503,226.9564305022359,False
221017-E2_Out,1016,6,143.02605220675468,227.16751516610384,False
221017-E2_Out,1016,7,142.3392375409603,227.08163183927536,False
221017-E2_Out,1016,8,142.16257685422897,227.91624838113785,False
221017-E2_Out,1016,9,142.15641072392464,228.0389297157526,False
221017-E2_Out,1016,10,141.97029075026512,227.62371708452702,False
221017-E2_Out,1016,11,141.8943309187889,227.4329137057066,False
221017-E2_Out,1016,12,142.14603179693222,227.68061937391758,False
221017-E2_Out,1017,3,179.0,255.0,False
221017-E2_Out,1017,4,178.81687507033348,260.4210329055786,False
221017-E2_Out,1017,5,178.7178615629673,260.4357290491462,False
221017-E2_Out,1017,6,178.5833296775818,260.51282216608524,False
221017-E2_Out,1017,7,178.3896996974945,260.47879599779844,False
221017-E2_Out,1017,8,178.1904788017273,260.4995554834604,False
221017-E2_Out,1017,9,178.11084474623203,260.45594827085733,False
221017-E2_Out,1017,10,178.02011129260063,260.44215071201324,False
221017-E2_Out,1017,11,177.95585224032402,260.41327887028456,False
221017-E2_Out,1017,12,177.89140060544014,260.39290031790733,False
221017-E2_Out,1018,4,130.0,187.0,True
221017-E2_Out,1019,4,210.0,258.0,True
221017-E3_Out,1020,3,310.0,243.0,False
221017-E3_Out,1020,4,310.25562077760696,240.80897331237793,False
221017-E3_Out,1020,5,311.1242339015007,240.75200862437487,False
221017-E3_Out,1020,6,311.17179065197706,240.52724183350801,False
221017-E3_Out,1020,7,311.98704915493727,241.0955573990941,False
221017-E3_Out,1020,8,313.6034203097224,241.85032028704882,False
221017-E3_Out,1020,9,315.07860904186964,243.15939635783434,False
221017-E3_Out,1020,10,315.37974547594786,243.74580002576113,False
221017-E3_Out,1022,3,287.0,230.0,False
221017-E3_Out,1022,4,287.61414301395416,230.15830951929092,False
221017-E3_Out,1022,5,287.64783838391304,230.13985461741686,False
221017-E3_Out,1022,6,287.746021181345,230.23233512043953,False
221017-E3_Out,1022,7,288.2139767110348,230.32182226330042,False
221017-E3_Out,1022,8,288.2154177427292,230.6555140092969,False
221017-E3_Out,1022,9,288.71491035819054,230.8773096576333,False
221017-E3_Out,1022,10,288.31253731250763,230.6402922347188,False
221017-E3_Out,1022,11,289.022332906723,231.1389837935567,False
221017-E3_Out,1023,3,240.0,279.0,False
221017-E3_Out,1023,4,237.41420912742615,277.43542301654816,False
221017-E3_Out,1023,5,237.4588702097535,277.3948610648513,False
221017-E3_Out,1024,3,257.0,316.0,False
221017-E3_Out,1024,4,254.40033531188965,317.7778242826462,False
221017-E3_Out,1024,5,254.0983358323574,317.53746750950813,False
221017-E3_Out,1024,6,253.59535309672356,317.5876999720931,False
221017-E3_Out,1024,7,253.43149241805077,317.621699526906,False
221017-E3_Out,1024,8,253.596220433712,317.4459540992975,False
221017-E3_Out,1024,9,253.030981361866,317.21744890511036,False
221017-E3_Out,1024,10,254.44881111383438,317.7563340216875,False
221017-E3_Out,1025,3,258.0,290.0,False
221017-E3_Out,1025,4,257.437216758728,290.42156133055687,False
221017-E3_Out,1025,5,257.2853383719921,290.53467497974634,False
221017-E3_Out,1025,6,256.29092940688133,290.271378941834,False
221017-E3_Out,1025,7,256.55646538734436,290.3442842513323,False
221017-E3_Out,1025,8,256.85886138677597,290.3221396431327,False
221017-E3_Out,1025,9,257.22871774435043,290.73485066741705,False
221017-E3_Out,1025,10,256.89505940675735,289.5549936518073,False
221017-E3_Out,1026,3,258.0,293.0,False
221017-E3_Out,1026,4,257.33187890052795,293.3504951298237,False
221017-E3_Out,1026,5,257.2191132903099,293.4161265566945,False
221017-E3_Out,1026,6,256.08859246969223,293.277722902596,False
221017-E3_Out,1026,7,256.32673370838165,293.3908948749304,False
221017-E3_Out,1026,8,256.51763321459293,293.32606621831656,False
221017-E3_Out,1026,9,256.7646703273058,293.5924807116389,False
221017-E3_Out,1026,10,256.4789378494024,292.6800844594836,False
221017-E3_Out,1026,11,256.46058854460716,292.514811180532,False
221017-E3_Out,1027,3,322.0,256.0,False
221017-E3_Out,1027,4,321.66023737192154,254.7552922964096,False
221017-E3_Out,1027,5,321.72559712827206,254.86032360047102,False
221017-E3_Out,1027,6,321.7589497342706,254.8659722059965,False
221017-E3_Out,1027,7,321.7012136951089,254.88674864917994,False
221017-E3_Out,1027,8,321.6507746204734,254.9219933450222,False
221017-E3_Out,1028,3,320.0,262.0,False
221017-E3_Out,1028,4,319.34935998916626,260.2275733947754,False
221017-E3_Out,1028,5,319.3387462347746,260.30607079714537,False
221017-E3_Out,1028,6,319.4073186442256,260.29144920408726,False
221017-E3_Out,1028,7,319.30484928935766,260.26100081950426,False
221017-E3_Out,1028,8,319.2851654961705,260.323715955019,False
221017-E3_Out,1028,9,319.320437669754,260.3800733014941,False
221017-E3_Out,1028,10,319.12010353803635,260.49060544371605,False
221017-E3_Out,1028,11,319.16999720036983,260.62972328066826,False
221017-E3_Out,1028,12,319.16255880892277,260.78382137417793,False
221017-E3_Out,1029,4,325.0,301.0,True
221017-E3_Out,1030,4,242.0,228.0,True
221017-E8_Out,1031,3,230.0,206.0,False
221017-E8_Out,1031,4,226.74577569961548,199.97221612930298,False
221017-E8_Out,1031,5,226.0573352575302,199.23008686304092,False
221017-E8_Out,1031,6,225.7368471622467,198.43378221988678,False
221017-E8_Out,1031,7,224.5381942987442,197.32669973373413,False
221017-E8_Out,1031,8,224.30264189839363,197.82387992739677,False
221017-E8_Out,1031,9,223.259325414896,197.2145064175129,False
221017-E8_Out,1031,10,222.6594354212284,196.27107080817223,False
221017-E8_Out,1031,11,221.62656739354134,195.79247304797173,False
221017-E8_Out,1032,3,268.0,167.0,False
221017-E8_Out,1032,4,266.10674953460693,158.82710552215576,False
221017-E8_Out,1032,5,265.2003666162491,156.1271195411682,False
221017-E8_Out,1032,6,262.0556961297989,152.5817427635193,False
221017-E8_Out,1032,7,260.35210371017456,150.54479503631592,False
221017-E8_Out,1032,8,259.34631645679474,148.27170610427856,False
221017-E8_Out,1032,9,258.4294307231903,146.62633907794952,False
221017-E8_Out,1032,10,257.3036023378372,145.368346452713,False
221017-E8_Out,1032,11,256.0785233974457,143.861030459404,False
221017-E8_Out,1032,12,254.67954647541046,142.77923786640167,False
221017-E8_Out,1033,3,268.0,202.0,False
221017-E8_Out,1033,4,266.09150314331055,190.7049388885498,False
221017-E8_Out,1033,5,265.18696451187134,189.38668644428253,False
221017-E8_Out,1033,6,263.27105355262756,187.8070044517517,False
221017-E8_Out,1033,7,262.0637414455414,185.42919445037842,False
221017-E8_Out,1033,8,261.93868666887283,184.02158856391907,False
221017-E8_Out,1033,9,261.5201498568058,183.41439175605774,False
221017-E8_Out,1033,10,260.8432642519474,182.2470108270645,False
221017-E8_Out,1033,11,259.78725758194923,181.51847445964813,False
221017-E8_Out,1033,12,258.5908385813236,180.8021132349968,False
221017-E8_Out,1034,3,241.0,172.0,False
221017-E8_Out,1034,4,239.1891553401947,164.48726892471313,False
221017-E8_Out,1034,5,237.18059015274048,163.34656608104706,False
221017-E8_Out,1034,6,236.31837046146393,161.90542542934418,False
221017-E8_Out,1034,7,234.91885316371918,160.54229545593262,False
221017-E8_Out,1034,8,234.4740015566349,159.10268807411194,False
221017-E8_Out,1034,9,233.24578300118446,158.15130680799484,False
221017-E8_Out,1034,10,232.31127431988716,156.80494743585587,False
221017-E8_Out,1034,11,231.84611189365387,156.0650650858879,False
221017-E8_Out,1034,12,230.73419785499573,155.12327480316162,False
221017-E8_Out,1035,3,253.0,162.0,False
221017-E8_Out,1035,4,251.43311977386475,154.06765842437744,False
221017-E8_Out,1035,5,249.69166791439056,150.7493016719818,False
221017-E8_Out,1035,6,248.06446206569672,148.69430303573608,False
221017-E8_Out,1036,3,264.0,147.0,False
221017-E8_Out,1036,4,263.10270273685455,143.06741404533386,False
221017-E8_Out,1036,5,262.1029530763626,140.9128041267395,False
221017-E8_Out,1036,6,260.389421582222,138.725444316864,False
221017-E8_Out,1036,7,258.6597224473953,136.46310567855835,False
221017-E8_Out,1036,8,257.5643039941788,134.16483545303345,False
221017-E8_Out,1036,9,256.1045376062393,132.21234679222107,False
221017-E8_Out,1036,10,254.52774381637573,130.38344883918762,False
221017-E8_Out,1036,11,253.7137153148651,129.17525732517242,False
221017-E8_Out,1036,12,252.52771890163422,128.16609907150269,False
221017-E8_Out,1037,4,201.0,189.0,True
221017-E8_Out,1038,4,290.0,183.0,True
221019-E2_Out,1040,3,220.0,163.0,False
221019-E2_Out,1040,4,222.72873902320862,162.11418282985687,False
221019-E2_Out,1040,5,222.75225798785686,162.1886038556695,False
221019-E2_Out,1040,6,222.79318515211344,162.2422019392252,False
221019-E2_Out,1040,7,222.7063659504056,162.22166571766138,False
221019-E2_Out,1040,8,222.70775602012873,162.35117799788713,False
221019-E2_Out,1040,9,222.69446455687284,162.38717998564243,False
221019-E2_Out,1041,3,146.0,239.0,False
221019-E2_Out,1041,4,144.95619320869446,240.0525724887848,False
221019-E2_Out,1041,5,144.9509535431862,240.0942482277751,False
221019-E2_Out,1041,6,144.87407858669758,240.21138310432434,False
221019-E2_Out,1041,7,144.92403115332127,240.28361190110445,False
221019-E2_Out,1041,8,144.6973862797022,240.5224187746644,False
221019-E2_Out,1041,9,144.43817828595638,240.76884994655848,False
221019-E2_Out,1042,3,148.0,235.0,False
221019-E2_Out,1042,4,146.75071156024933,236.36463904380798,False
221019-E2_Out,1042,5,146.64443764090538,236.43001816421747,False
221019-E2_Out,1042,6,146.65071134269238,236.86997035890818,False
221019-E2_Out,1042,7,146.43199099600315,237.19572309404612,False
221019-E2_Out,1042,8,146.00248001515865,237.7335889711976,False
221019-E2_Out,1042,9,145.6508054882288,237.95995942503214,False
221019-E2_Out,1042,10,145.4439129680395,238.3433854058385,False
221019-E2_Out,1042,11,145.20452500879765,238.70734629780054,False
221019-E2_Out,1043,3,213.0,162.0,False
221019-E2_Out,1043,4,213.01775462925434,160.65313804149628,False
221019-E2_Out,1043,5,213.0182053744793,160.71990854293108,False
221019-E2_Out,1043,6,213.02893052995205,160.76385736465454,False
221019-E2_Out,1043,7,213.01195952296257,160.7992824241519,False
221019-E2_Out,1043,8,212.96735532581806,160.80143812298775,False
221019-E2_Out,1043,9,212.94225804507732,160.85509868711233,False
221019-E2_Out,1043,10,212.93793067336082,160.90398658812046,False
221019-E2_Out,1043,11,212.95293426513672,160.96318615227938,False
221019-E2_Out,1043,12,212.81589955091476,161.0099000185728,False
221019-E2_Out,1044,3,167.0,245.0,False
221019-E2_Out,1044,4,165.26794278621674,247.95452451705933,False
221019-E2_Out,1044,5,164.90256640315056,248.53881126642227,False
221019-E2_Out,1044,6,164.85377755761147,248.6137568578124,False
221019-E2_Out,1044,7,164.83953019976616,248.70318214595318,False
221019-E2_Out,1044,8,164.69059827923775,248.74164009839296,False
221019-E2_Out,1044,9,164.5520513355732,248.74805384874344,False
221019-E2_Out,1045,3,138.0,202.0,False
221019-E2_Out,1045,4,134.42407059669495,202.50524878501892,False
221019-E2_Out,1045,5,134.38509759306908,202.6194691285491,False
221019-E2_Out,1045,6,134.3670338988304,202.61416329443455,False
221019-E2_Out,1045,7,134.3470329195261,202.6304436698556,False
221019-E2_Out,1045,8,134.26126025617123,202.6597994416952,False
221019-E2_Out,1045,9,134.22064985334873,202.67310804873705,False
221019-E2_Out,1045,10,134.19462728500366,202.67915391921997,False
221019-E2_Out,1045,11,134.1124515235424,202.6756624057889,False
221019-E2_Out,1046,3,197.0,243.0,False
221019-E2_Out,1046,4,196.75498780608177,245.0875437259674,False
221019-E2_Out,1046,5,196.72859229147434,245.0779589638114,False
221019-E2_Out,1046,6,196.7518106997013,245.0872109979391,False
221019-E2_Out,1046,7,196.6837883591652,245.02299643307924,False
221019-E2_Out,1047,3,238.0,188.0,False
221019-E2_Out,1047,4,238.90724658966064,188.13566145300865,False
221019-E2_Out,1047,5,238.91522207856178,188.1612824872136,False
221019-E2_Out,1047,6,238.86887156963348,188.1639093607664,False
221019-E2_Out,1047,7,238.59303429722786,188.04836561530828,False
221019-E2_Out,1047,8,238.57182298600674,188.12373968958855,False
221019-E2_Out,1047,9,238.5470955967903,188.12147166579962,False
221019-E2_Out,1047,10,238.22103852033615,188.35928716510534,False
221019-E2_Out,1048,3,236.0,168.0,False
221019-E2_Out,1048,4,236.53941106796265,167.79892128705978,False
221019-E2_Out,1048,5,236.53350844979286,167.82849673181772,False
221019-E2_Out,1048,6,236.57935535162687,167.87242752313614,False
221019-E2_Out,1048,7,236.51217291504145,167.69378060102463,False
221019-E2_Out,1048,8,236.57103694975376,167.78935892134905,False
221019-E2_Out,1048,9,236.46584464609623,167.7810324728489,False
221019-E2_Out,1048,10,236.31955380737782,167.6528847515583,False
221019-E2_Out,1048,11,236.26841327548027,167.82616913318634,False
221019-E2_Out,1049,4,220.0,237.0,True
221019-E2_Out,1050,4,160.0,161.0,True
221019-E8_Out,1051,3,308.0,229.0,False
221019-E8_Out,1051,4,305.93498277664185,228.8762761875987,False
221019-E8_Out,1051,5,305.9362281560898,228.8361289948225,False
221019-E8_Out,1051,6,305.925417765975,228.79142109304667,False
221019-E8_Out,1051,7,305.91057731211185,228.73657536506653,False
221019-E8_Out,1051,8,305.8990221619606,228.69537778943777,False
221019-E8_Out,1051,9,305.898243740201,228.66045026481152,False
221019-E8_Out,1051,10,305.89259734749794,228.62273962050676,False
221019-E8_Out,1052,3,300.0,200.0,False
221019-E8_Out,1052,4,298.3694920539856,198.21682512760162,False
221019-E8_Out,1052,5,298.39500468969345,198.27590104192495,False
221019-E8_Out,1052,6,298.3576564490795,198.3049769103527,False
221019-E8_Out,1052,7,298.3175308704376,198.3284008577466,False
221019-E8_Out,1052,8,298.34250013530254,198.3575242459774,False
221019-E8_Out,1052,9,298.3456980884075,198.37861231714487,False
221019-E8_Out,1052,10,298.2897127866745,198.3789952993393,False
221019-E8_Out,1052,11,298.22750067710876,198.39343846589327,False
221019-E8_Out,1053,3,304.0,155.0,False
221019-E8_Out,1053,4,303.40366101264954,154.3291375041008,False
221019-E8_Out,1053,5,303.2025367617607,154.31097729504108,False
221019-E8_Out,1054,3,247.0,238.0,False
221019-E8_Out,1054,4,246.84567412734032,238.32767739892006,False
221019-E8_Out,1054,5,246.83276084065437,238.36313121765852,False
221019-E8_Out,1054,6,246.8295150846243,238.37535497546196,False
221019-E8_Out,1054,7,246.76568800210953,238.39656239002943,False
221019-E8_Out,1054,8,246.78107011318207,238.41458608210087,False
221019-E8_Out,1054,9,246.73222228884697,238.44685266166925,False
221019-E8_Out,1055,3,255.0,160.0,False
221019-E8_Out,1055,4,254.92148040235043,159.89314360171556,False
221019-E8_Out,1055,5,254.80258022248745,159.90839035063982,False
221019-E8_Out,1055,6,254.7340263724327,159.88740619271994,False
221019-E8_Out,1055,7,254.59102374315262,159.85434617847204,False
221019-E8_Out,1055,8,254.43786150217056,159.81958497315645,False
221019-E8_Out,1055,9,254.35579043626785,159.80500826984644,False
221019-E8_Out,1055,10,254.23976173996925,159.74490430951118,False
221019-E8_Out,1056,3,273.0,137.0,False
221019-E8_Out,1056,4,272.6628569662571,137.05180740356445,False
221019-E8_Out,1056,5,272.3582257628441,137.0089481845498,False
221019-E8_Out,1056,6,272.1927307546139,136.9502423852682,False
221019-E8_Out,1056,7,271.86681950092316,136.90608029812574,False
221019-E8_Out,1056,8,271.6666306555271,136.83316114544868,False
221019-E8_Out,1057,3,257.0,240.0,False
221019-E8_Out,1057,4,256.8208255171776,240.20590248703957,False
221019-E8_Out,1057,5,256.8049543648958,240.1936980560422,False
221019-E8_Out,1057,6,256.81947334110737,240.19723531603813,False
221019-E8_Out,1057,7,256.8062874227762,240.2048825249076,False
221019-E8_Out,1057,8,256.79289051890373,240.17880204319954,False
221019-E8_Out,1057,9,256.7677533328533,240.1760352626443,False
221019-E8_Out,1057,10,256.74281173944473,240.16758850216866,False
221019-E8_Out,1057,11,256.7226911187172,240.14312510937452,False
221019-E8_Out,1057,12,256.70266227424145,240.11619620025158,False
221019-E8_Out,1058,3,265.0,124.0,False
221019-E8_Out,1058,4,264.71491503715515,124.05500771850348,False
221019-E8_Out,1058,5,264.4500514268875,124.00076967477798,False
221019-E8_Out,1058,6,264.252764582634,123.95814955979586,False
221019-E8_Out,1058,7,264.01087513566017,123.83044607192278,False
221019-E8_Out,1059,3,262.0,195.0,False
221019-E8_Out,1059,4,261.37540996074677,194.76787489652634,False
221019-E8_Out,1059,5,261.38218949735165,194.78807162493467,False
221019-E8_Out,1060,3,280.0,165.0,False
221019-E8_Out,1060,4,279.7278991639614,164.84514737129211,False
221019-E8_Out,1060,5,279.726693585515,164.8359099254012,False
221019-E8_Out,1060,6,279.7055303901434,164.83845122158527,False
221019-E8_Out,1060,7,279.6782418191433,164.82131800800562,False
221019-E8_Out,1060,8,279.6824985444546,164.81055714190006,False
221019-E8_Out,1060,9,279.6600538045168,164.807620562613,False
221019-E8_Out,1061,3,299.0,217.0,False
221019-E8_Out,1061,4,297.6198470592499,216.39419889450073,False
221019-E8_Out,1061,5,297.60625740885735,216.36220165342093,False
221019-E8_Out,1061,6,297.61219768226147,216.35138188302517,False
221019-E8_Out,1061,7,297.6035375893116,216.31841457635164,False
221019-E8_Out,1062,4,223.0,181.0,True
221019-E8_Out,1063,4,336.0,178.0,True
221024-E10_Out,1064,3,179.0,320.0,False
221024-E10_Out,1064,4,171.9108762741089,308.19153594970703,False
221024-E10_Out,1064,5,173.1846010684967,308.777844786644,False
221024-E10_Out,1064,6,173.45405304431915,307.80625289678574,False
221024-E10_Out,1064,7,175.55386221408844,308.784616291523,False
221024-E10_Out,1064,8,176.90777492523193,308.51344135403633,False
221024-E10_Out,1065,3,204.0,267.0,False
221024-E10_Out,1065,4,203.89007911086082,265.1857134103775,False
221024-E10_Out,1065,5,204.4621876180172,265.83236503601074,False
221024-E10_Out,1065,6,204.72219106554985,265.57915061712265,False
221024-E10_Out,1065,7,206.85543701052666,264.8614127635956,False
221024-E10_Out,1065,8,206.5768121778965,265.16587924957275,False
221024-E10_Out,1066,3,237.0,296.0,False
221024-E10_Out,1066,4,232.4500036239624,283.94677543640137,False
221024-E10_Out,1066,5,234.96909308433533,283.7703655362129,False
221024-E10_Out,1066,6,237.22437238693237,285.02658754587173,False
221024-E10_Out,1066,7,240.2939257621765,284.1744319796562,False
221024-E10_Out,1066,8,242.7955400943756,283.7865794301033,False
221024-E10_Out,1066,9,242.74417440593243,282.05656081438065,False
221024-E10_Out,1066,10,243.4165389984846,280.17314726114273,False
221024-E10_Out,1066,11,245.2165582627058,279.31274753808975,False
221024-E10_Out,1067,3,266.0,322.0,False
221024-E10_Out,1067,4,264.1574139595032,314.6206030845642,False
221024-E10_Out,1067,5,263.8292878270149,314.40113830566406,False
221024-E10_Out,1067,6,263.74891406297684,314.22936791181564,False
221024-E10_Out,1067,7,263.6436562538147,314.2369264140725,False
221024-E10_Out,1068,3,220.0,254.0,False
221024-E10_Out,1068,4,218.88150370121002,250.54674792289734,False
221024-E10_Out,1068,5,220.34898030757904,252.38244223594666,False
221024-E10_Out,1068,6,222.43309652805328,251.99936375021935,False
221024-E10_Out,1068,7,223.4893765449524,252.66203251481056,False
221024-E10_Out,1068,8,223.73852770030499,251.68755540251732,False
221024-E10_Out,1068,9,225.84614174067974,253.2156147658825,False
221024-E10_Out,1069,3,209.0,241.0,False
221024-E10_Out,1069,4,208.50341907143593,239.33098983764648,False
221024-E10_Out,1069,5,210.28084340691566,239.6905168890953,False
221024-E10_Out,1069,6,212.39238587021828,239.71446123719215,False
221024-E10_Out,1069,7,212.54840382933617,240.16242787241936,False
221024-E10_Out,1069,8,212.04014453291893,240.7002396285534,False
221024-E10_Out,1070,3,224.0,292.0,False
221024-E10_Out,1070,4,219.4196171760559,276.15571308135986,False
221024-E10_Out,1070,5,219.59823082387447,276.12868558615446,False
221024-E10_Out,1070,6,220.43496046960354,276.6776869222522,False
221024-E10_Out,1070,7,221.01893661916256,276.61044178903103,False
221024-E10_Out,1070,8,220.10338078439236,275.678744956851,False
221024-E10_Out,1071,3,193.0,252.0,False
221024-E10_Out,1071,4,193.04672630876303,250.77999639511108,False
221024-E10_Out,1071,5,193.3560877069831,252.0321924686432,False
221024-E10_Out,1071,6,194.76232220977545,252.5706729888916,False
221024-E10_Out,1072,3,203.0,296.0,False
221024-E10_Out,1072,4,200.71519017219543,285.40003395080566,False
221024-E10_Out,1072,5,203.17791724205017,284.6510756611824,False
221024-E10_Out,1072,6,203.68801069259644,287.2342191338539,False
221024-E10_Out,1072,7,207.12016558647156,287.15779729932547,False
221024-E10_Out,1072,8,206.66553828120232,286.9573450013995,False
221024-E10_Out,1072,9,207.93837520480156,286.58598931878805,False
221024-E10_Out,1073,3,189.0,264.0,False
221024-E10_Out,1073,4,188.78385797142982,261.68775057792664,False
221024-E10_Out,1073,5,189.41072699427605,262.19207787513733,False
221024-E10_Out,1073,6,190.71617433428764,262.7473277449608,False
221024-E10_Out,1073,7,192.37029454112053,261.79035210609436,False
221024-E10_Out,1073,8,192.51537130773067,261.5787242054939,False
221024-E10_Out,1073,9,193.84059546887875,262.52295273542404,False
221024-E10_Out,1073,10,195.1751895993948,262.70844404399395,False
221024-E10_Out,1074,4,165.0,292.0,True
221024-E13_Out,1076,3,248.0,229.0,False
221024-E13_Out,1076,4,247.01840674877167,228.67102190852165,False
221024-E13_Out,1076,5,246.9886054098606,228.73808648437262,False
221024-E13_Out,1076,6,246.94867284595966,228.8185115456581,False
221024-E13_Out,1076,7,246.88280729949474,228.8685607984662,False
221024-E13_Out,1076,8,246.901541903615,228.89818732440472,False
221024-E13_Out,1076,9,246.93232974410057,228.94932360202074,False
221024-E13_Out,1076,10,246.8310597538948,229.0924808755517,False
221024-E13_Out,1076,11,246.82791078090668,229.10043631494045,False
221024-E13_Out,1077,3,314.0,234.0,False
221024-E13_Out,1077,4,311.76538944244385,226.89027500152588,False
221024-E13_Out,1077,5,311.9363013356924,226.7954568490386,False
221024-E13_Out,1077,6,312.9794105142355,227.08610235899687,False
221024-E13_Out,1077,7,314.339626416564,227.09598080813885,False
221024-E13_Out,1077,8,314.65402184426785,227.25923807919025,False
221024-E13_Out,1077,9,313.8174097388983,226.7429360896349,False
221024-E13_Out,1077,10,313.63274036347866,226.6323285922408,False
221024-E13_Out,1077,11,313.62628772854805,226.72305418550968,False
221024-E13_Out,1077,12,313.6424162685871,226.84331417828798,False
221024-E13_Out,1078,3,305.0,184.0,False
221024-E13_Out,1078,4,305.1725438684225,183.8520780801773,False
221024-E13_Out,1078,5,305.15501640737057,183.83792040497065,False
221024-E13_Out,1078,6,305.10751259326935,183.80757954716682,False
221024-E13_Out,1078,7,305.1673981323838,183.81838353723288,False
221024-E13_Out,1078,8,305.1314048245549,183.83841209113598,False
221024-E13_Out,1078,9,305.2247001156211,183.82300681620836,False
221024-E13_Out,1078,10,304.99258210510015,183.785525649786,False
221024-E13_Out,1078,11,304.9587626978755,183.80893500894308,False
221024-E13_Out,1079,3,299.0,223.0,False
221024-E13_Out,1079,4,298.1423786878586,220.11878943443298,False
221024-E13_Out,1079,5,298.52230858802795,220.26660326123238,False
221024-E13_Out,1079,6,297.86693024635315,220.46968150138855,False
221024-E13_Out,1079,7,298.65623247623444,221.13999152183533,False
221024-E13_Out,1079,8,299.3465875387192,221.81855458021164,False
221024-E13_Out,1079,9,299.5784046649933,221.06003957986832,False
221024-E13_Out,1079,10,299.73937402665615,221.37138718366623,False
221024-E13_Out,1079,11,300.23290707170963,221.6210313141346,False
221024-E13_Out,1079,12,300.9725145250559,222.01330372691154,False
221024-E13_Out,1080,3,257.0,243.0,False
221024-E13_Out,1080,4,255.68006110191345,242.6292740404606,False
221024-E13_Out,1080,5,255.6774034947157,242.67366113513708,False
221024-E13_Out,1080,6,255.7114513516426,242.71159027516842,False
221024-E13_Out,1080,7,255.54123494029045,242.76479192823172,False
221024-E13_Out,1080,8,255.5668882727623,242.8121508806944,False
221024-E13_Out,1080,9,255.60839135944843,242.85811834782362,False
221024-E13_Out,1080,10,255.58738008141518,242.94604320824146,False
221024-E13_Out,1081,3,253.0,244.0,False
221024-E13_Out,1081,4,251.97224307060242,243.75625696778297,False
221024-E13_Out,1081,5,251.93521957099438,243.828528188169,False
221024-E13_Out,1081,6,251.95898701250553,243.8663904964924,False
221024-E13_Out,1081,7,251.8707493841648,243.99889850616455,False
221024-E13_Out,1081,8,251.86647433042526,244.01342461258173,False
221024-E13_Out,1081,9,251.90350127965212,244.08528698980808,False
221024-E13_Out,1081,10,251.853842549026,244.14929673820734,False
221024-E13_Out,1082,3,292.0,174.0,False
221024-E13_Out,1082,4,292.14750327169895,173.97361030429602,False
221024-E13_Out,1082,5,292.1734959334135,173.9827301055193,False
221024-E13_Out,1082,6,292.3542680591345,174.08764854818583,False
221024-E13_Out,1082,7,292.51351840794086,174.12499903142452,False
221024-E13_Out,1082,8,292.56139673292637,174.24188113957644,False
221024-E13_Out,1082,9,293.3301483541727,174.20293144881725,False
221024-E13_Out,1082,10,293.3557889312506,174.4419797807932,False
221024-E13_Out,1082,11,293.28669345378876,175.21268333494663,False
221024-E13_Out,1083,3,278.0,228.0,False
221024-E13_Out,1083,4,275.9728751182556,225.52358388900757,False
221024-E13_Out,1083,5,275.88066820800304,225.58041311055422,False
221024-E13_Out,1083,6,275.84342853724957,225.58367593586445,False
221024-E13_Out,1083,7,275.8275615423918,225.68787325173616,False
221024-E13_Out,1083,8,275.83723954856396,225.80768711864948,False
221024-E13_Out,1083,9,275.84388460218906,225.85704316943884,False
221024-E13_Out,1083,10,275.86994871497154,225.9096286147833,False
221024-E13_Out,1083,11,275.88036665320396,225.93599840253592,False
221024-E13_Out,1084,3,257.0,192.0,False
221024-E13_Out,1084,4,256.99483563005924,191.99173832684755,False
221024-E13_Out,1084,5,256.9718087464571,192.0311890244484,False
221024-E13_Out,1084,6,256.93569727241993,192.03062158077955,False
221024-E13_Out,1084,7,257.01361625641584,192.10755130648613,False
221024-E13_Out,1084,8,257.0689678043127,192.19423434883356,False
221024-E13_Out,1084,9,256.88230611383915,192.45083988457918,False
221024-E13_Out,1084,10,256.85941867530346,192.48255382478237,False
221024-E13_Out,1084,11,256.8502917736769,192.50825903564692,False
221024-E13_Out,1085,4,207.0,219.0,True
221024-E13_Out,1086,4,335.0,209.0,True
221024-E2_Out,1097,3,244.0,193.0,False
221024-E2_Out,1097,4,238.73012495040894,191.08823657035828,False
221024-E2_Out,1097,5,237.3317687511444,190.61922603845596,False
221024-E2_Out,1097,6,236.58543753623962,190.1756630539894,False
221024-E2_Out,1097,7,236.55087339878082,189.67532616853714,False
221024-E2_Out,1097,8,236.3807848095894,189.2028972506523,False
221024-E2_Out,1097,9,236.35520964860916,188.87172853946686,False
221024-E2_Out,1097,10,236.1701078414917,188.85228588432074,False
221024-E2_Out,1098,3,212.0,170.0,False
221024-E2_Out,1098,4,210.75504171848297,169.25513178110123,False
221024-E2_Out,1098,5,209.6800651550293,168.71372121572495,False
221024-E2_Out,1098,6,209.3380444943905,168.37449565529823,False
221024-E2_Out,1098,7,208.81209787726402,167.01227858662605,False
221024-E2_Out,1098,8,208.71965374052525,166.4205138385296,False
221024-E2_Out,1098,9,208.53059799969196,165.74959328770638,False
221024-E2_Out,1098,10,208.06040512025356,165.407350897789,False
221024-E2_Out,1099,3,205.0,177.0,False
221024-E2_Out,1099,4,204.06538569927216,176.56248700618744,False
221024-E2_Out,1099,5,203.58268651366234,176.3884092271328,False
221024-E2_Out,1099,6,203.33745631575584,176.23715102672577,False
221024-E2_Out,1099,7,202.72788855433464,175.92014229297638,False
221024-E2_Out,1099,8,202.57798129320145,175.64910876750946,False
221024-E2_Out,1100,3,245.0,213.0,False
221024-E2_Out,1100,4,239.6618151664734,213.03184097260237,False
221024-E2_Out,1100,5,236.9942638874054,212.63071220368147,False
221024-E2_Out,1100,6,235.65052545070648,212.51424369215965,False
221024-E2_Out,1100,7,236.3325742483139,211.1836687028408,False
221024-E2_Out,1100,8,236.77084386348724,210.48401454091072,False
221024-E2_Out,1100,9,237.3495253920555,210.45407860726118,False
221024-E2_Out,1101,3,202.0,214.0,False
221024-E2_Out,1101,4,200.8007833957672,213.84751889109612,False
221024-E2_Out,1101,5,200.54184564948082,213.80916161090136,False
221024-E2_Out,1101,6,200.40109798312187,213.6505390778184,False
221024-E2_Out,1101,7,199.45771798491478,212.95976672321558,False
221024-E2_Out,1101,8,198.98265236616135,212.65562406927347,False
221024-E2_Out,1101,9,198.66097769141197,212.27084989100695,False
221024-E2_Out,1101,10,198.5535723567009,212.20589104294777,False
221024-E2_Out,1102,3,264.0,162.0,False
221024-E2_Out,1102,4,259.87489223480225,157.65119075775146,False
221024-E2_Out,1102,5,259.57003405690193,157.0423526763916,False
221024-E2_Out,1102,6,259.28444439172745,156.73364266753197,False
221024-E2_Out,1102,7,258.9791242778301,156.33624130487442,False
221024-E2_Out,1102,8,258.81056225299835,156.11570978164673,False
221024-E2_Out,1102,9,258.5779308974743,155.9562229514122,False
221024-E2_Out,1102,10,258.6517698094249,155.96660493314266,False
221024-E2_Out,1102,11,259.1761327907443,155.77756388485432,False
221024-E2_Out,1103,3,245.0,156.0,False
221024-E2_Out,1103,4,242.41033911705017,154.62595295906067,False
221024-E2_Out,1103,5,241.99683424830437,154.14359432458878,False
221024-E2_Out,1103,6,241.7728971838951,153.9451615512371,False
221024-E2_Out,1103,7,241.62417009472847,153.41707327961922,False
221024-E2_Out,1103,8,241.38106307387352,153.26456516981125,False
221024-E2_Out,1103,9,241.19513216614723,152.97913977503777,False
221024-E2_Out,1103,10,241.26266822963953,152.80300071835518,False
221024-E2_Out,1104,3,200.0,181.0,False
221024-E2_Out,1104,4,198.73759365081787,180.47581338882446,False
221024-E2_Out,1104,5,197.90533030033112,180.23932775855064,False
221024-E2_Out,1104,6,197.72641956806183,180.02564296126366,False
221024-E2_Out,1104,7,196.55942356586456,179.79260218143463,False
221024-E2_Out,1104,8,196.2803477346897,179.11953926086426,False
221024-E2_Out,1105,3,267.0,191.0,False
221024-E2_Out,1105,4,263.12494444847107,189.78654277324677,False
221024-E2_Out,1105,5,262.68949368596077,189.47164624929428,False
221024-E2_Out,1105,6,262.5305620729923,189.3315496146679,False
221024-E2_Out,1105,7,262.3875159025192,189.21153394132853,False
221024-E2_Out,1105,8,262.3161823153496,189.13970635831356,False
221024-E2_Out,1105,9,262.20918503403664,189.06533577293158,False
221024-E2_Out,1106,3,216.0,155.0,False
221024-E2_Out,1106,4,215.4608849287033,154.699577242136,False
221024-E2_Out,1106,5,215.1294113099575,154.53319162130356,False
221024-E2_Out,1106,6,214.95425134897232,154.39048424363136,False
221024-E2_Out,1106,7,214.7670238316059,154.02441638708115,False
221024-E2_Out,1106,8,214.54558846354485,153.69023486971855,False
221024-E2_Out,1107,3,214.0,185.0,False
221024-E2_Out,1107,4,212.65327179431915,184.45844328403473,False
221024-E2_Out,1107,5,212.31118649244308,184.33117973804474,False
221024-E2_Out,1107,6,211.85053250193596,184.10552617907524,False
221024-E2_Out,1107,7,211.55151572823524,183.6586318910122,False
221024-E2_Out,1107,8,211.26211547851562,183.1202235519886,False
221024-E2_Out,1107,9,210.78699812293053,182.61039820313454,False
221024-E2_Out,1108,3,269.0,195.0,False
221024-E2_Out,1108,4,264.91998624801636,193.35542058944702,False
221024-E2_Out,1108,5,264.652086943388,193.1698748767376,False
221024-E2_Out,1108,6,264.6355423927307,193.13999427109957,False
221024-E2_Out,1108,7,264.525404304266,193.11947564780712,False
221024-E2_Out,1108,8,264.50776495039463,193.11768596619368,False
221024-E2_Out,1109,4,227.0,232.0,True
221024-E2_Out,1110,4,228.0,144.0,True
221024-E3_Out,1111,3,268.0,231.0,False
221024-E3_Out,1111,4,263.64655017852783,232.59547197818756,False
221024-E3_Out,1111,5,263.6073688566685,232.5686786994338,False
221024-E3_Out,1111,6,263.59139731526375,232.54907204210758,False
221024-E3_Out,1111,7,263.5342946201563,232.5601792410016,False
221024-E3_Out,1111,8,263.42483930289745,232.53705474734306,False
221024-E3_Out,1111,9,263.31577138602734,232.52406372874975,False
221024-E3_Out,1111,10,263.2969316393137,232.54178746044636,False
221024-E3_Out,1111,11,262.96439047157764,232.49023059755564,False
221024-E3_Out,1112,3,248.0,227.0,False
221024-E3_Out,1112,4,237.6777687072754,227.31915134191513,False
221024-E3_Out,1112,5,237.5520268380642,226.92277133464813,False
221024-E3_Out,1112,6,237.76929834485054,227.00517048686743,False
221024-E3_Out,1112,7,237.5594579577446,226.56286569684744,False
221024-E3_Out,1112,8,237.4958372414112,226.56224362552166,False
221024-E3_Out,1112,9,237.0306630730629,225.7137964218855,False
221024-E3_Out,1112,10,236.92263567447662,225.19347368180752,False
221024-E3_Out,1113,3,209.0,208.0,False
221024-E3_Out,1113,4,208.98419199883938,208.92127931118011,False
221024-E3_Out,1113,5,209.60861144959927,207.826686501503,False
221024-E3_Out,1113,6,210.1975593417883,206.80035543441772,False
221024-E3_Out,1113,7,211.5891642421484,206.67309856414795,False
221024-E3_Out,1113,8,212.54887102544308,206.49685072898865,False
221024-E3_Out,1113,9,214.00063751637936,206.20867604017258,False
221024-E3_Out,1113,10,215.11845360696316,205.01687878370285,False
221024-E3_Out,1113,11,214.6921404749155,203.05088633298874,False
221024-E3_Out,1114,3,266.0,191.0,False
221024-E3_Out,1114,4,258.8987412452698,185.2039155960083,False
221024-E3_Out,1114,5,259.538359105587,185.36773252487183,False
221024-E3_Out,1114,6,259.5222586095333,184.97851878404617,False
221024-E3_Out,1114,7,260.04082307219505,185.13867843151093,False
221024-E3_Out,1114,8,259.7489674091339,184.98786580562592,False
221024-E3_Out,1114,9,259.95030300319195,185.60544395446777,False
221024-E3_Out,1114,10,259.76658268272877,185.0187486410141,False
221024-E3_Out,1114,11,259.46185030043125,184.37189584970474,False
221024-E3_Out,1115,3,200.0,202.0,False
221024-E3_Out,1115,4,201.6428645849228,203.26999008655548,False
221024-E3_Out,1115,5,201.9251225888729,201.64947080612183,False
221024-E3_Out,1115,6,202.4447930753231,200.80349934101105,False
221024-E3_Out,1115,7,202.8616478741169,200.31664204597473,False
221024-E3_Out,1115,8,203.96411803364754,200.57584950327873,False
221024-E3_Out,1115,9,205.0837266743183,199.88269785046577,False
221024-E3_Out,1115,10,204.8717545568943,198.72277358174324,False
221024-E3_Out,1116,3,250.0,193.0,False
221024-E3_Out,1116,4,245.81673383712769,190.85031533241272,False
221024-E3_Out,1116,5,246.3706083893776,190.77207050472498,False
221024-E3_Out,1116,6,246.6678428053856,190.5646466985345,False
221024-E3_Out,1116,7,247.08151185512543,190.7935672774911,False
221024-E3_Out,1116,8,247.11100604385138,190.72725565731525,False
221024-E3_Out,1116,9,247.14812925457954,190.86395320296288,False
221024-E3_Out,1117,3,211.0,185.0,False
221024-E3_Out,1117,4,212.24306726455688,185.76017093658447,False
221024-E3_Out,1117,5,212.61389139294624,185.68704425543547,False
221024-E3_Out,1117,6,213.5823885500431,185.79940102249384,False
221024-E3_Out,1117,7,215.24091628193855,186.51045648008585,False
221024-E3_Out,1117,8,216.183353215456,187.16936139017344,False
221024-E3_Out,1117,9,216.82490280270576,187.02267871052027,False
221024-E3_Out,1117,10,217.10003697872162,186.36505196243525,False
221024-E3_Out,1117,11,217.4846903681755,185.95999107509851,False
221024-E3_Out,1117,12,218.09103125333786,185.85546272993088,False
221024-E3_Out,1118,3,254.0,210.0,False
221024-E3_Out,1118,4,247.70935201644897,208.63537895679474,False
221024-E3_Out,1118,5,247.98447093367577,208.65292713791132,False
221024-E3_Out,1118,6,248.27415522933006,208.6303335726261,False
221024-E3_Out,1118,7,248.52091225981712,208.36092913150787,False
221024-E3_Out,1118,8,248.36713176965714,208.58240562677383,False
221024-E3_Out,1118,9,248.43208821862936,208.3101041316986,False
221024-E3_Out,1118,10,249.04058714956045,207.97013974189758,False
221024-E3_Out,1119,3,268.0,211.0,False
221024-E3_Out,1119,4,256.33625507354736,206.49256467819214,False
221024-E3_Out,1119,5,256.2410892546177,206.50363674014807,False
221024-E3_Out,1119,6,256.1859250664711,206.48515287041664,False
221024-E3_Out,1119,7,256.1170172840357,206.3818267956376,False
221024-E3_Out,1119,8,256.0517530590296,206.43646040558815,False
221024-E3_Out,1120,3,189.0,225.0,False
221024-E3_Out,1120,4,190.02667260169983,223.74635183811188,False
221024-E3_Out,1120,5,191.47918379306793,222.9627395272255,False
221024-E3_Out,1120,6,193.18481421470642,221.45736199617386,False
221024-E3_Out,1120,7,193.29931486397982,220.7664359807968,False
221024-E3_Out,1120,8,194.86977184563875,220.56099417805672,False
221024-E3_Out,1120,9,198.32335437089205,219.9308746755123,False
221024-E3_Out,1120,10,198.1826833859086,218.26556691527367,False
221024-E3_Out,1121,4,231.0,163.0,True
221024-E3_Out,1122,4,231.0,253.0,True
221024-E4_Out,1123,3,205.0,113.0,False
221024-E4_Out,1123,4,197.25568294525146,111.39199030399323,False
221024-E4_Out,1123,5,197.26861771941185,111.40652000159025,False
221024-E4_Out,1123,6,197.24627532064915,111.43891717493534,False
221024-E4_Out,1123,7,197.1916854828596,111.46086183935404,False
221024-E4_Out,1123,8,197.17068000137806,111.45668691396713,False
221024-E4_Out,1123,9,197.16902528703213,111.49544855207205,False
221024-E4_Out,1123,10,197.16541443765163,111.51860423386097,False
221024-E4_Out,1123,11,197.08896631002426,111.52944622188807,False
221024-E4_Out,1123,12,197.10361459851265,111.55148029327393,False
221024-E4_Out,1124,3,198.0,91.0,False
221024-E4_Out,1124,4,185.73597240447998,87.85430240631104,False
221024-E4_Out,1124,5,185.7218979895115,87.89109698683023,False
221024-E4_Out,1124,6,185.59357678890228,87.87526524066925,False
221024-E4_Out,1124,7,185.53598175942898,87.9020772203803,False
221024-E4_Out,1124,8,185.49231919646263,87.92399545013905,False
221024-E4_Out,1124,9,185.5330496877432,87.96503279358149,False
221024-E4_Out,1124,10,185.53642734885216,88.01960331201553,False
221024-E4_Out,1125,3,145.0,118.0,False
221024-E4_Out,1125,4,144.5359989106655,118.05010654777288,False
221024-E4_Out,1125,5,144.5349768847227,118.05821700394154,False
221024-E4_Out,1125,6,144.3739384561777,117.9347547069192,False
221024-E4_Out,1125,7,144.37823072075844,117.96378700435162,False
221024-E4_Out,1127,3,203.0,133.0,False
221024-E4_Out,1127,4,202.09628629684448,134.97350978851318,False
221024-E4_Out,1128,3,130.0,100.0,False
221024-E4_Out,1128,4,129.82112827897072,100.0058102235198,False
221024-E4_Out,1128,5,129.7970956414938,100.03391143679619,False
221024-E4_Out,1128,6,129.78050364553928,100.02628397196531,False
221024-E4_Out,1128,7,129.99358792603016,100.20241602510214,False
221024-E4_Out,1128,8,129.93071167171001,100.27207128703594,False
221024-E4_Out,1128,9,129.84183187782764,100.34415594488382,False
221024-E4_Out,1129,3,216.0,84.0,False
221024-E4_Out,1129,4,213.45459604263306,78.07397222518921,False
221024-E4_Out,1129,5,213.51519569009542,78.03530883044004,False
221024-E4_Out,1129,6,213.52053616195917,78.02548788487911,False
221024-E4_Out,1129,7,213.513160713017,78.0260920599103,False
221024-E4_Out,1129,8,213.52599652856588,78.01293843984604,False
221024-E4_Out,1129,9,213.49962597340345,78.043282084167,False
221024-E4_Out,1129,10,213.45187366753817,78.06838221848011,False
221024-E4_Out,1129,11,213.44513354450464,78.10101590305567,False
221024-E4_Out,1130,3,163.0,75.0,False
221024-E4_Out,1130,4,161.99755346775055,74.74504208564758,False
221024-E4_Out,1130,5,162.03643105179071,74.78527622669935,False
221024-E4_Out,1130,6,162.04521230608225,74.80755691230297,False
221024-E4_Out,1130,7,162.06788121908903,74.87478063255548,False
221024-E4_Out,1130,8,162.05150768905878,74.92623168230057,False
221024-E4_Out,1130,9,161.92174220830202,74.97496180981398,False
221024-E4_Out,1130,10,161.9007937386632,74.97493617236614,False
221024-E4_Out,1131,3,220.0,100.0,False
221024-E4_Out,1131,4,219.2555946111679,96.57148671150208,False
221024-E4_Out,1132,3,160.0,62.0,False
221024-E4_Out,1132,4,159.33526241779327,61.95238747447729,False
221024-E4_Out,1132,5,159.39768152683973,62.007434129714966,False
221024-E4_Out,1132,6,159.3604847714305,62.09956570714712,False
221024-E4_Out,1132,7,159.40309083461761,62.156744346022606,False
221024-E4_Out,1132,8,159.4492195919156,62.04263664036989,False
221024-E4_Out,1132,9,159.31746981292963,62.17584843188524,False
221024-E4_Out,1132,10,159.23356997221708,62.157485246658325,False
221024-E4_Out,1133,3,160.0,103.0,False
221024-E4_Out,1133,4,156.2406623363495,103.49901142716408,False
221024-E4_Out,1133,5,156.22054839134216,103.52653624862432,False
221024-E4_Out,1133,6,155.88616570830345,103.275062315166,False
221024-E4_Out,1133,7,156.24042010307312,103.13046547025442,False
221024-E4_Out,1133,8,156.42588882148266,103.88280119746923,False
221024-E4_Out,1133,9,156.66315142810345,103.94091488420963,False
221024-E4_Out,1133,10,156.16738112270832,104.66284574568272,False
221024-E4_Out,1134,3,227.0,75.0,False
221024-E4_Out,1134,4,223.13899874687195,69.11889266967773,False
221024-E4_Out,1134,5,222.9151673913002,69.05398102849722,False
221024-E4_Out,1134,6,222.91875551640987,68.97182799875736,False
221024-E4_Out,1134,7,222.98479133844376,68.95198927074671,False
221024-E4_Out,1134,8,222.992469727993,68.9075542986393,False
221024-E4_Out,1134,9,222.88784956932068,68.97547899931669,False
221024-E4_Out,1134,10,222.86263059079647,68.99823848903179,False
221024-E4_Out,1136,4,181.0,142.0,True
221024-E5_Out,1137,3,190.0,318.0,False
221024-E5_Out,1137,4,189.81181624531746,318.41133564710617,False
221024-E5_Out,1137,5,189.7879514247179,318.4321523234248,False
221024-E5_Out,1137,6,189.78468856215477,318.4772369712591,False
221024-E5_Out,1137,7,189.75918312370777,318.49796030670404,False
221024-E5_Out,1137,8,189.70865143835545,318.43422359228134,False
221024-E5_Out,1137,9,189.7240172624588,318.47811587899923,False
221024-E5_Out,1138,3,201.0,300.0,False
221024-E5_Out,1138,4,212.81378841400146,297.1520049571991,False
221024-E5_Out,1138,5,212.60945230722427,296.8665056824684,False
221024-E5_Out,1138,6,213.0005437731743,296.67430916428566,False
221024-E5_Out,1138,7,213.05090326815844,296.48952582478523,False
221024-E5_Out,1138,8,213.73017115145922,295.9962042272091,False
221024-E5_Out,1138,9,213.79765278100967,295.61266055703163,False
221024-E5_Out,1139,3,187.0,289.0,False
221024-E5_Out,1139,4,181.68433809280396,280.78859424591064,False
221024-E5_Out,1139,5,181.67637856304646,280.5494270324707,False
221024-E5_Out,1139,6,181.83046938478947,280.044296503067,False
221024-E5_Out,1139,7,182.00615091621876,279.4502645134926,False
221024-E5_Out,1140,3,130.0,267.0,False
221024-E5_Out,1140,4,128.06288409233093,266.27121871709824,False
221024-E5_Out,1140,5,127.4300183057785,265.7961718440056,False
221024-E5_Out,1140,6,129.00145971775055,265.60364735126495,False
221024-E5_Out,1140,7,129.89704179763794,265.057146191597,False
221024-E5_Out,1140,8,129.9610325321555,264.5721269249916,False
221024-E5_Out,1141,3,136.0,284.0,False
221024-E5_Out,1141,4,133.81094193458557,283.41849476099014,False
221024-E5_Out,1141,5,133.4091381728649,283.1391808986664,False
221024-E5_Out,1141,6,133.8398907482624,282.66600781679153,False
221024-E5_Out,1141,7,134.2314215004444,282.4768527150154,False
221024-E5_Out,1141,8,133.9780800640583,282.1575236916542,False
221024-E5_Out,1141,9,134.40942174196243,281.9230070114136,False
221024-E5_Out,1142,3,192.0,280.0,False
221024-E5_Out,1142,4,185.0405068397522,264.8319330215454,False
221024-E5_Out,1142,5,185.0863220989704,264.0837826728821,False
221024-E5_Out,1142,6,185.90644589066505,263.1391460299492,False
221024-E5_Out,1142,7,186.66765394806862,261.84244245290756,False
221024-E5_Out,1142,8,185.7069047987461,260.28454917669296,False
221024-E5_Out,1142,9,186.4767508804798,259.1433557868004,False
221024-E5_Out,1142,10,187.10015550255775,258.63860327005386,False
221024-E5_Out,1143,3,115.0,313.0,False
221024-E5_Out,1143,4,110.3323621749878,311.7259840965271,False
221024-E5_Out,1143,5,109.56703007221222,310.907031416893,False
221024-E5_Out,1143,6,109.46738010644913,310.2688249349594,False
221024-E5_Out,1143,7,109.57562729716301,309.6693764925003,False
221024-E5_Out,1144,3,139.0,308.0,False
221024-E5_Out,1144,4,128.89074993133545,306.93996012210846,False
221024-E5_Out,1144,5,127.41860318183899,305.8821338415146,False
221024-E5_Out,1144,6,128.3481948375702,304.43254601955414,False
221024-E5_Out,1144,7,128.27033258974552,303.4397639632225,False
221024-E5_Out,1144,8,127.28050829470158,302.5844894647598,False
221024-E5_Out,1144,9,128.94688703119755,302.5566149801016,False
221024-E5_Out,1145,3,191.0,308.0,False
221024-E5_Out,1145,4,194.38197922706604,306.65784752368927,False
221024-E5_Out,1145,5,194.355009034276,306.6794067546725,False
221024-E5_Out,1145,6,194.35510182380676,306.7372515052557,False
221024-E5_Out,1145,7,194.36701284348965,306.7909075990319,False
221024-E5_Out,1145,8,194.27711954712868,306.7552849948406,False
221024-E5_Out,1145,9,194.27120542526245,306.7690949961543,False
221024-E5_Out,1146,3,122.0,325.0,False
221024-E5_Out,1146,4,116.6210446357727,323.33326983451843,False
221024-E5_Out,1146,5,115.95926606655121,322.52059054374695,False
221024-E5_Out,1146,6,114.82614457607269,321.3025451898575,False
221024-E5_Out,1146,7,115.2132208943367,320.37216478586197,False
221024-E5_Out,1146,8,113.98798817396164,319.6893340945244,False
221024-E5_Out,1147,3,124.0,273.0,False
221024-E5_Out,1147,4,117.23763847351074,271.84039986133575,False
221024-E5_Out,1147,5,116.69622266292572,271.5604147911072,False
221024-E5_Out,1147,6,118.91392695903778,271.4584124907851,False
221024-E5_Out,1147,7,120.48731982707977,271.0201452597976,False
221024-E5_Out,1147,8,120.97102636098862,270.6370005533099,False
221024-E5_Out,1148,3,182.0,305.0,False
221024-E5_Out,1148,4,171.51212978363037,299.2386865615845,False
221024-E5_Out,1148,5,171.19455072283745,299.1372771039605,False
221024-E5_Out,1148,6,171.2542916610837,298.7377573624253,False
221024-E5_Out,1148,7,170.99387703090906,298.40560583025217,False
221024-E5_Out,1148,8,169.78059086948633,298.06763384491205,False
221024-E5_Out,1148,9,169.68410258740187,297.7845445647836,False
221024-E5_Out,1148,10,169.45374094694853,297.6095441952348,False
221024-E5_Out,1149,4,158.0,243.0,True
221024-E5_Out,1150,4,158.0,334.0,True
221024-E8_Out,1151,3,263.0,189.0,False
221024-E8_Out,1151,4,249.35669422149658,176.0843849182129,False
221024-E8_Out,1151,5,251.75862646102905,176.45556190609932,False
221024-E8_Out,1151,6,252.49406468868256,174.6406446993351,False
221024-E8_Out,1151,7,253.7795226573944,174.7021646015346,False
221024-E8_Out,1151,8,254.48637533187866,174.76472363248467,False
221024-E8_Out,1151,9,256.3714544773102,175.67368600144982,False
221024-E8_Out,1151,10,258.4460959434509,176.00088537111878,False
221024-E8_Out,1152,3,259.0,130.0,False
221024-E8_Out,1152,4,259.0803408175707,125.2547960281372,False
221024-E8_Out,1152,5,261.29032273590565,125.66821482777596,False
221024-E8_Out,1152,6,261.13497610390186,122.79765489697456,False
221024-E8_Out,1152,7,262.5914557725191,121.51188352704048,False
221024-E8_Out,1152,8,263.1669282466173,121.45022691041231,False
221024-E8_Out,1152,9,263.1256523132324,122.55342746526003,False
221024-E8_Out,1152,10,264.2279517650604,123.22500289231539,False
221024-E8_Out,1152,11,264.23196460306644,122.57449764758348,False
221024-E8_Out,1153,3,284.0,187.0,False
221024-E8_Out,1153,4,275.74099922180176,170.6953945159912,False
221024-E8_Out,1153,5,277.081156373024,170.27267628908157,False
221024-E8_Out,1153,6,277.15200738608837,167.7096956372261,False
221024-E8_Out,1153,7,278.01050083339214,167.78343718498945,False
221024-E8_Out,1153,8,278.76143638789654,167.5377156957984,False
221024-E8_Out,1153,9,279.92471139132977,167.55097480118275,False
221024-E8_Out,1153,10,282.0511476248503,168.56537480652332,False
221024-E8_Out,1153,11,282.88720743358135,166.58459325134754,False
221024-E8_Out,1153,12,285.2555078715086,166.2434416860342,False
221024-E8_Out,1154,3,280.0,189.0,False
221024-E8_Out,1154,4,271.459436416626,173.20567226409912,False
221024-E8_Out,1154,5,273.64712500572205,173.08804700523615,False
221024-E8_Out,1154,6,273.78888633847237,169.81893775612116,False
221024-E8_Out,1154,7,274.781114846468,169.71775251626968,False
221024-E8_Out,1154,8,275.8459477722645,169.20958369970322,False
221024-E8_Out,1154,9,277.3237762749195,169.43162488937378,False
221024-E8_Out,1155,3,293.0,205.0,False
221024-E8_Out,1155,4,293.0484467446804,199.86583423614502,False
221024-E8_Out,1155,5,292.9598401635885,199.8380617275834,False
221024-E8_Out,1155,6,292.69147028028965,199.36373165994883,False
221024-E8_Out,1155,7,292.85013239085674,199.220254547894,False
221024-E8_Out,1155,8,292.7850361466408,198.56797743588686,False
221024-E8_Out,1155,9,292.2820698618889,198.0370161011815,False
221024-E8_Out,1155,10,292.0675067305565,198.82640320807695,False
221024-E8_Out,1156,3,283.0,130.0,False
221024-E8_Out,1156,4,282.61954256892204,126.92037868499756,False
221024-E8_Out,1156,5,283.580384939909,126.63763028383255,False
221024-E8_Out,1156,6,283.3137775659561,125.37493604421616,False
221024-E8_Out,1156,7,283.67980539798737,124.65800940990448,False
221024-E8_Out,1156,8,283.8951945602894,124.61072424799204,False
221024-E8_Out,1156,9,284.6907152235508,125.40265885740519,False
221024-E8_Out,1156,10,285.95348301529884,125.27058822661638,False
221024-E8_Out,1157,3,251.0,197.0,False
221024-E8_Out,1157,4,242.77106189727783,190.71409559249878,False
221024-E8_Out,1157,5,243.9867650270462,190.9845166504383,False
221024-E8_Out,1157,6,244.7889016866684,189.5392772257328,False
221024-E8_Out,1157,7,246.2279750108719,189.25445365905762,False
221024-E8_Out,1157,8,246.91240334510803,189.65898802876472,False
221024-E8_Out,1157,9,248.9706416130066,190.34917494654655,False
221024-E8_Out,1158,3,301.0,181.0,False
221024-E8_Out,1158,4,295.1955804824829,168.0561170578003,False
221024-E8_Out,1158,5,294.80092296004295,166.22778606414795,False
221024-E8_Out,1158,6,295.13981249928474,163.37926387786865,False
221024-E8_Out,1158,7,296.1574024260044,162.75510382652283,False
221024-E8_Out,1158,8,295.55855920910835,162.50502294301987,False
221024-E8_Out,1158,9,295.63416796177626,160.99512881040573,False
221024-E8_Out,1159,4,325.0,154.0,True
221024-E8_Out,1160,4,232.0,174.0,True
221024-E9_Out,1161,3,92.0,229.0,False
221024-E9_Out,1161,4,91.21804630756378,226.621164560318,False
221024-E9_Out,1161,5,91.26653324067593,226.29881492257118,False
221024-E9_Out,1161,6,91.10912509262562,226.10721391439438,False
221024-E9_Out,1161,7,90.9799606949091,226.15758796781301,False
221024-E9_Out,1161,8,90.75342972576618,226.0437966734171,False
221024-E9_Out,1161,9,90.97854422032833,226.21702422201633,False
221024-E9_Out,1161,10,91.59744428098202,226.7905315309763,False
221024-E9_Out,1162,3,122.0,256.0,False
221024-E9_Out,1162,4,116.72993183135986,240.57065391540527,False
221024-E9_Out,1162,5,117.07475075125694,240.50319489091635,False
221024-E9_Out,1162,6,115.89116629958153,237.59005793184042,False
221024-E9_Out,1162,7,114.62373945116997,236.20784362405539,False
221024-E9_Out,1162,8,115.74025890231133,235.1502731665969,False
221024-E9_Out,1162,9,116.34522888064384,236.20091935247183,False
221024-E9_Out,1162,10,115.87987893819809,233.2481016740203,False
221024-E9_Out,1162,11,116.71594589948654,232.39331843703985,False
221024-E9_Out,1163,3,118.0,259.0,False
221024-E9_Out,1163,4,112.9577283859253,247.5681791305542,False
221024-E9_Out,1163,5,113.98898553848267,247.1501270532608,False
221024-E9_Out,1163,6,112.1913332939148,244.37090384960175,False
221024-E9_Out,1163,7,110.25724077224731,242.29698574543,False
221024-E9_Out,1163,8,111.57800018787384,241.3972566127777,False
221024-E9_Out,1163,9,111.97559475898743,241.55527932941914,False
221024-E9_Out,1164,3,115.0,223.0,False
221024-E9_Out,1164,4,112.26429033279419,217.95514822006226,False
221024-E9_Out,1164,5,112.50541192293167,217.86168488115072,False
221024-E9_Out,1164,6,112.09766992926598,217.18452789634466,False
221024-E9_Out,1164,7,111.96886697411537,217.67403676360846,False
221024-E9_Out,1164,8,112.29996708035469,217.89620082825422,False
221024-E9_Out,1164,9,112.56949868798256,218.5233686491847,False
221024-E9_Out,1164,10,113.42677274346352,219.7654250189662,False
221024-E9_Out,1165,3,104.0,221.0,False
221024-E9_Out,1165,4,103.08517646789551,218.65926051139832,False
221024-E9_Out,1165,5,103.09962426126003,218.5403357669711,False
221024-E9_Out,1165,6,102.89825485646725,218.30083840340376,False
221024-E9_Out,1165,7,102.86123691499233,218.50210659950972,False
221024-E9_Out,1165,8,102.83445028960705,218.22362809628248,False
221024-E9_Out,1166,3,135.0,214.0,False
221024-E9_Out,1166,4,131.76916885375977,206.10996961593628,False
221024-E9_Out,1166,5,131.54871305823326,206.2192673832178,False
221024-E9_Out,1166,6,131.02722403407097,205.84902746975422,False
221024-E9_Out,1166,7,131.50702485442162,207.09340997040272,False
221024-E9_Out,1166,8,131.86178103089333,207.17260506749153,False
221024-E9_Out,1166,9,132.45729222893715,207.17243138700724,False
221024-E9_Out,1167,4,,,False
221024-E9_Out,1168,3,134.0,211.0,False
221024-E9_Out,1168,4,132.36299288272858,206.41431188583374,False
221024-E9_Out,1168,5,132.08776366710663,206.57333049178123,False
221024-E9_Out,1168,6,131.56639111042023,206.24158164858818,False
221024-E9_Out,1168,7,132.0805030465126,207.52302333712578,False
221024-E9_Out,1168,8,132.508324354887,207.5969921424985,False
221024-E9_Out,1168,9,133.05158719420433,207.56720597296953,False
221024-E9_Out,1169,4,151.0,223.0,True
221024-E9_Out,1170,4,70.0,256.0,True
221102-E2_Out,1172,3,265.0,136.0,False
221102-E2_Out,1172,4,265.0373771414161,134.29638016223907,False
221102-E2_Out,1172,5,262.9590306505561,133.08297646045685,False
221102-E2_Out,1172,6,261.25998463481665,131.95560920238495,False
221102-E2_Out,1172,7,259.55829467624426,131.01069349050522,False
221102-E2_Out,1172,8,258.64776112884283,130.10187977552414,False
221102-E2_Out,1172,9,258.5182256028056,129.21484822034836,False
221102-E2_Out,1172,10,258.4215324446559,128.73103952407837,False
221102-E2_Out,1174,3,215.0,134.0,False
221102-E2_Out,1174,4,217.7883710861206,134.56433820724487,False
221102-E2_Out,1174,5,216.91331160068512,136.40265882015228,False
221102-E2_Out,1174,6,216.84120723605156,137.07968229055405,False
221102-E2_Out,1174,7,216.58840814232826,137.32867789268494,False
221102-E2_Out,1174,8,215.53375080227852,136.1585750579834,False
221102-E2_Out,1176,3,281.0,206.0,False
221102-E2_Out,1176,4,277.0443289279938,199.4465045928955,False
221102-E2_Out,1176,5,275.93455040454865,199.05577796697617,False
221102-E2_Out,1176,6,275.29676735401154,198.63674581050873,False
221102-E2_Out,1176,7,274.3088204860687,198.10401785373688,False
221102-E2_Out,1176,8,274.06603676080704,197.8171502649784,False
221102-E2_Out,1176,9,273.6480801999569,196.88897868990898,False
221102-E2_Out,1177,3,260.0,277.0,False
221102-E2_Out,1177,4,261.9522889852524,283.40407371520996,False
221102-E2_Out,1177,5,261.875456482172,285.79679679870605,False
221102-E2_Out,1177,6,262.66657343506813,288.3756191730499,False
221102-E2_Out,1177,7,262.34635588526726,289.8615720272064,False
221102-E2_Out,1177,8,261.76313468813896,291.3323098421097,False
221102-E2_Out,1177,9,261.6177771091461,293.23989605903625,False
221102-E2_Out,1177,10,261.55484387278557,294.6597388982773,False
221102-E2_Out,1178,3,224.0,151.0,False
221102-E2_Out,1178,4,224.796444773674,153.00319361686707,False
221102-E2_Out,1178,5,224.46513551473618,153.6992918252945,False
221102-E2_Out,1178,6,224.28892078995705,153.78434013575315,False
221102-E2_Out,1178,7,223.7066847383976,153.43175127357244,False
221102-E2_Out,1178,8,223.32132148742676,152.4621706828475,False
221102-E2_Out,1178,9,222.96641644835472,151.16005619615316,False
221102-E2_Out,1178,10,223.05341608077288,151.02648531645536,False
221102-E2_Out,1178,11,223.23199994117022,149.84950708597898,False
221102-E2_Out,1180,3,251.0,218.0,False
221102-E2_Out,1180,4,247.10393643379211,210.5880389213562,False
221102-E2_Out,1180,5,247.31946516036987,210.66501420736313,False
221102-E2_Out,1180,6,246.36514127254486,210.30642491579056,False
221102-E2_Out,1180,7,245.69867074489594,209.70364952087402,False
221102-E2_Out,1180,8,245.34510579705238,209.03822976350784,False
221102-E2_Out,1180,9,244.23924532532692,208.50642317533493,False
221102-E2_Out,1180,10,243.82037663459778,208.05604714155197,False
221102-E2_Out,1180,11,243.32062569260597,207.67984142899513,False
221102-E2_Out,1180,12,243.08642300963402,207.11261388659477,False
221102-E2_Out,1181,3,250.0,156.0,False
221102-E2_Out,1181,4,250.3385843038559,154.68034267425537,False
221102-E2_Out,1181,5,249.53914213180542,153.93201476335526,False
221102-E2_Out,1181,6,248.07371616363525,152.88153499364853,False
221102-E2_Out,1181,7,246.50671529769897,152.06401389837265,False
221102-E2_Out,1181,8,245.50002872943878,150.8835547566414,False
221102-E2_Out,1181,9,245.79370337724686,149.59880417585373,False
221102-E2_Out,1183,4,333.0,155.0,True
221102-E2_Out,1184,4,189.0,208.0,True
221102-E8_Out,1185,3,296.0,290.0,False
221102-E8_Out,1185,4,294.2304788827896,284.2018766403198,False
221102-E8_Out,1185,5,294.858421087265,283.5246353149414,False
221102-E8_Out,1185,6,294.55842050909996,282.60943752527237,False
221102-E8_Out,1185,7,295.4231913983822,283.11342322826385,False
221102-E8_Out,1185,8,295.3817181736231,282.5273278951645,False
221102-E8_Out,1185,9,295.50309474021196,282.55327406153083,False
221102-E8_Out,1185,10,295.7532675936818,281.8113038800657,False
221102-E8_Out,1186,3,257.0,337.0,False
221102-E8_Out,1186,4,247.87892150878906,337.6056782603264,False
221102-E8_Out,1186,5,248.14717137813568,336.5383600592613,False
221102-E8_Out,1186,6,244.1366571187973,332.3983659148216,False
221102-E8_Out,1186,7,243.02246594429016,335.09803408384323,False
221102-E8_Out,1186,8,241.69172251224518,332.00973933935165,False
221102-E8_Out,1186,9,241.68989656865597,330.11010855436325,False
221102-E8_Out,1186,10,240.87500582635403,328.7260751128197,False
221102-E8_Out,1187,3,279.0,335.0,False
221102-E8_Out,1187,4,263.407826423645,331.2639412879944,False
221102-E8_Out,1187,5,263.2900707125664,328.70002460479736,False
221102-E8_Out,1187,6,261.2234575152397,326.2968773841858,False
221102-E8_Out,1187,7,262.62747699022293,326.83382922410965,False
221102-E8_Out,1187,8,260.7829951643944,324.06346613168716,False
221102-E8_Out,1187,9,260.92252764105797,322.4931557774544,False
221102-E8_Out,1188,3,244.0,321.0,False
221102-E8_Out,1188,4,240.55090498924255,321.83479422330856,False
221102-E8_Out,1188,5,240.47882325947285,319.90153712034225,False
221102-E8_Out,1188,6,239.6415732651949,318.530160009861,False
221102-E8_Out,1188,7,239.57082284986973,319.33355271816254,False
221102-E8_Out,1188,8,238.4954739958048,318.0613263845444,False
221102-E8_Out,1188,9,238.54985957592726,317.10298401117325,False
221102-E8_Out,1188,10,238.2257029041648,315.8948968052864,False
221102-E8_Out,1189,3,330.0,301.0,False
221102-E8_Out,1189,4,330.1788673698902,296.56024169921875,False
221102-E8_Out,1189,5,330.35927733778954,296.34841525554657,False
221102-E8_Out,1189,6,330.28144097328186,295.04409968852997,False
221102-E8_Out,1189,7,330.88077437877655,294.9187649488449,False
221102-E8_Out,1189,8,329.5144670009613,293.9515499472618,False
221102-E8_Out,1190,3,258.0,330.0,False
221102-E8_Out,1190,4,249.34437465667725,328.9932265281677,False
221102-E8_Out,1190,5,249.3772173821926,327.97039568424225,False
221102-E8_Out,1190,6,248.33586153388023,326.1928094625473,False
221102-E8_Out,1190,7,248.57251712679863,327.19754350185394,False
221102-E8_Out,1191,3,304.0,301.0,False
221102-E8_Out,1191,4,303.05218482017517,295.3015627861023,False
221102-E8_Out,1191,5,303.7080899477005,295.0241825580597,False
221102-E8_Out,1191,6,303.24226745963097,293.7424478530884,False
221102-E8_Out,1191,7,304.11150857806206,294.12136313319206,False
221102-E8_Out,1191,8,303.8957188427448,293.22021237015724,False
221102-E8_Out,1191,9,303.7244157195091,292.8960852921009,False
221102-E8_Out,1191,10,304.5834214091301,291.4584768116474,False
221102-E8_Out,1192,3,255.0,306.0,False
221102-E8_Out,1192,4,250.41031789779663,302.9602539539337,False
221102-E8_Out,1192,5,250.59834921360016,301.2493362426758,False
221102-E8_Out,1192,6,250.35689687728882,300.36741119623184,False
221102-E8_Out,1192,7,251.49250447750092,299.08710914850235,False
221102-E8_Out,1192,8,250.73910808563232,297.9066509604454,False
221102-E8_Out,1192,9,250.62290135025978,296.3248488306999,False
221102-E8_Out,1192,10,249.8804432451725,294.406664788723,False
221102-E8_Out,1192,11,250.02643440663815,293.93376672267914,False
221102-E8_Out,1193,3,323.0,294.0,False
221102-E8_Out,1193,4,322.360791683197,287.4691095352173,False
221102-E8_Out,1193,5,322.9426271915436,287.20271423459053,False
221102-E8_Out,1193,6,322.75250470638275,286.4556277692318,False
221102-E8_Out,1193,7,323.3962686061859,286.3903886899352,False
221102-E8_Out,1193,8,322.7630534172058,285.8336931094527,False
221102-E8_Out,1193,9,322.2478303909302,285.7282900363207,False
221102-E8_Out,1193,10,322.418801471591,285.10373379290104,False
221102-E8_Out,1194,4,305.0,345.0,True
221102-E8_Out,1195,4,246.0,275.0,True
221108-E5_Out,1218,3,156.0,182.0,False
221108-E5_Out,1218,4,155.27685379981995,181.45965051651,False
221108-E5_Out,1218,5,154.79955604672432,180.37663555145264,False
221108-E5_Out,1218,6,154.70364144444466,180.27387330681086,False
221108-E5_Out,1218,7,154.59341952204704,179.74661622196436,False
221108-E5_Out,1218,8,154.7181158065796,178.8121451511979,False
221108-E5_Out,1218,9,154.66193048655987,178.73803471028805,False
221108-E5_Out,1219,3,187.0,269.0,False
221108-E5_Out,1219,4,180.34610652923584,261.8637113571167,False
221108-E5_Out,1219,5,179.67922461032867,261.40014934539795,False
221108-E5_Out,1219,6,179.59314019978046,261.3012975230813,False
221108-E5_Out,1219,7,179.36967132985592,261.1117276325822,False
221108-E5_Out,1219,8,179.262902662158,261.07492113113403,False
221108-E5_Out,1219,9,179.17638538777828,260.7958877682686,False
221108-E5_Out,1219,10,178.8716341406107,260.6871025040746,False
221108-E5_Out,1220,3,175.0,165.0,False
221108-E5_Out,1220,4,173.91687607765198,164.1347292661667,False
221108-E5_Out,1220,5,173.4416245520115,162.53932356834412,False
221108-E5_Out,1220,6,173.1123175919056,162.48342049866915,False
221108-E5_Out,1220,7,172.89857634902,161.571058280766,False
221108-E5_Out,1220,8,173.3976068496704,161.4550552815199,False
221108-E5_Out,1220,9,174.11869370937347,162.02081905305386,False
221108-E5_Out,1221,3,219.0,244.0,False
221108-E5_Out,1221,4,203.29053401947021,231.57361698150635,False
221108-E5_Out,1221,5,200.98149418830872,229.8713217973709,False
221108-E5_Out,1221,6,199.36726903915405,227.9195033311844,False
221108-E5_Out,1221,7,197.4086935520172,227.05317550897598,False
221108-E5_Out,1221,8,195.5321478843689,224.7617443203926,False
221108-E5_Out,1221,9,195.1457934677601,225.06911355257034,False
221108-E5_Out,1221,10,194.78871256113052,223.5085124373436,False
221108-E5_Out,1221,11,193.88849383592606,222.4299229979515,False
221108-E5_Out,1222,3,219.0,215.0,False
221108-E5_Out,1222,4,201.45083618164062,201.08336353302002,False
221108-E5_Out,1222,5,195.88844060897827,197.2521834373474,False
221108-E5_Out,1222,6,194.14379477500916,195.68503546714783,False
221108-E5_Out,1222,7,192.57654464244843,194.3490436077118,False
221108-E5_Out,1222,8,192.46536245942116,194.19507491588593,False
221108-E5_Out,1222,9,191.95169380307198,193.26931780576706,False
221108-E5_Out,1222,10,191.8672961741686,192.59464305639267,False
221108-E5_Out,1222,11,190.24823482334614,191.80095493793488,False
221108-E5_Out,1223,3,156.0,206.0,False
221108-E5_Out,1223,4,155.83737733960152,205.61851349473,False
221108-E5_Out,1223,5,155.73695322871208,205.58979143947363,False
221108-E5_Out,1223,6,155.68815957009792,205.42829861491919,False
221108-E5_Out,1223,7,155.48821644484997,205.35369001328945,False
221108-E5_Out,1223,8,155.5325903967023,205.3832272067666,False
221108-E5_Out,1223,9,155.35084480792284,205.3347772359848,False
221108-E5_Out,1224,3,180.0,257.0,False
221108-E5_Out,1224,4,177.58932495117188,254.7779803276062,False
221108-E5_Out,1224,5,177.06731379032135,254.44147038459778,False
221108-E5_Out,1224,6,176.92252951860428,254.19583627581596,False
221108-E5_Out,1224,7,176.89255990087986,254.10497071594,False
221108-E5_Out,1224,8,176.90829280018806,254.04285307228565,False
221108-E5_Out,1224,9,176.50947988033295,253.55975957214832,False
221108-E5_Out,1225,3,178.0,183.0,False
221108-E5_Out,1225,4,175.38364219665527,181.70011246204376,False
221108-E5_Out,1225,5,174.54957401752472,179.04000413417816,False
221108-E5_Out,1225,6,173.68066263198853,178.23748129606247,False
221108-E5_Out,1225,7,173.15601181983948,177.07382529973984,False
221108-E5_Out,1225,8,173.89637982845306,176.8608821630478,False
221108-E5_Out,1225,9,174.25185683369637,176.26909750699997,False
221108-E5_Out,1225,10,173.88991332054138,175.303337931633,False
221108-E5_Out,1225,11,174.22598960995674,175.3688683360815,False
221108-E5_Out,1226,3,141.0,241.0,False
221108-E5_Out,1226,4,140.4406749010086,240.23843836784363,False
221108-E5_Out,1226,5,139.93028724193573,239.96665939688683,False
221108-E5_Out,1226,6,139.1954734325409,239.56160408258438,False
221108-E5_Out,1226,7,139.25026591867208,239.88723143935204,False
221108-E5_Out,1226,8,138.23972054570913,239.51666563749313,False
221108-E5_Out,1226,9,138.69283597916365,239.47519675642252,False
221108-E5_Out,1226,10,138.61906335502863,239.9732482507825,False
221108-E5_Out,1226,11,138.61773044615984,239.7461513057351,False
221108-E5_Out,1227,3,232.0,230.0,False
221108-E5_Out,1227,4,214.43238067626953,213.76909637451172,False
221108-E5_Out,1227,5,206.59337902069092,209.05653381347656,False
221108-E5_Out,1227,6,203.5564465522766,205.66764402389526,False
221108-E5_Out,1227,7,199.99578547477722,204.0802377462387,False
221108-E5_Out,1227,8,198.55903708934784,202.7570594549179,False
221108-E5_Out,1227,9,197.34715449810028,201.92245030403137,False
221108-E5_Out,1227,10,196.95693531632423,201.02278232574463,False
221108-E5_Out,1228,3,240.0,226.0,False
221108-E5_Out,1228,4,225.06028270721436,208.63596534729004,False
221108-E5_Out,1228,5,220.7597336769104,206.03628730773926,False
221108-E5_Out,1228,6,219.59338355064392,204.58048510551453,False
221108-E5_Out,1228,7,217.93385803699493,203.62080854177475,False
221108-E5_Out,1228,8,217.61003321409225,202.8735894560814,False
221108-E5_Out,1228,9,216.96471339464188,202.7445693910122,False
221108-E5_Out,1228,10,216.21933835744858,202.14057436585426,False
221108-E5_Out,1229,3,197.0,260.0,False
221108-E5_Out,1229,4,191.21154642105103,254.55998182296753,False
221108-E5_Out,1229,5,190.3329657316208,253.90638273954391,False
221108-E5_Out,1229,6,189.56170547008514,253.21967154741287,False
221108-E5_Out,1229,7,189.1674244105816,252.9184964299202,False
221108-E5_Out,1229,8,188.55396243929863,252.4146374464035,False
221108-E5_Out,1229,9,188.10811859369278,252.02017453312874,False
221108-E5_Out,1229,10,187.7433754503727,251.4373309314251,False
221108-E5_Out,1230,4,133.0,263.0,True
221108-E7_Out,1233,3,308.0,201.0,False
221108-E7_Out,1233,4,309.6602249145508,199.82404625415802,False
221108-E7_Out,1233,5,308.82937157154083,198.78919875621796,False
221108-E7_Out,1233,6,307.8103606700897,197.59871315956116,False
221108-E7_Out,1233,7,307.4537149965763,196.75163733959198,False
221108-E7_Out,1233,8,307.09175485372543,196.0726266503334,False
221108-E7_Out,1233,9,306.4305549263954,195.33374404907227,False
221108-E7_Out,1234,3,289.0,293.0,False
221108-E7_Out,1234,4,290.5387761592865,297.63470363616943,False
221108-E7_Out,1234,5,290.5070971548557,297.8103392422199,False
221108-E7_Out,1234,6,290.4323570281267,297.84621684998274,False
221108-E7_Out,1234,7,290.26700426638126,297.9990217015147,False
221108-E7_Out,1234,8,290.27301140129566,297.97445498406887,False
221108-E7_Out,1236,3,353.0,244.0,False
221108-E7_Out,1236,4,350.29953384399414,233.24173164367676,False
221108-E7_Out,1236,5,348.0115077495575,223.536789894104,False
221108-E7_Out,1236,6,350.93572306632996,218.58506965637207,False
221108-E7_Out,1236,7,350.69861245155334,213.90737915039062,False
221108-E7_Out,1236,8,348.221732378006,211.94546270370483,False
221108-E7_Out,1236,9,350.0886650085449,210.75298309326172,False
221108-E7_Out,1236,10,352.46221590042114,207.97784972190857,False
221108-E7_Out,1238,3,253.0,278.0,False
221108-E7_Out,1238,4,250.1651005744934,284.74005651474,False
221108-E7_Out,1238,5,250.2851147055626,284.73049333691597,False
221108-E7_Out,1238,6,249.61767703294754,285.2662718594074,False
221108-E7_Out,1238,7,249.61903704702854,286.0547042787075,False
221108-E7_Out,1238,8,248.45820666849613,286.0645557716489,False
221108-E7_Out,1238,9,248.13149182498455,286.7777372673154,False
221108-E7_Out,1239,3,321.0,278.0,False
221108-E7_Out,1239,4,322.46080338954926,275.0931372642517,False
221108-E7_Out,1239,5,322.1689110696316,274.8361977636814,False
221108-E7_Out,1239,6,321.6819908618927,274.6983345746994,False
221108-E7_Out,1239,7,321.60967878997326,274.6688652560115,False
221108-E7_Out,1239,8,321.6001916527748,274.7097392231226,False
221108-E7_Out,1239,9,321.55314657092094,274.7914033010602,False
221108-E7_Out,1239,10,321.53444001078606,274.7950554192066,False
221108-E7_Out,1241,4,,,False
221108-E7_Out,1241,5,,,False
221108-E7_Out,1241,6,,,False
221108-E7_Out,1241,7,,,False
221108-E7_Out,1241,8,,,False
221108-E7_Out,1241,9,,,False
221108-E7_Out,1241,10,,,False
221108-E7_Out,1241,11,,,False
221108-E7_Out,1242,3,286.0,208.0,False
221108-E7_Out,1242,4,286.1617583334446,206.06105947494507,False
221108-E7_Out,1242,5,285.81061202287674,205.15356183052063,False
221108-E7_Out,1242,6,285.1309136748314,204.41035747528076,False
221108-E7_Out,1242,7,284.75503757596016,203.59890097379684,False
221108-E7_Out,1242,8,285.2967596948147,202.87841135263443,False
221108-E7_Out,1242,9,284.5800060927868,201.8547117114067,False
221108-E7_Out,1242,10,284.6037105321884,200.84994035959244,False
221108-E7_Out,1244,4,214.0,220.0,True
221108-E7_Out,1245,4,347.0,271.0,True
221108-E9_Out,1246,3,216.0,182.0,False
221108-E9_Out,1246,4,217.26000487804413,178.49621725082397,False
221108-E9_Out,1246,5,215.55866825580597,176.54714846611023,False
221108-E9_Out,1246,6,213.91106760501862,174.478360414505,False
221108-E9_Out,1246,7,212.88317573070526,172.8990502357483,False
221108-E9_Out,1246,8,212.16144704818726,172.53721496462822,False
221108-E9_Out,1246,9,213.1473104953766,173.50999483466148,False
221108-E9_Out,1246,10,212.3637491464615,171.53434666991234,False
221108-E9_Out,1246,11,211.6140764951706,171.1197380721569,False
221108-E9_Out,1247,3,253.0,249.0,False
221108-E9_Out,1247,4,246.9558653831482,242.64110708236694,False
221108-E9_Out,1247,5,243.27590918540955,239.89355397224426,False
221108-E9_Out,1247,6,240.3898413181305,237.63802981376648,False
221108-E9_Out,1247,7,236.2825105190277,235.56468892097473,False
221108-E9_Out,1247,8,235.58083033561707,234.4874895811081,False
221108-E9_Out,1247,9,234.46240508556366,232.77577197551727,False
221108-E9_Out,1247,10,234.25942224264145,231.59681117534637,False
221108-E9_Out,1247,11,233.9624698460102,230.2273532152176,False
221108-E9_Out,1247,12,233.3295866549015,230.49509239196777,False
221108-E9_Out,1248,3,287.0,242.0,False
221108-E9_Out,1248,3,276.0,261.0,False
221108-E9_Out,1248,3,287.0,242.0,False
221108-E9_Out,1248,3,276.0,261.0,False
221108-E9_Out,1248,4,269.10959243774414,227.1654691696167,False
221108-E9_Out,1248,4,262.4208679199219,251.67442893981934,False
221108-E9_Out,1248,4,269.10959243774414,227.1654691696167,False
221108-E9_Out,1248,4,262.4208679199219,251.67442893981934,False
221108-E9_Out,1248,5,266.25916171073914,225.5539255142212,False
221108-E9_Out,1248,5,257.14853954315186,249.07610535621643,False
221108-E9_Out,1248,5,266.25916171073914,225.5539255142212,False
221108-E9_Out,1248,5,257.14853954315186,249.07610535621643,False
221108-E9_Out,1248,6,263.18666410446167,223.96732366085052,False
221108-E9_Out,1248,6,252.55203104019165,246.57015681266785,False
221108-E9_Out,1248,6,263.18666410446167,223.96732366085052,False
221108-E9_Out,1248,6,252.55203104019165,246.57015681266785,False
221108-E9_Out,1248,7,261.1055874824524,222.06421446800232,False
221108-E9_Out,1248,7,246.8993797302246,245.1924533843994,False
221108-E9_Out,1248,7,261.1055874824524,222.06421446800232,False
221108-E9_Out,1248,7,246.8993797302246,245.1924533843994,False
221108-E9_Out,1248,8,260.228013753891,221.1898980140686,False
221108-E9_Out,1248,8,244.87622833251953,242.83812928199768,False
221108-E9_Out,1248,8,260.228013753891,221.1898980140686,False
221108-E9_Out,1248,8,244.87622833251953,242.83812928199768,False
221108-E9_Out,1248,9,259.2730839252472,219.44740295410156,False
221108-E9_Out,1248,9,245.17521369457245,241.7344892024994,False
221108-E9_Out,1248,9,259.2730839252472,219.44740295410156,False
221108-E9_Out,1248,9,245.17521369457245,241.7344892024994,False
221108-E9_Out,1249,3,237.0,257.0,False
221108-E9_Out,1249,4,233.99062180519104,253.38649940490723,False
221108-E9_Out,1249,5,232.82157015800476,251.32641053199768,False
221108-E9_Out,1249,6,231.2102006673813,249.5726454257965,False
221108-E9_Out,1249,7,228.76499259471893,248.42062366008759,False
221108-E9_Out,1249,8,228.1739684343338,247.3847780227661,False
221108-E9_Out,1249,9,227.69191774725914,246.12051713466644,False
221108-E9_Out,1249,10,227.40106943249702,244.8865020275116,False
221108-E9_Out,1249,11,226.75228396058083,243.94900912046432,False
221108-E9_Out,1250,3,240.0,261.0,False
221108-E9_Out,1250,4,236.27309918403625,256.8246808052063,False
221108-E9_Out,1251,3,207.0,237.0,False
221108-E9_Out,1251,4,206.54202917218208,236.73463708162308,False
221108-E9_Out,1251,5,207.09410455822945,235.4909307360649,False
221108-E9_Out,1251,6,206.17580845952034,234.21570307016373,False
221108-E9_Out,1251,7,204.95096316933632,233.3551788330078,False
221108-E9_Out,1251,8,204.81958842277527,233.22850757837296,False
221108-E9_Out,1251,9,205.08313664793968,232.48013824224472,False
221108-E9_Out,1252,3,253.0,200.0,False
221108-E9_Out,1252,4,251.85046303272247,196.08488202095032,False
221108-E9_Out,1252,5,246.7206665277481,191.9489562511444,False
221108-E9_Out,1252,6,241.85390961170197,187.72371220588684,False
221108-E9_Out,1252,7,239.3420249223709,183.49550127983093,False
221108-E9_Out,1252,8,237.7399572134018,183.27973130345345,False
221108-E9_Out,1252,9,238.103000998497,183.17933356016874,False
221108-E9_Out,1252,10,236.01693403720856,177.91951643675566,False
221108-E9_Out,1253,4,296.0,181.0,True
221108-E9_Out,1254,4,201.0,276.0,True
221116-E10_Out,1255,3,220.0,201.0,False
221116-E10_Out,1255,4,217.59328317642212,201.8079680800438,False
221116-E10_Out,1255,5,216.56389677524567,201.01110845804214,False
221116-E10_Out,1255,6,216.54055279493332,199.24301487207413,False
221116-E10_Out,1255,7,215.88523560762405,198.06400352716446,False
221116-E10_Out,1255,8,215.25829762220383,196.93582540750504,False
221116-E10_Out,1255,9,214.88207653164864,197.4159301519394,False
221116-E10_Out,1256,3,235.0,199.0,False
221116-E10_Out,1256,4,229.92799425125122,199.9949141740799,False
221116-E10_Out,1256,5,229.20472705364227,198.82039654254913,False
221116-E10_Out,1256,6,229.02241596579552,194.71218931674957,False
221116-E10_Out,1256,7,226.92686447501183,192.9648438692093,False
221116-E10_Out,1256,8,224.50292858481407,191.27279829978943,False
221116-E10_Out,1256,9,224.2381764948368,192.50188899040222,False
221116-E10_Out,1256,10,223.25074592232704,190.5954201221466,False
221116-E10_Out,1256,11,224.08056631684303,192.2711979150772,False
221116-E10_Out,1257,3,300.0,188.0,False
221116-E10_Out,1257,4,289.87360286712646,177.69732856750488,False
221116-E10_Out,1257,5,288.1333945989609,176.28878378868103,False
221116-E10_Out,1257,6,287.49034357070923,175.89437413215637,False
221116-E10_Out,1257,7,286.94172072410583,175.26540112495422,False
221116-E10_Out,1257,8,285.6226383447647,174.31041783094406,False
221116-E10_Out,1257,9,285.3271363377571,174.50340186059475,False
221116-E10_Out,1258,3,232.0,175.0,False
221116-E10_Out,1258,4,226.7424807548523,174.94096901267767,False
221116-E10_Out,1258,5,226.26744559407234,174.21134086698294,False
221116-E10_Out,1258,6,226.26522347331047,172.28229185193777,False
221116-E10_Out,1258,7,226.33517116308212,171.6482139453292,False
221116-E10_Out,1258,8,225.4161770939827,171.39514558762312,False
221116-E10_Out,1258,9,224.9597725570202,172.24317031353712,False
221116-E10_Out,1259,3,234.0,219.0,False
221116-E10_Out,1259,4,229.54629611968994,218.97786115854979,False
221116-E10_Out,1259,5,228.48153245449066,218.4738223478198,False
221116-E10_Out,1259,6,229.62515473365784,216.2483596727252,False
221116-E10_Out,1259,7,227.3059778213501,214.2202641889453,False
221116-E10_Out,1259,8,227.56626239418983,214.60443653911352,False
221116-E10_Out,1259,9,228.08497193455696,215.29224594682455,False
221116-E10_Out,1260,3,277.0,192.0,False
221116-E10_Out,1260,4,267.3104763031006,191.50894045829773,False
221116-E10_Out,1260,5,264.8040277957916,191.22020462155342,False
221116-E10_Out,1260,6,264.98418071866035,189.54122558236122,False
221116-E10_Out,1260,7,262.4683554470539,188.3073197901249,False
221116-E10_Out,1260,8,261.1559742987156,187.20145764946938,False
221116-E10_Out,1260,9,261.2665165811777,187.9473138153553,False
221116-E10_Out,1260,10,259.50478948652744,185.8210816681385,False
221116-E10_Out,1261,3,289.0,222.0,False
221116-E10_Out,1261,4,281.55982971191406,222.23706418275833,False
221116-E10_Out,1261,5,280.2595554590225,222.17944736033678,False
221116-E10_Out,1261,6,277.95795714855194,221.579640455544,False
221116-E10_Out,1261,7,276.0041402578354,221.2540182545781,False
221116-E10_Out,1261,8,274.60870921611786,221.2128650844097,False
221116-E10_Out,1261,9,273.7950168848038,220.59762558341026,False
221116-E10_Out,1261,10,272.82543551921844,222.0752918422222,False
221116-E10_Out,1261,11,271.6421629190445,222.64323189854622,False
221116-E10_Out,1261,12,269.2504335641861,222.23998004198074,False
221116-E10_Out,1262,3,219.0,162.0,False
221116-E10_Out,1262,4,216.08122301101685,161.77595710754395,False
221116-E10_Out,1262,5,215.9729822576046,160.9587503671646,False
221116-E10_Out,1262,6,216.07182260602713,158.8681675195694,False
221116-E10_Out,1262,7,216.12557835876942,157.74942076206207,False
221116-E10_Out,1262,8,213.5642697364092,156.5494737625122,False
221116-E10_Out,1262,9,210.82651348412037,156.76367098093033,False
221116-E10_Out,1262,10,210.40399186313152,157.1063231229782,False
221116-E10_Out,1262,11,211.26858632266521,156.42579674720764,False
221116-E10_Out,1263,4,250.0,247.0,True
221116-E10_Out,1264,4,261.0,153.0,True
221116-E2_Out,1274,3,252.0,157.0,False
221116-E2_Out,1274,4,252.37056052684784,152.7929515838623,False
221116-E2_Out,1274,5,252.24830240011215,152.3586077094078,False
221116-E2_Out,1274,6,251.84147104620934,151.59562134742737,False
221116-E2_Out,1274,7,251.79055666923523,150.910737991333,False
221116-E2_Out,1274,8,251.45544403791428,150.68470335006714,False
221116-E2_Out,1274,9,251.09351256489754,149.99894428253174,False
221116-E2_Out,1274,10,250.91266244649887,149.3779332637787,False
221116-E2_Out,1274,11,250.4718857705593,148.9812903702259,False
221116-E2_Out,1275,3,212.0,223.0,False
221116-E2_Out,1275,4,206.70909547805786,229.11395931243896,False
221116-E2_Out,1275,5,206.42340898513794,229.15712813287973,False
221116-E2_Out,1275,6,206.3774158656597,229.34467700868845,False
221116-E2_Out,1275,7,206.22060853242874,229.53872770816088,False
221116-E2_Out,1275,8,205.98773008584976,229.40286821871996,False
221116-E2_Out,1275,9,205.78664982318878,229.2453295364976,False
221116-E2_Out,1275,10,205.68908181786537,229.1877957880497,False
221116-E2_Out,1276,3,233.0,213.0,False
221116-E2_Out,1276,4,237.4160180091858,216.49536418914795,False
221116-E2_Out,1276,5,237.46862134337425,216.5216904655099,False
221116-E2_Out,1276,6,237.2978330552578,216.50724211335182,False
221116-E2_Out,1276,7,237.21098545193672,216.44431238621473,False
221116-E2_Out,1276,8,237.23360380530357,216.44780407845974,False
221116-E2_Out,1276,9,237.0652334690094,216.4090503230691,False
221116-E2_Out,1276,10,237.06455345451832,216.41033197939396,False
221116-E2_Out,1276,11,237.0586235821247,216.42650144547224,False
221116-E2_Out,1277,3,264.0,171.0,False
221116-E2_Out,1277,4,265.26678001880646,167.27869319915771,False
221116-E2_Out,1277,5,265.1814880371094,166.94078826904297,False
221116-E2_Out,1277,6,264.83517426252365,166.05213534832,False
221116-E2_Out,1277,7,264.85654681921005,165.75346210598946,False
221116-E2_Out,1277,8,264.5231692492962,165.6116653084755,False
221116-E2_Out,1277,9,264.304845392704,165.18021589517593,False
221116-E2_Out,1277,10,264.24679762125015,164.75171321630478,False
221116-E2_Out,1277,11,263.83335253596306,164.31319135427475,False
221116-E2_Out,1278,3,222.0,204.0,False
221116-E2_Out,1278,4,222.1408100426197,203.25315219163895,False
221116-E2_Out,1278,5,222.13351547718048,203.26728152483702,False
221116-E2_Out,1278,6,222.0755267292261,203.1090914234519,False
221116-E2_Out,1278,7,221.98441058397293,203.04756918549538,False
221116-E2_Out,1278,8,222.03644929081202,203.09830629080534,False
221116-E2_Out,1278,9,221.75812638550997,203.02797363698483,False
221116-E2_Out,1278,10,221.78837486356497,203.07856114953756,False
221116-E2_Out,1279,3,196.0,224.0,False
221116-E2_Out,1279,4,192.52612018585205,230.10112857818604,False
221116-E2_Out,1279,5,192.16361966729164,230.0898694396019,False
221116-E2_Out,1279,6,192.09190551936626,230.66198199987411,False
221116-E2_Out,1279,7,191.78526537120342,231.02786526083946,False
221116-E2_Out,1279,8,192.02808962762356,230.42324009537697,False
221116-E2_Out,1279,9,191.25163005292416,229.56210228800774,False
221116-E2_Out,1280,3,263.0,216.0,False
221116-E2_Out,1280,4,267.01953744888306,217.5187578201294,False
221116-E2_Out,1280,5,267.009369045496,217.54345829039812,False
221116-E2_Out,1280,6,266.95885491371155,217.49215877056122,False
221116-E2_Out,1280,7,266.82948276400566,217.42416464537382,False
221116-E2_Out,1280,8,266.8053244650364,217.4225886464119,False
221116-E2_Out,1280,9,266.759191557765,217.39982580393553,False
221116-E2_Out,1280,10,266.68873731791973,217.30585257709026,False
221116-E2_Out,1281,3,232.0,170.0,False
221116-E2_Out,1281,4,229.16271543502808,161.91423511505127,False
221116-E2_Out,1281,5,228.60823261737823,161.80097066611052,False
221116-E2_Out,1281,6,228.03822088241577,160.91300355643034,False
221116-E2_Out,1281,7,227.75944557785988,160.30167662352324,False
221116-E2_Out,1281,8,227.76246818900108,160.10411753505468,False
221116-E2_Out,1281,9,227.21246966719627,159.45996012538671,False
221116-E2_Out,1281,10,227.02741992473602,158.60403498262167,False
221116-E2_Out,1282,3,224.0,150.0,False
221116-E2_Out,1282,4,223.12940073013306,146.6019570827484,False
221116-E2_Out,1282,5,222.87933880090714,146.4116100370884,False
221116-E2_Out,1282,6,222.74605557322502,146.11745011806488,False
221116-E2_Out,1282,7,222.4059542119503,145.76472029089928,False
221116-E2_Out,1282,8,222.2273927628994,145.52979028224945,False
221116-E2_Out,1282,9,222.08988827466965,145.34684202075005,False
221116-E2_Out,1282,10,221.9815423488617,145.02262833714485,False
221116-E2_Out,1283,4,173.0,174.0,True
221116-E2_Out,1284,4,271.0,200.0,True
221116-E3_Out,1285,3,257.0,182.0,False
221116-E3_Out,1285,4,256.31304490566254,181.42957311868668,False
221116-E3_Out,1285,5,255.98667752742767,181.11628612875938,False
221116-E3_Out,1285,6,255.67732572555542,180.8731845319271,False
221116-E3_Out,1285,7,255.5500679910183,181.2293480336666,False
221116-E3_Out,1285,8,254.70705768465996,180.9122853577137,False
221116-E3_Out,1285,9,254.61533322930336,180.62228736281395,False
221116-E3_Out,1286,3,302.0,151.0,False
221116-E3_Out,1286,4,298.1723985671997,147.8529760837555,False
221116-E3_Out,1286,5,297.3764843940735,147.90178603678942,False
221116-E3_Out,1287,3,264.0,144.0,False
221116-E3_Out,1287,4,261.0887236595154,141.66037678718567,False
221116-E3_Out,1287,5,260.6045078933239,141.97146406769753,False
221116-E3_Out,1287,6,260.5408357977867,141.74531826376915,False
221116-E3_Out,1287,7,261.6451671719551,141.31614503264427,False
221116-E3_Out,1287,8,261.46431717276573,141.35447853058577,False
221116-E3_Out,1287,9,261.57972099632025,141.56688400357962,False
221116-E3_Out,1288,3,252.0,153.0,False
221116-E3_Out,1288,4,250.7672417163849,152.13353425264359,False
221116-E3_Out,1288,5,250.4858926832676,152.0332084670663,False
221116-E3_Out,1288,6,250.5529384315014,151.66962698847055,False
221116-E3_Out,1288,7,251.32598599791527,151.48101813346148,False
221116-E3_Out,1288,8,251.10233455896378,151.47269314527512,False
221116-E3_Out,1288,9,250.9834186732769,151.11662951111794,False
221116-E3_Out,1289,3,301.0,193.0,False
221116-E3_Out,1289,4,297.33947134017944,192.42951345443726,False
221116-E3_Out,1289,5,297.1347468495369,192.24838110804558,False
221116-E3_Out,1289,6,297.3178460299969,192.31887605041265,False
221116-E3_Out,1289,7,297.5574195086956,192.28430418670177,False
221116-E3_Out,1289,8,296.7914464175701,192.31548453122377,False
221116-E3_Out,1290,4,292.0,127.0,True
221116-E3_Out,1291,4,262.0,215.0,True
221116-E4_Out,1292,3,266.0,244.0,False
221116-E4_Out,1292,4,260.3550682067871,243.67559111118317,False
221116-E4_Out,1292,5,259.4964425563812,243.16723603010178,False
221116-E4_Out,1292,6,258.20358884334564,242.25682711601257,False
221116-E4_Out,1292,7,257.04273748397827,241.54571199417114,False
221116-E4_Out,1292,8,256.1675647497177,240.9589496254921,False
221116-E4_Out,1292,9,255.76593139767647,240.82856872677803,False
221116-E4_Out,1293,3,247.0,251.0,False
221116-E4_Out,1293,4,245.4742786884308,250.92972918599844,False
221116-E4_Out,1293,5,244.6841710805893,250.46141555160284,False
221116-E4_Out,1293,6,243.60332691669464,249.87424661964178,False
221116-E4_Out,1293,7,242.69355857372284,249.20333244651556,False
221116-E4_Out,1293,8,241.65793335437775,248.73169841617346,False
221116-E4_Out,1293,9,241.35892736911774,248.7074863538146,False
221116-E4_Out,1294,3,266.0,196.0,False
221116-E4_Out,1294,4,263.9445753097534,195.6828331053257,False
221116-E4_Out,1294,5,263.49292930960655,195.67366655915976,False
221116-E4_Out,1294,6,262.6598456799984,195.2018664702773,False
221116-E4_Out,1294,7,262.46747383475304,195.265717998147,False
221116-E4_Out,1294,8,261.8482255637646,195.0693690031767,False
221116-E4_Out,1295,3,274.0,214.0,False
221116-E4_Out,1295,4,271.73268580436707,213.96492781490088,False
221116-E4_Out,1295,5,271.37268367409706,213.8067337796092,False
221116-E4_Out,1295,6,270.7809768021107,213.37575798481703,False
221116-E4_Out,1295,7,270.5753521323204,213.31544229388237,False
221116-E4_Out,1295,8,269.50698989629745,212.93642655014992,False
221116-E4_Out,1295,9,268.91275280714035,212.58605909347534,False
221116-E4_Out,1296,3,313.0,258.0,False
221116-E4_Out,1296,4,308.94828176498413,253.88442659378052,False
221116-E4_Out,1296,5,308.43866860866547,253.77561467140913,False
221116-E4_Out,1296,6,308.3380982875824,253.72304686903954,False
221116-E4_Out,1296,7,308.1832719743252,253.61403242498636,False
221116-E4_Out,1296,8,308.012599170208,253.56198327243328,False
221116-E4_Out,1296,9,308.0187001824379,253.66716658324003,False
221116-E4_Out,1297,3,305.0,243.0,False
221116-E4_Out,1297,4,302.52684330940247,241.4169875383377,False
221116-E4_Out,1297,5,302.3037222325802,241.2390737235546,False
221116-E4_Out,1297,6,301.9315707087517,240.98106807470322,False
221116-E4_Out,1297,7,301.56191512942314,240.827154815197,False
221116-E4_Out,1297,8,301.2919606268406,240.91165482252836,False
221116-E4_Out,1298,3,249.0,225.0,False
221116-E4_Out,1298,4,246.87888598442078,224.63567647337914,False
221116-E4_Out,1298,5,246.57658538222313,224.41202014684677,False
221116-E4_Out,1298,6,245.73123559355736,224.26640278100967,False
221116-E4_Out,1298,7,245.1028387248516,224.05822405219078,False
221116-E4_Out,1298,8,244.57135471701622,223.5386522114277,False
221116-E4_Out,1299,3,306.0,224.0,False
221116-E4_Out,1299,4,304.85658860206604,221.66174697875977,False
221116-E4_Out,1299,5,304.5970335006714,221.59482013434172,False
221116-E4_Out,1299,6,304.42828154563904,221.6117289364338,False
221116-E4_Out,1299,7,304.3807063251734,221.54595137387514,False
221116-E4_Out,1299,8,304.2866890281439,221.56996348500252,False
221116-E4_Out,1299,9,304.2789213806391,221.572092525661,False
221116-E4_Out,1299,10,304.1156168729067,221.38090961426497,False
221116-E4_Out,1300,3,255.0,211.0,False
221116-E4_Out,1300,4,253.17594575881958,210.63692218065262,False
221116-E4_Out,1301,4,273.0,275.0,True
221116-E5_Out,1303,3,246.0,146.0,False
221116-E5_Out,1303,4,231.8419132232666,140.362690448761,False
221116-E5_Out,1303,5,230.45246839523315,139.85371780395508,False
221116-E5_Out,1303,6,230.68442979454994,139.34854471683502,False
221116-E5_Out,1303,7,229.75279894471169,139.79519927501678,False
221116-E5_Out,1303,8,229.1722653210163,139.39875516295433,False
221116-E5_Out,1303,9,227.77965214848518,140.11361214518547,False
221116-E5_Out,1304,3,207.0,116.0,False
221116-E5_Out,1304,4,199.9141025543213,108.67592811584473,False
221116-E5_Out,1304,5,198.1366287469864,108.90307140350342,False
221116-E5_Out,1304,6,195.00664341449738,107.53792572021484,False
221116-E5_Out,1304,7,194.92622466385365,108.52492439746857,False
221116-E5_Out,1304,8,195.92665345966816,109.83356845378876,False
221116-E5_Out,1304,9,193.83354695141315,110.65266180038452,False
221116-E5_Out,1305,3,209.0,124.0,False
221116-E5_Out,1305,4,203.57339668273926,120.52522897720337,False
221116-E5_Out,1305,5,200.90579986572266,118.29445552825928,False
221116-E5_Out,1305,6,199.5851687192917,116.64365899562836,False
221116-E5_Out,1305,7,197.94690716266632,116.67882922291756,False
221116-E5_Out,1305,8,199.42052447795868,116.80798521637917,False
221116-E5_Out,1305,9,198.87022757530212,118.40428498387337,False
221116-E5_Out,1305,10,199.9785406589508,121.16426041722298,False
221116-E5_Out,1305,11,199.81128388643265,123.61483004689217,False
221116-E5_Out,1306,3,214.0,109.0,False
221116-E5_Out,1306,4,210.3178174495697,105.20189499855042,False
221116-E5_Out,1306,5,208.9958622455597,103.8822889328003,False
221116-E5_Out,1306,6,208.20422208309174,102.50069236755371,False
221116-E5_Out,1306,7,207.6769975423813,103.54591810703278,False
221116-E5_Out,1306,8,207.64061841368675,105.06520581245422,False
221116-E5_Out,1307,3,200.0,136.0,False
221116-E5_Out,1307,4,198.12023615837097,133.5525619983673,False
221116-E5_Out,1307,5,197.1038464307785,132.92796885967255,False
221116-E5_Out,1307,6,196.33324480056763,132.41465306282043,False
221116-E5_Out,1307,7,195.6949018239975,132.2055773139,False
221116-E5_Out,1307,8,195.43162086606026,131.6717610359192,False
221116-E5_Out,1307,9,195.26212280988693,132.08532983064651,False
221116-E5_Out,1308,3,220.0,92.0,False
221116-E5_Out,1308,4,215.9920482635498,88.74503636360168,False
221116-E5_Out,1308,5,215.32053411006927,88.19786143302917,False
221116-E5_Out,1308,6,214.7365734577179,86.61081290245056,False
221116-E5_Out,1308,7,214.35928490757942,87.4767330288887,False
221116-E5_Out,1308,8,215.6371127665043,88.97500401735306,False
221116-E5_Out,1308,9,215.483622610569,89.82606649398804,False
221116-E5_Out,1309,3,267.0,137.0,False
221116-E5_Out,1309,4,254.3603982925415,132.22151374816895,False
221116-E5_Out,1309,5,252.33321475982666,131.755145072937,False
221116-E5_Out,1309,6,252.31971417367458,131.63678710907698,False
221116-E5_Out,1309,7,249.91779147088528,131.65060359984636,False
221116-E5_Out,1309,8,247.7566400617361,131.3030945137143,False
221116-E5_Out,1309,9,245.9156987518072,131.38259001076221,False
221116-E5_Out,1309,10,243.59461592137814,131.41258839517832,False
221116-E5_Out,1310,3,217.0,145.0,False
221116-E5_Out,1310,4,215.28379321098328,143.80526316165924,False
221116-E5_Out,1310,5,214.16963267326355,143.24411565065384,False
221116-E5_Out,1310,6,212.13085794448853,142.85329720377922,False
221116-E5_Out,1310,7,210.86114847660065,142.6060607135296,False
221116-E5_Out,1311,3,255.0,118.0,False
221116-E5_Out,1311,4,245.0866575241089,113.80147409439087,False
221116-E5_Out,1312,3,257.0,131.0,False
221116-E5_Out,1312,4,243.08427906036377,124.61846733093262,False
221116-E5_Out,1312,5,242.15079045295715,124.32869198918343,False
221116-E5_Out,1312,6,241.67501804232597,123.81481286883354,False
221116-E5_Out,1312,7,240.49423655867577,123.6295277774334,False
221116-E5_Out,1312,8,239.41544017195702,123.5010960996151,False
221116-E5_Out,1312,9,238.48953518271446,123.21979713439941,False
221116-E5_Out,1313,3,258.0,146.0,False
221116-E5_Out,1313,4,249.50061798095703,141.77084255218506,False
221116-E5_Out,1313,5,247.30578088760376,141.16078180074692,False
221116-E5_Out,1313,6,246.84528604149818,140.81226834654808,False
221116-E5_Out,1313,7,245.61646714806557,141.29174482822418,False
221116-E5_Out,1313,8,244.11924853920937,141.02935206890106,False
221116-E5_Out,1313,9,242.44611445069313,141.2613916695118,False
221116-E5_Out,1314,4,225.0,169.0,True
221116-E5_Out,1315,4,246.0,86.0,True
221116-E7_Out,1326,3,190.0,240.0,False
221116-E7_Out,1326,4,188.81420147418976,235.9921760559082,False
221116-E7_Out,1326,5,189.5302379131317,235.33623307943344,False
221116-E7_Out,1326,6,189.41167750954628,234.35513865947723,False
221116-E7_Out,1326,7,190.5002798140049,234.59781357645988,False
221116-E7_Out,1326,8,190.28594827651978,234.68227523565292,False
221116-E7_Out,1327,3,176.0,242.0,False
221116-E7_Out,1327,4,176.43160796165466,238.05901074409485,False
221116-E7_Out,1327,5,176.47415253520012,237.7052961587906,False
221116-E7_Out,1327,6,176.33120846748352,237.47034987807274,False
221116-E7_Out,1327,7,176.54222759604454,237.39918387681246,False
221116-E7_Out,1327,8,176.3245644569397,237.26851282268763,False
221116-E7_Out,1327,9,176.40034049004316,237.17395494878292,False
221116-E7_Out,1327,10,176.4879593476653,237.2711203098297,False
221116-E7_Out,1328,3,218.0,182.0,False
221116-E7_Out,1328,4,221.04631805419922,178.2848379611969,False
221116-E7_Out,1328,5,220.87093740701675,177.89933943748474,False
221116-E7_Out,1328,6,220.32183569669724,176.63565135002136,False
221116-E7_Out,1328,7,221.0147541165352,175.8518471121788,False
221116-E7_Out,1328,8,220.24142402410507,174.80293029546738,False
221116-E7_Out,1329,3,201.0,193.0,False
221116-E7_Out,1329,4,202.34642958641052,191.58681571483612,False
221116-E7_Out,1329,5,202.1943360865116,191.06663209199905,False
221116-E7_Out,1329,6,201.73054856061935,190.54898071289062,False
221116-E7_Out,1329,7,202.1910336613655,190.36210402846336,False
221116-E7_Out,1329,8,201.76432380080223,189.7863537967205,False
221116-E7_Out,1329,9,202.0257326066494,189.94328254461288,False
221116-E7_Out,1330,3,207.0,249.0,False
221116-E7_Out,1330,4,204.019104719162,241.0472812652588,False
221116-E7_Out,1330,5,204.22609600424767,240.74604073166847,False
221116-E7_Out,1330,6,204.20920571684837,240.5448463857174,False
221116-E7_Out,1330,7,204.30163049697876,240.5587458834052,False
221116-E7_Out,1330,8,204.19446924328804,240.57349985092878,False
221116-E7_Out,1330,9,204.14697378873825,240.45059882104397,False
221116-E7_Out,1330,10,204.1791261434555,240.43517823517323,False
221116-E7_Out,1331,3,190.0,227.0,False
221116-E7_Out,1331,4,196.37410879135132,221.90172815322876,False
221116-E7_Out,1331,5,196.8431986272335,220.85642552375793,False
221116-E7_Out,1331,6,196.8266528248787,220.87275125086308,False
221116-E7_Out,1331,7,198.4024012684822,221.05415005981922,False
221116-E7_Out,1331,8,197.96770605444908,221.16011177003384,False
221116-E7_Out,1331,9,198.35903504490852,221.42268423736095,False
221116-E7_Out,1332,3,178.0,230.0,False
221116-E7_Out,1332,4,177.22066295146942,227.15011024475098,False
221116-E7_Out,1332,5,177.23748195171356,226.50587028265,False
221116-E7_Out,1332,6,176.97402203083038,225.984865128994,False
221116-E7_Out,1332,7,177.51424199342728,225.99891851097345,False
221116-E7_Out,1333,3,188.0,182.0,False
221116-E7_Out,1333,4,189.79625177383423,179.28227305412292,False
221116-E7_Out,1333,5,189.98998905718327,179.212098531425,False
221116-E7_Out,1333,6,189.58575432002544,178.46425270289183,False
221116-E7_Out,1333,7,190.2379752844572,178.070683054626,False
221116-E7_Out,1333,8,189.76482881605625,177.3545249029994,False
221116-E7_Out,1333,9,190.4921823889017,177.60844903439283,False
221116-E7_Out,1334,3,192.0,192.0,False
221116-E7_Out,1334,4,194.73758029937744,190.3593945503235,False
221116-E7_Out,1334,5,194.7823378071189,189.64959025382996,False
221116-E7_Out,1334,6,194.0701476559043,188.6643469929695,False
221116-E7_Out,1334,7,195.64851739257574,188.47765478491783,False
221116-E7_Out,1334,8,194.70956625789404,187.27505323290825,False
221116-E7_Out,1335,3,204.0,230.0,False
221116-E7_Out,1335,4,203.7920416891575,226.47548723220825,False
221116-E7_Out,1335,5,203.85154151171446,225.76573079824448,False
221116-E7_Out,1335,6,203.94511834532022,225.45428946614265,False
221116-E7_Out,1335,7,204.70255414396524,225.40082881599665,False
221116-E7_Out,1335,8,204.26800549775362,225.3769960552454,False
221116-E7_Out,1335,9,204.431290961802,225.38143836706877,False
221116-E7_Out,1336,3,218.0,198.0,False
221116-E7_Out,1336,4,218.92561376094818,195.21197986602783,False
221116-E7_Out,1336,5,218.27473139762878,194.37193596363068,False
221116-E7_Out,1336,6,218.02156767249107,193.15484821796417,False
221116-E7_Out,1336,7,218.85543975234032,192.4662794470787,False
221116-E7_Out,1336,8,218.1137122809887,190.89889115095139,False
221116-E7_Out,1336,9,218.17159995436668,191.096498131752,False
221116-E7_Out,1336,10,217.73493206501007,190.0700055360794,False
221116-E7_Out,1336,11,218.48286890983582,188.81427788734436,False
221116-E7_Out,1337,4,150.0,215.0,True
221116-E7_Out,1338,4,239.0,221.0,True
221206-E10_Out,1339,3,286.0,343.0,False
221206-E10_Out,1339,4,283.9765360355377,342.8745781183243,False
221206-E10_Out,1339,5,283.6093835532665,342.6484414935112,False
221206-E10_Out,1339,6,283.56859028339386,342.700102686882,False
221206-E10_Out,1339,7,283.55231811106205,342.7602926567197,False
221206-E10_Out,1339,8,283.5815499275923,342.87099811434746,False
221206-E10_Out,1339,9,283.11967046558857,342.87737456709146,False
221206-E10_Out,1339,10,283.24733109772205,342.99564634263515,False
221206-E10_Out,1339,11,283.1539115458727,342.9826060384512,False
221206-E10_Out,1340,3,288.0,319.0,False
221206-E10_Out,1340,4,286.0470974445343,317.3066099882126,False
221206-E10_Out,1340,5,285.97252057492733,317.31385542452335,False
221206-E10_Out,1340,6,286.108132481575,317.44609136879444,False
221206-E10_Out,1340,7,286.4309307336807,317.7863787263632,False
221206-E10_Out,1340,8,286.64435790479183,318.06075190007687,False
221206-E10_Out,1340,9,285.4263862222433,318.00294037908316,False
221206-E10_Out,1340,10,285.9686851352453,318.3799498900771,False
221206-E10_Out,1341,3,305.0,325.0,False
221206-E10_Out,1341,4,301.1855425834656,323.0003526210785,False
221206-E10_Out,1341,5,301.51622170209885,323.2806850075722,False
221206-E10_Out,1341,6,301.50899527966976,323.29946836829185,False
221206-E10_Out,1341,7,301.695696413517,323.6414367258549,False
221206-E10_Out,1341,8,301.74310956150293,323.67974718660116,False
221206-E10_Out,1341,9,301.6394164636731,323.6525359004736,False
221206-E10_Out,1341,10,301.75112264603376,323.6288513764739,False
221206-E10_Out,1341,11,301.70141976326704,323.34456615895033,False
221206-E10_Out,1341,12,301.85724537819624,323.35718101263046,False
221206-E10_Out,1342,3,272.0,331.0,False
221206-E10_Out,1342,4,271.0582228899002,330.14998495578766,False
221206-E10_Out,1342,5,271.03039106726646,329.7979961037636,False
221206-E10_Out,1342,6,272.05565974116325,330.5013207793236,False
221206-E10_Out,1342,7,273.15817162394524,332.53373473882675,False
221206-E10_Out,1342,8,273.9034715592861,333.71627789735794,False
221206-E10_Out,1342,9,273.0403936803341,333.95928770303726,False
221206-E10_Out,1342,10,272.5564799308777,333.79278057813644,False
221206-E10_Out,1342,11,273.0110177099705,334.2656949162483,False
221206-E10_Out,1342,12,273.405196338892,335.29486042261124,False
221206-E10_Out,1343,3,307.0,347.0,False
221206-E10_Out,1343,4,306.1845849752426,353.55735635757446,False
221206-E10_Out,1343,5,306.67451176047325,353.2179927825928,False
221206-E10_Out,1343,6,306.6300520002842,354.106742143631,False
221206-E10_Out,1343,7,307.1739585697651,354.89675587415695,False
221206-E10_Out,1343,8,307.45263454318047,355.6725347042084,False
221206-E10_Out,1343,9,306.07434019446373,355.75199170410633,False
221206-E10_Out,1343,10,307.0621494948864,356.3143332749605,False
221206-E10_Out,1343,11,307.0555151104927,356.7718798071146,False
221206-E10_Out,1343,12,308.0699798464775,356.2918670922518,False
221206-E10_Out,1344,3,357.0,291.0,False
221206-E10_Out,1344,4,356.29292833805084,287.636168718338,False
221206-E10_Out,1344,5,356.61045426130295,287.82857102155685,False
221206-E10_Out,1344,6,356.57708705961704,288.14065623283386,False
221206-E10_Out,1344,7,356.79644460976124,288.79184526205063,False
221206-E10_Out,1344,8,356.8701774403453,289.1073715686798,False
221206-E10_Out,1344,9,356.8357342854142,289.6497219800949,False
221206-E10_Out,1344,10,356.3283270969987,289.5330093726516,False
221206-E10_Out,1344,11,356.2357814088464,289.6519922167063,False
221206-E10_Out,1345,3,330.0,277.0,False
221206-E10_Out,1345,4,330.70748257637024,275.70082902908325,False
221206-E10_Out,1345,5,330.8563539683819,275.79050051420927,False
221206-E10_Out,1345,6,330.7965611666441,275.8956802636385,False
221206-E10_Out,1345,7,330.93646340072155,276.1369415074587,False
221206-E10_Out,1345,8,331.04478016495705,276.4581497758627,False
221206-E10_Out,1345,9,330.18621531128883,276.05739273130894,False
221206-E10_Out,1345,10,330.799810141325,276.17992493510246,False
221206-E10_Out,1345,11,330.95110791921616,276.7420705258846,False
221206-E10_Out,1346,3,285.0,304.0,False
221206-E10_Out,1346,4,284.8568139374256,303.09900003671646,False
221206-E10_Out,1346,5,285.3834125697613,303.91633808612823,False
221206-E10_Out,1346,6,285.93527564406395,304.1289136707783,False
221206-E10_Out,1346,7,286.87751480937004,303.97201457619667,False
221206-E10_Out,1346,8,287.3842121064663,304.5824547111988,False
221206-E10_Out,1346,9,286.8422128856182,304.21337527036667,False
221206-E10_Out,1346,10,287.92566499114037,305.2505529522896,False
221206-E10_Out,1346,11,287.78227147459984,305.10078847408295,False
221206-E10_Out,1347,3,344.0,287.0,False
221206-E10_Out,1347,4,343.18252444267273,284.3180351257324,False
221206-E10_Out,1347,5,343.14798851311207,284.3644110187888,False
221206-E10_Out,1347,6,343.13945573568344,284.3730909079313,False
221206-E10_Out,1347,7,342.6394727528095,284.42258828133345,False
221206-E10_Out,1347,8,342.8101119399071,284.5782086774707,False
221206-E10_Out,1347,9,342.5568525791168,284.476296544075,False
221206-E10_Out,1347,10,342.91541132330894,284.5065846443176,False
221206-E10_Out,1347,11,342.9732948616147,285.08209466934204,False
221206-E10_Out,1347,12,343.43222761899233,285.48820808529854,False
221206-E10_Out,1348,3,359.0,263.0,False
221206-E10_Out,1348,4,358.5959232747555,261.3611639738083,False
221206-E10_Out,1348,5,358.82229582965374,261.6512853503227,False
221206-E10_Out,1348,6,358.59670536220074,262.62933737039566,False
221206-E10_Out,1348,7,358.6053694188595,262.58791127055883,False
221206-E10_Out,1348,8,358.77738104760647,262.92752807587385,False
221206-E10_Out,1348,9,358.64313189685345,262.787792108953,False
221206-E10_Out,1348,10,358.64344976842403,262.85441870987415,False
221206-E10_Out,1348,11,358.5495059341192,262.88896019011736,False
221206-E10_Out,1349,4,298.0,276.0,True
221206-E10_Out,1350,4,360.0,349.0,True
221206-E11_Out,1351,3,158.0,210.0,False
221206-E11_Out,1351,4,158.14810824394226,207.5887553691864,False
221206-E11_Out,1351,5,158.93898129463196,207.4642581269145,False
221206-E11_Out,1351,6,158.12784028053284,206.37671821564436,False
221206-E11_Out,1351,7,156.66791594028473,204.962391667068,False
221206-E11_Out,1351,8,156.7567292675376,202.55580192059278,False
221206-E11_Out,1351,9,156.17781271785498,202.94097688049078,False
221206-E11_Out,1351,10,156.41280619055033,204.1413579210639,False
221206-E11_Out,1352,3,247.0,279.0,False
221206-E11_Out,1352,4,245.46741902828217,273.74837589263916,False
221206-E11_Out,1352,5,245.40292179584503,273.79525043815374,False
221206-E11_Out,1352,6,243.84982180595398,273.12567456811666,False
221206-E11_Out,1352,7,243.8581342101097,273.14729465544224,False
221206-E11_Out,1352,8,243.7902081310749,273.1426365301013,False
221206-E11_Out,1352,9,243.75813375413418,273.08168064057827,False
221206-E11_Out,1352,10,243.72145748138428,273.06884010881186,False
221206-E11_Out,1352,11,243.73861749470234,273.08426789939404,False
221206-E11_Out,1353,3,189.0,218.0,False
221206-E11_Out,1353,4,187.60714089870453,215.2770767211914,False
221206-E11_Out,1353,5,187.49793174862862,214.56302094459534,False
221206-E11_Out,1353,6,185.65377500653267,212.52164316177368,False
221206-E11_Out,1353,7,185.40572383999825,210.633242726326,False
221206-E11_Out,1353,8,188.98059156537056,211.24623519182205,False
221206-E11_Out,1353,9,187.87677934765816,215.22983294725418,False
221206-E11_Out,1353,10,187.0713930428028,217.62471562623978,False
221206-E11_Out,1353,11,187.58196499943733,219.14558094739914,False
221206-E11_Out,1353,12,188.23595049977303,220.50327509641647,False
221206-E11_Out,1354,3,225.0,287.0,False
221206-E11_Out,1354,4,218.19794130325317,274.04235076904297,False
221206-E11_Out,1354,5,217.84759137034416,273.11159735918045,False
221206-E11_Out,1354,6,216.5684915482998,272.29534763097763,False
221206-E11_Out,1354,7,215.80128499865532,271.789299428463,False
221206-E11_Out,1354,8,216.54209944605827,271.77453876286745,False
221206-E11_Out,1354,9,214.9826678931713,271.47096628695726,False
221206-E11_Out,1354,10,215.10581404715776,271.9211211875081,False
221206-E11_Out,1354,11,215.4879512861371,271.8008214533329,False
221206-E11_Out,1355,3,233.0,242.0,False
221206-E11_Out,1355,4,227.66646718978882,228.2338104248047,False
221206-E11_Out,1355,5,226.98923432826996,227.65313750505447,False
221206-E11_Out,1355,6,226.14438235759735,224.96751886606216,False
221206-E11_Out,1355,7,225.94176790118217,225.721011698246,False
221206-E11_Out,1355,8,225.6029798388481,227.06297808885574,False
221206-E11_Out,1355,9,225.26164549589157,230.18791157007217,False
221206-E11_Out,1355,10,224.65089970827103,232.04016834497452,False
221206-E11_Out,1355,11,223.8183371424675,232.870336830616,False
221206-E11_Out,1355,12,223.5029126405716,233.56996965408325,False
221206-E11_Out,1356,3,186.0,198.0,False
221206-E11_Out,1356,4,182.85294246673584,197.52668797969818,False
221206-E11_Out,1356,5,184.17705416679382,197.88415777683258,False
221206-E11_Out,1356,6,182.59748661518097,196.1510454416275,False
221206-E11_Out,1356,7,179.7341297864914,192.2628172636032,False
221206-E11_Out,1356,8,184.11729896068573,192.3279558122158,False
221206-E11_Out,1356,9,180.36630165576935,196.45159682631493,False
221206-E11_Out,1356,10,176.91955626010895,200.08962687849998,False
221206-E11_Out,1356,11,176.60850194096565,202.45204862952232,False
221206-E11_Out,1356,12,177.10621920228004,204.01142558455467,False
221206-E11_Out,1357,4,171.0,275.0,True
221206-E12_Out,1359,3,264.0,183.0,False
221206-E12_Out,1359,4,263.7872189283371,182.32136446237564,False
221206-E12_Out,1359,5,263.79708348214626,182.32271271198988,False
221206-E12_Out,1359,6,263.8339768052101,182.33880078792572,False
221206-E12_Out,1359,7,264.05970096588135,181.94516384601593,False
221206-E12_Out,1359,8,264.050032556057,181.9465194568038,False
221206-E12_Out,1359,9,264.19329383969307,181.99411538243294,False
221206-E12_Out,1359,10,264.51833352446556,182.01884873211384,False
221206-E12_Out,1359,11,264.79444393515587,182.24377845227718,False
221206-E12_Out,1359,12,265.0637981593609,182.256853826344,False
221206-E12_Out,1360,3,226.0,194.0,False
221206-E12_Out,1360,4,226.03187346458435,192.99890971183777,False
221206-E12_Out,1360,5,225.94889751076698,193.0550278350711,False
221206-E12_Out,1360,6,225.89258967339993,193.02525244653225,False
221206-E12_Out,1360,7,226.10051506757736,192.73863734304905,False
221206-E12_Out,1360,8,226.41662925481796,192.49517859518528,False
221206-E12_Out,1360,9,226.77238622307777,192.2233778089285,False
221206-E12_Out,1360,10,226.94847097992897,191.85644628107548,False
221206-E12_Out,1360,11,227.58556750416756,191.49880243837833,False
221206-E12_Out,1361,3,277.0,246.0,False
221206-E12_Out,1361,4,274.66917610168457,242.37305760383606,False
221206-E12_Out,1361,5,274.6685234159231,242.38834603875875,False
221206-E12_Out,1361,6,274.6537310630083,242.45130188763142,False
221206-E12_Out,1361,7,275.0631888061762,242.67781211435795,False
221206-E12_Out,1361,8,275.1559322029352,242.5612150505185,False
221206-E12_Out,1361,9,275.3742115944624,242.4747478067875,False
221206-E12_Out,1361,10,275.4930321574211,242.49859049916267,False
221206-E12_Out,1361,11,275.63860607147217,242.4023089185357,False
221206-E12_Out,1361,12,275.8156016767025,242.34830732643604,False
221206-E12_Out,1362,3,262.0,239.0,False
221206-E12_Out,1362,4,259.47581481933594,235.31329798698425,False
221206-E12_Out,1362,5,259.28924709558487,235.1957540884614,False
221206-E12_Out,1362,6,259.3423348814249,235.18170688301325,False
221206-E12_Out,1362,7,258.92252384126186,234.80409345775843,False
221206-E12_Out,1362,8,259.3115167468786,234.52939198166132,False
221206-E12_Out,1362,9,259.57263834774494,234.2142649963498,False
221206-E12_Out,1362,10,260.19340451061726,234.33528112620115,False
221206-E12_Out,1362,11,260.5082772523165,234.22972939908504,False
221206-E12_Out,1362,12,260.90184880793095,234.27704460918903,False
221206-E12_Out,1363,3,247.0,179.0,False
221206-E12_Out,1363,4,247.2270015180111,178.53341764211655,False
221206-E12_Out,1363,5,247.1257228255272,178.53656797856092,False
221206-E12_Out,1363,6,247.1480352282524,178.5791449099779,False
221206-E12_Out,1363,7,247.29629243910313,178.22210074961185,False
221206-E12_Out,1363,8,247.39584232121706,178.1630034968257,False
221206-E12_Out,1363,9,247.4087787643075,178.1396747380495,False
221206-E12_Out,1363,10,247.55698160082102,178.07709803432226,False
221206-E12_Out,1363,11,247.74536950141191,178.21136324852705,False
221206-E12_Out,1363,12,248.06198102980852,178.10784631967545,False
221206-E12_Out,1364,3,274.0,228.0,False
221206-E12_Out,1364,4,272.8324741125107,221.2192931175232,False
221206-E12_Out,1364,5,272.5695313513279,220.80839228630066,False
221206-E12_Out,1364,6,272.9332677423954,221.2641680240631,False
221206-E12_Out,1364,7,273.09477742016315,220.80894023180008,False
221206-E12_Out,1364,8,273.2166894674301,220.49380499124527,False
221206-E12_Out,1364,9,273.4871623516083,220.38251750916243,False
221206-E12_Out,1364,10,273.92162534594536,220.36269611865282,False
221206-E12_Out,1364,11,274.17972922325134,220.58854378014803,False
221206-E12_Out,1365,4,289.0,187.0,True
221206-E12_Out,1366,4,225.0,240.0,True
221206-E13_Out,1367,3,277.0,234.0,False
221206-E13_Out,1367,4,272.29061698913574,223.61793613433838,False
221206-E13_Out,1367,5,270.17469096183777,221.21666288375854,False
221206-E13_Out,1367,6,270.5575535297394,219.83841228485107,False
221206-E13_Out,1367,7,268.26297521591187,217.440279006958,False
221206-E13_Out,1367,8,267.1975758075714,215.85914552211761,False
221206-E13_Out,1367,9,267.1120673418045,215.1430127620697,False
221206-E13_Out,1367,10,266.07657170295715,213.83884000778198,False
221206-E13_Out,1368,3,270.0,204.0,False
221206-E13_Out,1368,4,268.6258318424225,199.9162392616272,False
221206-E13_Out,1368,5,267.41502583026886,198.8524729013443,False
221206-E13_Out,1368,6,268.7233147621155,199.77313441038132,False
221206-E13_Out,1368,7,266.787225484848,198.1747698187828,False
221206-E13_Out,1368,8,265.2753783464432,196.07502287626266,False
221206-E13_Out,1368,9,265.67768490314484,194.94777065515518,False
221206-E13_Out,1369,3,246.0,214.0,False
221206-E13_Out,1369,4,245.22872388362885,210.81025075912476,False
221206-E13_Out,1369,5,244.16610646247864,209.95578426122665,False
221206-E13_Out,1369,6,245.5997656583786,211.367003262043,False
221206-E13_Out,1369,7,243.76126527786255,209.76662021875381,False
221206-E13_Out,1369,8,241.61483597755432,208.17701250314713,False
221206-E13_Out,1369,9,241.6067058891058,208.34145975112915,False
221206-E13_Out,1369,10,240.7797343581915,207.50293451547623,False
221206-E13_Out,1369,11,239.7840125411749,206.51530849933624,False
221206-E13_Out,1370,3,262.0,193.0,False
221206-E13_Out,1370,4,261.462437748909,191.63274538516998,False
221206-E13_Out,1370,5,260.59672820568085,190.9615414738655,False
221206-E13_Out,1370,6,261.87534403800964,192.07411402463913,False
221206-E13_Out,1370,7,260.4341697692871,190.95401495695114,False
221206-E13_Out,1370,8,259.25750863552094,189.73384481668472,False
221206-E13_Out,1370,9,259.6073143482208,189.31091678142548,False
221206-E13_Out,1370,10,258.696471452713,188.47499471902847,False
221206-E13_Out,1370,11,258.26142141222954,187.72920322418213,False
221206-E13_Out,1370,12,257.1994410455227,187.05194479227066,False
221206-E13_Out,1371,3,290.0,226.0,False
221206-E13_Out,1371,4,287.7066767215729,221.87071132659912,False
221206-E13_Out,1371,5,287.3882799446583,220.72583425045013,False
221206-E13_Out,1371,6,287.48736268281937,219.7231409549713,False
221206-E13_Out,1371,7,286.26348489522934,218.24426591396332,False
221206-E13_Out,1371,8,285.55186170339584,216.52214348316193,False
221206-E13_Out,1371,9,284.99055403470993,215.06342267990112,False
221206-E13_Out,1371,10,283.94146007299423,213.64824831485748,False
221206-E13_Out,1371,11,283.26017516851425,212.02735352516174,False
221206-E13_Out,1371,12,283.6068469285965,210.2718448638916,False
221206-E13_Out,1373,4,240.0,253.0,True
221206-E1_Out,1374,3,207.0,283.0,False
221206-E1_Out,1374,4,205.88314616680145,295.2934904098511,False
221206-E1_Out,1374,5,206.43823313713074,296.5651684999466,False
221206-E1_Out,1374,6,206.02201667428017,297.89224231243134,False
221206-E1_Out,1374,7,205.52642613649368,299.2786840200424,False
221206-E1_Out,1374,8,205.8601637482643,301.11616253852844,False
221206-E1_Out,1374,9,205.8772800117731,302.4861110448837,False
221206-E1_Out,1375,3,270.0,260.0,False
221206-E1_Out,1375,4,270.0877037346363,246.61416244506836,False
221206-E1_Out,1375,5,269.1134560406208,243.26500797271729,False
221206-E1_Out,1375,6,268.286078363657,240.66915225982666,False
221206-E1_Out,1375,7,267.76658621430397,238.65137457847595,False
221206-E1_Out,1375,8,267.32738995552063,236.61506056785583,False
221206-E1_Out,1375,9,267.2750119268894,235.15064918994904,False
221206-E1_Out,1375,10,267.2379067838192,234.03821551799774,False
221206-E1_Out,1375,11,266.5135211646557,232.4011687040329,False
221206-E1_Out,1375,12,266.47619293630123,231.5744550228119,False
221206-E1_Out,1376,3,219.0,279.0,False
221206-E1_Out,1376,4,219.3337298631668,286.95292377471924,False
221206-E1_Out,1376,5,219.21771091222763,286.9222099110484,False
221206-E1_Out,1376,6,219.01317286491394,286.91080866754055,False
221206-E1_Out,1376,7,218.8623243868351,286.87638080865145,False
221206-E1_Out,1376,8,218.6673163473606,286.89651860296726,False
221206-E1_Out,1376,9,218.43257716298103,286.8470895662904,False
221206-E1_Out,1376,10,218.36206649243832,286.8222596645355,False
221206-E1_Out,1376,11,218.20146937668324,286.7966979071498,False
221206-E1_Out,1377,3,218.0,256.0,False
221206-E1_Out,1377,4,213.46624565124512,239.52586364746094,False
221206-E1_Out,1377,5,213.03602108359337,237.6649420261383,False
221206-E1_Out,1377,6,212.03946301341057,235.17615675926208,False
221206-E1_Out,1377,7,212.89902517199516,234.25020343065262,False
221206-E1_Out,1377,8,212.88309931755066,232.5541107058525,False
221206-E1_Out,1377,9,212.4495921432972,230.8455130457878,False
221206-E1_Out,1377,10,211.8093879520893,229.03546172380447,False
221206-E1_Out,1377,11,211.214096814394,227.50011748075485,False
221206-E1_Out,1378,3,239.0,182.0,False
221206-E1_Out,1378,4,239.09138595312834,180.77916622161865,False
221206-E1_Out,1378,5,238.6600305661559,180.6709924712777,False
221206-E1_Out,1378,6,238.8673770353198,180.10934636741877,False
221206-E1_Out,1378,7,238.19372903555632,180.61890480667353,False
221206-E1_Out,1378,8,238.7031011506915,180.4255265071988,False
221206-E1_Out,1378,9,238.85314290970564,180.2646697834134,False
221206-E1_Out,1379,3,249.0,211.0,False
221206-E1_Out,1379,4,249.36414828896523,208.52093386650085,False
221206-E1_Out,1379,5,249.04737004637718,207.79535800218582,False
221206-E1_Out,1379,6,248.86157763004303,207.06095099449158,False
221206-E1_Out,1379,7,248.72700276970863,206.4636680483818,False
221206-E1_Out,1379,8,248.79401898384094,205.8026965856552,False
221206-E1_Out,1379,9,248.8355009034276,205.2546248435974,False
221206-E1_Out,1379,10,248.6126396432519,204.42000144720078,False
221206-E1_Out,1379,11,248.21127361804247,203.87518471479416,False
221206-E1_Out,1380,3,231.0,303.0,False
221206-E1_Out,1380,4,231.012768805027,309.92620372772217,False
221206-E1_Out,1380,5,230.5285665690899,310.2641778290272,False
221206-E1_Out,1380,6,230.30082792043686,311.23998215794563,False
221206-E1_Out,1380,7,230.1245319545269,312.01652976870537,False
221206-E1_Out,1380,8,230.17332192510366,312.7319258749485,False
221206-E1_Out,1380,9,229.86933606117964,313.5484308898449,False
221206-E1_Out,1381,3,247.0,290.0,False
221206-E1_Out,1381,4,247.42873686552048,299.17485523223877,False
221206-E1_Out,1381,5,247.21549025177956,299.2134646102786,False
221206-E1_Out,1381,6,247.14393059909344,299.2773344665766,False
221206-E1_Out,1381,7,247.0036339610815,299.29912865906954,False
221206-E1_Out,1381,8,246.8819656521082,299.23336014151573,False
221206-E1_Out,1381,9,246.82401840388775,299.2820889875293,False
221206-E1_Out,1381,10,246.68437294662,299.2523067742586,False
221206-E1_Out,1381,11,246.58146815001965,299.25550202280283,False
221206-E1_Out,1381,12,246.4734134823084,299.215001732111,False
221206-E1_Out,1382,3,221.0,207.0,False
221206-E1_Out,1382,4,221.60423302650452,202.96785402297974,False
221206-E1_Out,1382,5,221.67513076215982,202.39091843366623,False
221206-E1_Out,1382,6,221.4122840538621,201.09117621183395,False
221206-E1_Out,1382,7,221.5473687723279,200.53899508714676,False
221206-E1_Out,1382,8,222.4894551113248,200.32721054553986,False
221206-E1_Out,1382,9,222.76541171222925,200.3038839250803,False
221206-E1_Out,1382,10,223.070393987,199.74425990879536,False
221206-E1_Out,1382,11,222.75528786331415,199.05263955891132,False
221206-E1_Out,1382,12,222.94106518477201,198.3709894567728,False
221206-E1_Out,1383,3,236.0,271.0,False
221206-E1_Out,1383,4,240.31486463546753,271.7610626220703,False
221206-E1_Out,1383,5,240.1896236538887,271.54050892591476,False
221206-E1_Out,1383,6,240.1001415103674,271.4340439364314,False
221206-E1_Out,1383,7,240.0814630240202,271.3553426116705,False
221206-E1_Out,1383,8,239.99665960669518,271.20154194533825,False
221206-E1_Out,1383,9,239.90766140818596,271.1045076623559,False
221206-E1_Out,1383,10,239.87128022313118,271.02686789631844,False
221206-E1_Out,1383,11,239.752900660038,270.90872713178396,False
221206-E1_Out,1384,3,233.0,194.0,False
221206-E1_Out,1384,4,233.14507913589478,191.79260325431824,False
221206-E1_Out,1384,5,233.0690480172634,191.46932396292686,False
221206-E1_Out,1384,6,233.33660724759102,190.92600163817406,False
221206-E1_Out,1384,7,232.97083109617233,190.82867491990328,False
221206-E1_Out,1384,8,233.6003646850586,190.77618376910686,False
221206-E1_Out,1384,9,234.05305406451225,190.67429134994745,False
221206-E1_Out,1384,10,234.13966101408005,190.59173484146595,False
221206-E1_Out,1384,11,233.76686462759972,190.26453106105328,False
221206-E1_Out,1384,12,234.0262234210968,189.90943704545498,False
221206-E1_Out,1385,3,236.0,248.0,False
221206-E1_Out,1385,4,235.04120886325836,226.05645561218262,False
221206-E1_Out,1385,5,234.24405884742737,224.17946314811707,False
221206-E1_Out,1385,6,233.77702030539513,222.16066718101501,False
221206-E1_Out,1385,7,233.78458309173584,220.36118268966675,False
221206-E1_Out,1385,8,233.78168192505836,218.56524920463562,False
221206-E1_Out,1385,9,234.25876396894455,216.96738970279694,False
221206-E1_Out,1385,10,234.7170052230358,215.45036792755127,False
221206-E1_Out,1385,11,233.55190166831017,213.21404504776,False
221206-E1_Out,1386,3,287.0,221.0,False
221206-E1_Out,1386,4,286.63813176751137,213.80776262283325,False
221206-E1_Out,1386,5,286.2686140537262,212.06611335277557,False
221206-E1_Out,1386,6,285.768944889307,210.46008682250977,False
221206-E1_Out,1386,7,285.38289242982864,209.67497146129608,False
221206-E1_Out,1386,8,285.1446063518524,208.8590984940529,False
221206-E1_Out,1386,9,284.8207947909832,208.0679429769516,False
221206-E1_Out,1387,4,163.0,217.0,True
221206-E1_Out,1388,4,303.0,248.0,True
221206-E2_Out,1389,3,270.0,261.0,False
221206-E2_Out,1389,4,265.6046710014343,254.09547996520996,False
221206-E2_Out,1389,5,265.57508385181427,254.1199681982398,False
221206-E2_Out,1389,6,265.6424525678158,254.1806352585554,False
221206-E2_Out,1389,7,265.48616766929626,254.1038615182042,False
221206-E2_Out,1389,8,265.521893851459,254.1693071424961,False
221206-E2_Out,1389,9,265.4842272773385,254.20637967437506,False
221206-E2_Out,1389,10,265.4917842671275,254.30098308622837,False
221206-E2_Out,1389,11,265.2591905519366,254.17380242049694,False
221206-E2_Out,1390,3,232.0,196.0,False
221206-E2_Out,1390,4,232.02948205918074,195.490227997303,False
221206-E2_Out,1390,5,231.90587838739157,195.44420731812716,False
221206-E2_Out,1390,6,231.83374316245317,195.38034091889858,False
221206-E2_Out,1390,7,231.74189490824938,195.33922100812197,False
221206-E2_Out,1390,8,231.65173437446356,195.27243095636368,False
221206-E2_Out,1390,9,231.37513222545385,195.16321051865816,False
221206-E2_Out,1390,10,231.18981765955687,195.07260356843472,False
221206-E2_Out,1391,3,281.0,253.0,False
221206-E2_Out,1391,4,278.92100763320923,247.36480617523193,False
221206-E2_Out,1391,5,278.92159359157085,247.4013107046485,False
221206-E2_Out,1391,6,278.93999499082565,247.43478932976723,False
221206-E2_Out,1391,7,278.8611772507429,247.4571411088109,False
221206-E2_Out,1391,8,278.94174064695835,247.51932181417942,False
221206-E2_Out,1391,9,278.67316706478596,247.53944761306047,False
221206-E2_Out,1391,10,278.6826243400574,247.58651773631573,False
221206-E2_Out,1391,11,278.5517219901085,247.55689399689436,False
221206-E2_Out,1391,12,278.5698603093624,247.5751467347145,False
221206-E2_Out,1392,3,290.0,209.0,False
221206-E2_Out,1392,4,290.11879624426365,207.46443486213684,False
221206-E2_Out,1392,5,289.98415030539036,207.30034533143044,False
221206-E2_Out,1392,6,289.9443616718054,207.2794985100627,False
221206-E2_Out,1392,7,289.78028286993504,207.14003904908895,False
221206-E2_Out,1392,8,289.4213013499975,207.1549253463745,False
221206-E2_Out,1392,9,289.23089404404163,207.09653493016958,False
221206-E2_Out,1392,10,289.142758205533,207.14011126756668,False
221206-E2_Out,1393,3,279.0,176.0,False
221206-E2_Out,1393,4,278.8197015821934,175.6554948091507,False
221206-E2_Out,1393,5,278.30366256833076,175.25762504339218,False
221206-E2_Out,1393,6,278.1816589832306,175.48666754364967,False
221206-E2_Out,1393,7,278.2454588189721,175.49470150470734,False
221206-E2_Out,1393,8,277.49160549789667,175.29600143432617,False
221206-E2_Out,1393,9,277.6901224628091,175.57384780049324,False
221206-E2_Out,1393,10,277.2475857809186,175.36622321605682,False
221206-E2_Out,1393,11,277.3781392350793,175.59731128811836,False
221206-E2_Out,1393,12,277.01210290938616,175.49162521213293,False
221206-E2_Out,1394,3,228.0,314.0,False
221206-E2_Out,1394,4,227.55244460701942,317.88388776779175,False
221206-E2_Out,1394,5,227.6419335976243,317.94860692322254,False
221206-E2_Out,1394,6,227.2510641887784,318.2965819686651,False
221206-E2_Out,1394,7,227.44492814689875,318.5694247931242,False
221206-E2_Out,1394,8,227.4280063137412,318.52805138379335,False
221206-E2_Out,1394,9,227.58201081305742,318.6120637357235,False
221206-E2_Out,1394,10,227.38993809372187,319.0514742434025,False
221206-E2_Out,1395,3,255.0,282.0,False
221206-E2_Out,1395,4,253.93943321704865,282.01539193838835,False
221206-E2_Out,1395,5,253.8581787198782,281.96293510496616,False
221206-E2_Out,1395,6,253.88657000660896,281.9337894394994,False
221206-E2_Out,1395,7,253.87244534492493,281.8648837208748,False
221206-E2_Out,1395,8,253.87510061264038,281.82755368202925,False
221206-E2_Out,1395,9,253.9377345442772,281.7673283368349,False
221206-E2_Out,1395,10,253.9341341406107,281.8107632473111,False
221206-E2_Out,1395,11,253.92655386030674,281.7836569547653,False
221206-E2_Out,1395,12,253.97710767388344,281.7577330991626,False
221206-E2_Out,1396,3,228.0,273.0,False
221206-E2_Out,1396,4,226.80349957942963,269.2749855518341,False
221206-E2_Out,1396,5,226.83477260917425,269.32081305235624,False
221206-E2_Out,1396,6,226.78458524495363,269.3476845175028,False
221206-E2_Out,1396,7,226.6769996061921,269.3057325556874,False
221206-E2_Out,1396,8,226.72325816005468,269.35428604483604,False
221206-E2_Out,1396,9,226.70498173683882,269.41054505854845,False
221206-E2_Out,1396,10,226.65195130556822,269.39233031868935,False
221206-E2_Out,1396,11,226.63461396843195,269.434256516397,False
221206-E2_Out,1396,12,226.67687637358904,269.4465798586607,False
221206-E2_Out,1398,4,180.0,236.0,True
221206-E7_Out,1408,3,312.0,175.0,False
221206-E7_Out,1408,4,316.21586179733276,176.81630182266235,False
221206-E7_Out,1408,5,316.2125296443701,176.83571713417768,False
221206-E7_Out,1408,6,316.13997930288315,176.83134423196316,False
221206-E7_Out,1408,7,316.1424046009779,176.84434617310762,False
221206-E7_Out,1408,8,315.9163930565119,176.8256195783615,False
221206-E7_Out,1408,9,315.87453457713127,176.80656700581312,False
221206-E7_Out,1409,3,280.0,192.0,False
221206-E7_Out,1409,4,273.0243263244629,206.32725715637207,False
221206-E7_Out,1409,5,271.53942716121674,204.7786476612091,False
221206-E7_Out,1409,6,268.5961548089981,204.01718938350677,False
221206-E7_Out,1409,7,268.6920630261302,204.6349003314972,False
221206-E7_Out,1409,8,265.15251415222883,204.13352942466736,False
221206-E7_Out,1409,9,262.45430939644575,201.71700024604797,False
221206-E7_Out,1409,10,261.2050971314311,202.93071269989014,False
221206-E7_Out,1409,11,260.19020383805037,202.3775790333748,False
221206-E7_Out,1409,12,258.7188114449382,200.12870055437088,False
221206-E7_Out,1410,3,249.0,192.0,False
221206-E7_Out,1410,4,246.24691939353943,196.98374462127686,False
221206-E7_Out,1410,5,245.2702752351761,196.58832308650017,False
221206-E7_Out,1410,6,244.17799925804138,195.1921930015087,False
221206-E7_Out,1410,7,243.6817750632763,194.56328240036964,False
221206-E7_Out,1410,8,242.6966231763363,192.00887003540993,False
221206-E7_Out,1410,9,240.5648737847805,189.89947786927223,False
221206-E7_Out,1410,10,240.32061940431595,190.6135935485363,False
221206-E7_Out,1410,11,239.69440406560898,188.5039231479168,False
221206-E7_Out,1410,12,237.51164239645004,185.84821006655693,False
221206-E7_Out,1411,3,249.0,180.0,False
221206-E7_Out,1411,4,242.5962414741516,186.34063482284546,False
221206-E7_Out,1411,5,242.56431414186954,186.17600363492966,False
221206-E7_Out,1411,6,242.70788703858852,187.1949481368065,False
221206-E7_Out,1411,7,241.8333309739828,185.54008024930954,False
221206-E7_Out,1411,8,240.8961666673422,183.1116742491722,False
221206-E7_Out,1411,9,238.96515284478664,181.13071030378342,False
221206-E7_Out,1411,10,237.68607853353024,181.26324754953384,False
221206-E7_Out,1411,11,237.77342779934406,179.52090936899185,False
221206-E7_Out,1412,3,314.0,149.0,False
221206-E7_Out,1412,4,310.95795583724976,132.71184158325195,False
221206-E7_Out,1412,5,310.8581445813179,132.34597253799438,False
221206-E7_Out,1412,6,310.78897309303284,132.26953718811274,False
221206-E7_Out,1412,7,310.5427078306675,131.72551963478327,False
221206-E7_Out,1412,8,310.1049274802208,131.38342813402414,False
221206-E7_Out,1412,9,310.0083669871092,130.6686191931367,False
221206-E7_Out,1412,10,309.8115350753069,130.3918736949563,False
221206-E7_Out,1412,11,309.78794948756695,130.13620794564486,False
221206-E7_Out,1413,3,292.0,136.0,False
221206-E7_Out,1413,4,287.45714473724365,125.8876085281372,False
221206-E7_Out,1413,5,287.71267342567444,125.09444171190262,False
221206-E7_Out,1413,6,288.54647290706635,124.91251027584076,False
221206-E7_Out,1413,7,288.50840324163437,123.95591694116592,False
221206-E7_Out,1413,8,288.67374697327614,123.84743771702051,False
221206-E7_Out,1413,9,288.71403760463,122.81298635154963,False
221206-E7_Out,1413,10,289.2606650069356,123.15700892359018,False
221206-E7_Out,1414,3,289.0,117.0,False
221206-E7_Out,1414,4,285.77839851379395,107.61481857299805,False
221206-E7_Out,1414,5,286.29471653699875,106.1910697221756,False
221206-E7_Out,1414,6,286.36575807631016,105.38643020391464,False
221206-E7_Out,1414,7,286.86530454456806,104.5731509923935,False
221206-E7_Out,1414,8,287.5161226540804,105.58626973628998,False
221206-E7_Out,1414,9,288.27837903797626,104.50274109840393,False
221206-E7_Out,1414,10,288.78924299776554,103.90831786394119,False
221206-E7_Out,1414,11,287.37753750383854,102.76510840654373,False
221206-E7_Out,1414,12,288.86732126772404,102.74334993958473,False
221206-E7_Out,1415,3,264.0,169.0,False
221206-E7_Out,1415,4,258.9742970466614,171.11714601516724,False
221206-E7_Out,1415,5,258.02077782154083,170.30989772081375,False
221206-E7_Out,1415,6,258.9131315946579,170.83605182170868,False
221206-E7_Out,1415,7,257.5202805995941,170.0308095216751,False
221206-E7_Out,1415,8,256.27285182476044,168.7584124803543,False
221206-E7_Out,1416,3,228.0,175.0,False
221206-E7_Out,1416,4,226.50272679328918,179.52550268173218,False
221206-E7_Out,1416,5,226.34498658776283,179.66045385599136,False
221206-E7_Out,1416,6,225.99548172950745,179.60315585881472,False
221206-E7_Out,1416,7,224.60300767421722,176.81081677228212,False
221206-E7_Out,1416,8,224.1917652785778,176.12544894963503,False
221206-E7_Out,1416,9,223.12527844309807,174.04973078519106,False
221206-E7_Out,1417,4,308.0,197.0,True
221206-E7_Out,1418,4,245.0,127.0,True
221206-E9_Out,1428,3,219.0,195.0,False
221206-E9_Out,1428,4,209.22904014587402,199.43460083007812,False
221206-E9_Out,1428,5,211.20329213142395,198.78412133455276,False
221206-E9_Out,1428,6,211.9576414823532,199.7022745013237,False
221206-E9_Out,1428,7,214.65074408054352,198.80986601114273,False
221206-E9_Out,1428,8,215.83603596687317,199.18731889128685,False
221206-E9_Out,1428,9,217.64946067333221,199.79919931292534,False
221206-E9_Out,1428,10,218.55385756492615,198.52698597311974,False
221206-E9_Out,1428,11,219.92347824573517,198.1335566341877,False
221206-E9_Out,1428,12,221.12585866451263,198.07586089521646,False
221206-E9_Out,1429,3,231.0,212.0,False
221206-E9_Out,1429,4,227.14712643623352,226.1942777633667,False
221206-E9_Out,1429,5,229.65466213226318,224.8449376821518,False
221206-E9_Out,1429,6,224.96268892288208,225.1014939248562,False
221206-E9_Out,1429,7,226.257852435112,225.5326393544674,False
221206-E9_Out,1429,8,228.30893671512604,225.82232922315598,False
221206-E9_Out,1429,9,229.43079900741577,226.0075006186962,False
221206-E9_Out,1429,10,230.5133911371231,224.59233579039574,False
221206-E9_Out,1429,11,232.78375852108002,224.11300417780876,False
221206-E9_Out,1429,12,232.86248312145472,223.91227558255196,False
221206-E9_Out,1430,3,251.0,165.0,False
221206-E9_Out,1430,4,252.40802884101868,154.76412105560303,False
221206-E9_Out,1430,5,253.10005140304565,154.95456805825233,False
221206-E9_Out,1430,6,253.25983756780624,153.77568700909615,False
221206-E9_Out,1430,7,253.7031047642231,154.0393554866314,False
221206-E9_Out,1430,8,254.42127814888954,153.9861742183566,False
221206-E9_Out,1430,9,254.90823552012444,153.73157420009375,False
221206-E9_Out,1430,10,254.70512145757675,153.11931809037924,False
221206-E9_Out,1430,11,255.4817288517952,153.48098631948233,False
221206-E9_Out,1430,12,255.71462696790695,152.96041282266378,False
221206-E9_Out,1431,3,192.0,224.0,False
221206-E9_Out,1431,4,190.52803778648376,231.7790732383728,False
221206-E9_Out,1431,5,193.5224084854126,231.26034474372864,False
221206-E9_Out,1431,6,193.36652129888535,231.12062817811966,False
221206-E9_Out,1431,7,196.04310482740402,230.94582173228264,False
221206-E9_Out,1431,8,197.3362997174263,231.03966795653105,False
221206-E9_Out,1431,9,199.29457503557205,231.7235777899623,False
221206-E9_Out,1431,10,201.1017319560051,231.4086668714881,False
221206-E9_Out,1431,11,202.65006643533707,231.63486977666616,False
221206-E9_Out,1431,12,203.2566310763359,231.28269468992949,False
221206-E9_Out,1432,3,236.0,174.0,False
221206-E9_Out,1432,4,225.83777523040771,161.59326457977295,False
221206-E9_Out,1432,5,227.4497048854828,163.13529706001282,False
221206-E9_Out,1432,6,228.9692623615265,162.77938580513,False
221206-E9_Out,1432,7,230.62432968616486,164.04270112514496,False
221206-E9_Out,1432,8,231.07010933756828,165.10631000995636,False
221206-E9_Out,1432,9,232.50711223483086,165.84649693965912,False
221206-E9_Out,1432,10,232.27322137355804,165.00778377056122,False
221206-E9_Out,1433,3,207.0,218.0,False
221206-E9_Out,1433,4,203.28859853744507,230.20929336547852,False
221206-E9_Out,1433,5,204.61445498466492,229.84358721971512,False
221206-E9_Out,1433,6,202.87650787830353,229.5338569879532,False
221206-E9_Out,1433,7,204.0449562072754,229.93479079008102,False
221206-E9_Out,1433,8,204.55998945236206,229.9954954124987,False
221206-E9_Out,1433,9,205.29967737197876,230.176203135401,False
221206-E9_Out,1433,10,206.2625435590744,229.6415745653212,False
221206-E9_Out,1433,11,207.44080674648285,229.71308372542262,False
221206-E9_Out,1433,12,207.92281571030617,229.5112354271114,False
221206-E9_Out,1434,3,200.0,183.0,False
221206-E9_Out,1434,4,190.1937484741211,182.5085884332657,False
221206-E9_Out,1434,5,191.196044921875,182.87563675642014,False
221206-E9_Out,1434,6,192.30253052711487,183.59265840053558,False
221206-E9_Out,1434,7,192.82169783115387,183.48229313641787,False
221206-E9_Out,1434,8,193.89182353019714,183.99755478650331,False
221206-E9_Out,1434,9,194.67107105255127,184.2099604383111,False
221206-E9_Out,1434,10,195.28932631015778,184.01652619987726,False
221206-E9_Out,1434,11,196.1825888156891,184.23860219866037,False
221206-E9_Out,1434,12,197.09094631671906,184.49366933852434,False
221206-E9_Out,1435,3,241.0,151.0,False
221206-E9_Out,1435,4,237.60333776474,138.22240161895752,False
221206-E9_Out,1435,5,239.6586413383484,138.85906368494034,False
221206-E9_Out,1435,6,241.73375988006592,139.36436921358109,False
221206-E9_Out,1435,7,243.3341554403305,139.8380305469036,False
221206-E9_Out,1435,8,245.2748862504959,139.37629398703575,False
221206-E9_Out,1435,9,247.066437125206,139.49446009099483,False
221206-E9_Out,1435,10,248.252051115036,139.68303520977497,False
221206-E9_Out,1435,11,249.987255692482,140.33950366079807,False
221206-E9_Out,1435,12,250.76915001869202,139.97929574549198,False
221206-E9_Out,1436,3,195.0,197.0,False
221206-E9_Out,1436,4,190.80110120773315,207.35418224334717,False
221206-E9_Out,1436,5,192.86340856552124,207.2288361787796,False
221206-E9_Out,1436,6,193.04167675971985,207.95803993940353,False
221206-E9_Out,1436,7,194.77943468093872,206.88869601488113,False
221206-E9_Out,1436,8,196.48039078712463,207.91914349794388,False
221206-E9_Out,1436,9,198.79819011688232,208.93699103593826,False
221206-E9_Out,1436,10,200.45311832427979,207.9861478805542,False
221206-E9_Out,1436,11,202.35727763175964,208.25984105467796,False
221206-E9_Out,1437,4,258.0,213.0,True
221206-E9_Out,1438,4,197.0,141.0,True
221220-E1_Out,1439,3,182.0,281.0,False
221220-E1_Out,1439,4,170.5557861328125,289.59511280059814,False
221220-E1_Out,1439,5,170.54945896565914,288.7877868413925,False
221220-E1_Out,1439,6,170.06160677969456,287.897552549839,False
221220-E1_Out,1439,7,170.10654570162296,287.5743167102337,False
221220-E1_Out,1439,8,169.1305532604456,286.88848492503166,False
221220-E1_Out,1439,9,169.19324573874474,285.7376683652401,False
221220-E1_Out,1439,10,168.07254883646965,284.7490511238575,False
221220-E1_Out,1439,11,168.63073500990868,283.6373920738697,False
221220-E1_Out,1439,12,168.87389373779297,282.95814123749733,False
221220-E1_Out,1440,3,204.0,209.0,False
221220-E1_Out,1440,4,204.131108045578,206.2637801170349,False
221220-E1_Out,1440,5,204.05537594854832,205.6841093301773,False
221220-E1_Out,1440,6,203.66423223912716,205.05629885196686,False
221220-E1_Out,1440,7,203.47497107088566,204.09970945119858,False
221220-E1_Out,1440,8,203.05957125127316,202.8328679203987,False
221220-E1_Out,1441,3,235.0,238.0,False
221220-E1_Out,1441,4,236.36402583122253,231.61929178237915,False
221220-E1_Out,1441,5,236.01603588461876,230.81365609169006,False
221220-E1_Out,1441,6,235.64150261878967,230.08102786540985,False
221220-E1_Out,1441,7,235.45278668403625,228.74812960624695,False
221220-E1_Out,1441,8,235.18577802181244,227.976072371006,False
221220-E1_Out,1441,9,234.94399657845497,227.33983224630356,False
221220-E1_Out,1441,10,234.76507264375687,226.20540589094162,False
221220-E1_Out,1441,11,234.6092936694622,225.4461588859558,False
221220-E1_Out,1442,3,178.0,248.0,False
221220-E1_Out,1442,4,172.10032415390015,240.44721126556396,False
221220-E1_Out,1442,5,172.09015050530434,239.19476807117462,False
221220-E1_Out,1442,6,171.6429921388626,238.6225774884224,False
221220-E1_Out,1442,7,171.02506530284882,237.82523077726364,False
221220-E1_Out,1442,8,170.05687630176544,236.7199848294258,False
221220-E1_Out,1442,9,170.18448016047478,235.77944242954254,False
221220-E1_Out,1442,10,168.5950833261013,233.90608477592468,False
221220-E1_Out,1442,11,168.737550213933,233.45807301998138,False
221220-E1_Out,1442,12,168.12391681969166,232.48743778467178,False
221220-E1_Out,1443,3,183.0,265.0,False
221220-E1_Out,1443,4,167.63057231903076,255.03495025634766,False
221220-E1_Out,1443,5,167.6875852122903,254.73230573534966,False
221220-E1_Out,1443,6,167.33871913701296,254.44582131505013,False
221220-E1_Out,1443,7,167.028023339808,254.19434174895287,False
221220-E1_Out,1443,8,166.31059239059687,253.80812773108482,False
221220-E1_Out,1443,9,166.10267893224955,253.36583867669106,False
221220-E1_Out,1443,10,165.27295247465372,253.0510312616825,False
221220-E1_Out,1443,11,164.98121855407953,252.5464897453785,False
221220-E1_Out,1444,3,216.0,215.0,False
221220-E1_Out,1444,4,216.30475986003876,210.99279975891113,False
221220-E1_Out,1444,5,216.1318653523922,210.30885100364685,False
221220-E1_Out,1444,6,215.56918105483055,209.5867229104042,False
221220-E1_Out,1444,7,215.61432074010372,208.3632292151451,False
221220-E1_Out,1444,8,215.1582296639681,207.4332972764969,False
221220-E1_Out,1444,9,215.2345126271248,207.01848381757736,False
221220-E1_Out,1444,10,215.13798378407955,206.122976064682,False
221220-E1_Out,1444,11,214.8756647258997,205.73247063159943,False
221220-E1_Out,1445,3,220.0,242.0,False
221220-E1_Out,1445,4,220.84027743339539,229.46641635894775,False
221220-E1_Out,1445,5,221.10116842389107,228.78852438926697,False
221220-E1_Out,1445,6,220.51680102944374,227.53178584575653,False
221220-E1_Out,1445,7,220.56637392938137,225.4599517583847,False
221220-E1_Out,1445,8,220.28234301507473,223.69240510463715,False
221220-E1_Out,1445,9,219.91573233902454,222.67848980426788,False
221220-E1_Out,1445,10,220.1499873250723,220.9914186000824,False
221220-E1_Out,1445,11,219.71055556833744,220.05077356100082,False
221220-E1_Out,1446,3,164.0,269.0,False
221220-E1_Out,1446,4,150.50166034698486,266.39350867271423,False
221220-E1_Out,1446,5,150.64449828863144,265.55179542303085,False
221220-E1_Out,1446,6,150.4607229232788,264.5883973836899,False
221220-E1_Out,1446,7,150.32993906736374,263.88525956869125,False
221220-E1_Out,1446,8,149.43728691339493,262.8090781569481,False
221220-E1_Out,1446,9,149.46305245161057,261.70100897550583,False
221220-E1_Out,1446,10,149.05403223633766,260.7138932943344,False
221220-E1_Out,1446,11,149.43725660443306,259.85734325647354,False
221220-E1_Out,1447,3,207.0,228.0,False
221220-E1_Out,1447,4,206.5683443248272,220.62850904464722,False
221220-E1_Out,1447,5,206.24469563364983,219.93790870904922,False
221220-E1_Out,1447,6,205.71790716052055,219.1798921227455,False
221220-E1_Out,1447,7,205.65769058465958,218.07733541727066,False
221220-E1_Out,1447,8,205.3074732720852,217.08479940891266,False
221220-E1_Out,1447,9,205.33116418123245,216.59590446949005,False
221220-E1_Out,1448,4,225.0,267.0,True
221220-E1_Out,1449,4,158.0,223.0,True
221220-E2_Out,1451,3,165.0,80.0,False
221220-E2_Out,1451,4,164.22619664669037,76.9110586643219,False
221220-E2_Out,1451,5,164.09972539544106,76.78293105959892,False
221220-E2_Out,1451,6,164.08107656240463,76.82388203591108,False
221220-E2_Out,1451,7,164.09067006409168,76.85297022759914,False
221220-E2_Out,1451,8,164.16618651151657,76.90612507611513,False
221220-E2_Out,1451,9,164.190012678504,76.91087308526039,False
221220-E2_Out,1451,10,164.1936673372984,76.86530216783285,False
221220-E2_Out,1451,11,164.20646561682224,76.89156682789326,False
221220-E2_Out,1451,12,164.25954619050026,76.90273270756006,False
221220-E2_Out,1452,3,139.0,72.0,False
221220-E2_Out,1452,4,138.04684841632843,71.53539288043976,False
221220-E2_Out,1452,5,138.09830220788717,71.57390644401312,False
221220-E2_Out,1452,6,138.0552156791091,71.5461301356554,False
221220-E2_Out,1452,7,138.07952860742807,71.58180797845125,False
221220-E2_Out,1452,8,138.0716705545783,71.5887858569622,False
221220-E2_Out,1452,9,138.078932069242,71.57152526825666,False
221220-E2_Out,1452,10,138.061533652246,71.55634854733944,False
221220-E2_Out,1453,3,144.0,129.0,False
221220-E2_Out,1453,4,143.91831494867802,129.5042559504509,False
221220-E2_Out,1453,5,143.88113549351692,129.520082347095,False
221220-E2_Out,1453,6,143.86604864895344,129.5541165024042,False
221220-E2_Out,1453,7,143.8361497670412,129.58123517781496,False
221220-E2_Out,1453,8,143.88001590967178,129.6265841126442,False
221220-E2_Out,1453,9,143.85990889370441,129.6116208061576,False
221220-E2_Out,1453,10,143.89727434515953,129.63883738219738,False
221220-E2_Out,1453,11,143.8841703683138,129.65225381404161,False
221220-E2_Out,1454,3,140.0,116.0,False
221220-E2_Out,1454,4,139.81038856506348,116.67960691452026,False
221220-E2_Out,1454,5,139.76227866113186,116.6914102062583,False
221220-E2_Out,1454,6,139.7779962271452,116.72285310924053,False
221220-E2_Out,1454,7,139.739594951272,116.73437011986971,False
221220-E2_Out,1454,8,139.70929783582687,116.783600628376,False
221220-E2_Out,1454,9,139.69649662077427,116.781284712255,False
221220-E2_Out,1454,10,139.67263492941856,116.810367628932,False
221220-E2_Out,1454,11,139.6570044606924,116.81010360270739,False
221220-E2_Out,1455,3,119.0,125.0,False
221220-E2_Out,1455,4,118.86975851655006,125.32436829805374,False
221220-E2_Out,1455,5,118.85785955190659,125.35074820369482,False
221220-E2_Out,1455,6,118.83222575485706,125.36761800944805,False
221220-E2_Out,1455,7,118.71928419172764,125.34499753266573,False
221220-E2_Out,1455,8,118.75398872047663,125.38373333215714,False
221220-E2_Out,1455,9,118.70348215848207,125.40931465476751,False
221220-E2_Out,1455,10,118.69156941026449,125.4108629077673,False
221220-E2_Out,1455,11,118.65551612526178,125.41936618834734,False
221220-E2_Out,1456,3,150.0,63.0,False
221220-E2_Out,1456,4,149.69295012950897,61.98253321647644,False
221220-E2_Out,1456,5,149.77375383675098,62.03735166043043,False
221220-E2_Out,1456,6,149.7575961202383,62.04619841277599,False
221220-E2_Out,1456,7,149.79262417554855,62.1054300442338,False
221220-E2_Out,1456,8,149.83970817178488,62.12553185224533,False
221220-E2_Out,1456,9,149.8744776174426,62.137111745774746,False
221220-E2_Out,1456,10,149.90201250463724,62.14227442443371,False
221220-E2_Out,1456,11,149.9242618754506,62.15506575256586,False
221220-E2_Out,1457,4,168.0,108.0,True
221220-E3_Out,1459,3,366.0,222.0,False
221220-E3_Out,1459,4,366.80948281288147,221.72594285011292,False
221220-E3_Out,1459,5,366.4520242512226,221.3942695558071,False
221220-E3_Out,1459,6,366.56212827563286,222.19754192233086,False
221220-E3_Out,1459,7,366.66618429124355,222.29928321391344,False
221220-E3_Out,1459,8,366.47860975563526,222.17143378406763,False
221220-E3_Out,1459,9,366.31370846927166,222.2319661974907,False
221220-E3_Out,1459,10,366.22382782399654,222.31565632671118,False
221220-E3_Out,1459,11,365.768337264657,222.04829677194357,False
221220-E3_Out,1459,12,366.1001376658678,222.09400805085897,False
221220-E3_Out,1460,3,351.0,271.0,False
221220-E3_Out,1460,4,348.3321316242218,270.87528105825186,False
221220-E3_Out,1460,5,347.79583072662354,270.41472586244345,False
221220-E3_Out,1460,6,347.3096033632755,270.1064965054393,False
221220-E3_Out,1460,7,347.0543064773083,269.85269924253225,False
221220-E3_Out,1460,8,346.69963961839676,269.49772223085165,False
221220-E3_Out,1460,9,346.0654910206795,269.1445381566882,False
221220-E3_Out,1460,10,345.70887449383736,268.78655361384153,False
221220-E3_Out,1460,11,345.39793834090233,268.6766072958708,False
221220-E3_Out,1460,12,345.47364684939384,268.5006765574217,False
221220-E3_Out,1461,3,336.0,282.0,False
221220-E3_Out,1461,4,334.38274347782135,282.23760452866554,False
221220-E3_Out,1461,5,334.07193273305893,281.8311088979244,False
221220-E3_Out,1461,6,333.1587464213371,281.47022038698196,False
221220-E3_Out,1461,7,332.8257326185703,281.1773011684418,False
221220-E3_Out,1461,8,332.30161169171333,280.4913833141327,False
221220-E3_Out,1461,9,331.37607553601265,279.97549706697464,False
221220-E3_Out,1461,10,331.0273985862732,279.6948083639145,False
221220-E3_Out,1461,11,330.65048161149025,279.3965430557728,False
221220-E3_Out,1462,3,324.0,246.0,False
221220-E3_Out,1462,4,322.9623991250992,245.53211617469788,False
221220-E3_Out,1462,5,322.83226335048676,245.28705632686615,False
221220-E3_Out,1462,6,322.3759274184704,245.10357463359833,False
221220-E3_Out,1462,7,322.2918829321861,245.04479748755693,False
221220-E3_Out,1462,8,321.84150579571724,244.74730349332094,False
221220-E3_Out,1462,9,321.5068866610527,244.4836929216981,False
221220-E3_Out,1462,10,321.1670555174351,244.10889557749033,False
221220-E3_Out,1462,11,320.62766245007515,243.91242913156748,False
221220-E3_Out,1462,12,320.9932306110859,244.1092287376523,False
221220-E3_Out,1463,3,305.0,253.0,False
221220-E3_Out,1463,4,304.0900344848633,252.77609264850616,False
221220-E3_Out,1463,5,303.96314468979836,252.52498483657837,False
221220-E3_Out,1463,6,303.5302267074585,252.44825134426355,False
221220-E3_Out,1463,7,303.531670242548,252.50968746840954,False
221220-E3_Out,1463,8,303.2974315583706,252.30922965705395,False
221220-E3_Out,1463,9,303.0551866889,252.19584584981203,False
221220-E3_Out,1463,10,302.7433842122555,252.03943479806185,False
221220-E3_Out,1464,3,352.0,217.0,False
221220-E3_Out,1464,4,351.6995038688183,216.43265390396118,False
221220-E3_Out,1464,5,351.38337221741676,216.09836676716805,False
221220-E3_Out,1464,6,351.2843906879425,216.13738625496626,False
221220-E3_Out,1464,7,351.40450478345156,215.92941304296255,False
221220-E3_Out,1464,8,351.3200668618083,215.85149152576923,False
221220-E3_Out,1464,9,351.0784166678786,215.7828233167529,False
221220-E3_Out,1465,3,378.0,238.0,False
221220-E3_Out,1465,4,376.61112236976624,236.17605555057526,False
221220-E3_Out,1465,5,376.52734239399433,236.0041120350361,False
221220-E3_Out,1465,6,376.55074378848076,236.0518757402897,False
221220-E3_Out,1465,7,376.444003790617,235.95688884705305,False
221220-E3_Out,1465,8,376.3248855173588,235.83149351924658,False
221220-E3_Out,1465,9,376.13612672686577,235.71433040499687,False
221220-E3_Out,1465,10,375.92176070809364,235.63628742843866,False
221220-E3_Out,1465,11,375.62509310245514,235.36446473747492,False
221220-E3_Out,1466,3,391.0,254.0,False
221220-E3_Out,1466,4,389.48567044734955,251.73298478126526,False
221220-E3_Out,1466,5,389.42702609300613,251.69709076732397,False
221220-E3_Out,1466,6,389.44581623375416,251.72796238958836,False
221220-E3_Out,1466,7,389.27567072212696,251.66217280179262,False
221220-E3_Out,1466,8,389.29646822810173,251.67373611032963,False
221220-E3_Out,1466,9,389.2047004699707,251.677352540195,False
221220-E3_Out,1466,10,389.17123378813267,251.66530342400074,False
221220-E3_Out,1466,11,389.1393932849169,251.65500672906637,False
221220-E3_Out,1467,3,348.0,258.0,False
221220-E3_Out,1467,4,345.73562121391296,257.10323506593704,False
221220-E3_Out,1467,5,345.2234432697296,256.489604473114,False
221220-E3_Out,1468,4,323.0,207.0,True
221220-E3_Out,1469,4,385.0,290.0,True
230307-E11_Out,1477,3,235.0,228.0,False
230307-E11_Out,1477,4,234.8267762362957,220.616774559021,False
230307-E11_Out,1477,5,235.87003454566002,220.70120342820883,False
230307-E11_Out,1477,6,237.4500969350338,221.33096768707037,False
230307-E11_Out,1477,7,238.2620777785778,220.21927203983068,False
230307-E11_Out,1477,8,239.00127360224724,219.23360975831747,False
230307-E11_Out,1477,9,238.61273336410522,217.224682174623,False
230307-E11_Out,1477,10,238.6272171586752,215.87297400087118,False
230307-E11_Out,1477,11,235.81084524095058,212.37964376062155,False
230307-E11_Out,1478,3,202.0,260.0,False
230307-E11_Out,1478,4,193.51684284210205,252.5542802810669,False
230307-E11_Out,1478,5,194.53584158420563,252.31382167339325,False
230307-E11_Out,1478,6,195.19869148731232,253.15004897117615,False
230307-E11_Out,1478,7,195.8958215713501,253.45094448328018,False
230307-E11_Out,1478,8,195.00974106788635,252.693641602993,False
230307-E11_Out,1478,9,194.53293469548225,252.51063206791878,False
230307-E11_Out,1478,10,194.3231562077999,252.73126685619354,False
230307-E11_Out,1478,11,194.4900347441435,252.94763121008873,False
230307-E11_Out,1479,3,184.0,249.0,False
230307-E11_Out,1479,4,175.03049182891846,240.86366081237793,False
230307-E11_Out,1479,5,175.14190071076155,239.481285572052,False
230307-E11_Out,1479,6,176.10311847180128,240.6640989780426,False
230307-E11_Out,1479,7,179.62975864857435,241.1879339814186,False
230307-E11_Out,1479,8,180.11436995118856,241.5461062192917,False
230307-E11_Out,1479,9,179.36465426534414,241.83620849251747,False
230307-E11_Out,1479,10,179.85605292767286,242.21291780471802,False
230307-E11_Out,1479,11,182.16109638661146,244.11916422843933,False
230307-E11_Out,1479,12,183.4251431748271,245.42406952381134,False
230307-E11_Out,1480,3,222.0,217.0,False
230307-E11_Out,1480,4,221.5299724638462,209.75483655929565,False
230307-E11_Out,1480,5,222.7125156223774,210.28244972229004,False
230307-E11_Out,1480,6,223.5183871090412,210.69948118925095,False
230307-E11_Out,1480,7,224.31749811768532,209.77178025245667,False
230307-E11_Out,1480,8,224.63561394810677,209.5066772699356,False
230307-E11_Out,1480,9,224.39645928144455,208.13453364372253,False
230307-E11_Out,1480,10,225.73012858629227,207.95481514930725,False
230307-E11_Out,1481,3,235.0,213.0,False
230307-E11_Out,1481,4,238.68294739723206,202.45257568359375,False
230307-E11_Out,1481,5,239.30721008777618,201.7397603392601,False
230307-E11_Out,1481,6,241.4014037847519,202.3633486032486,False
230307-E11_Out,1481,7,242.69534695148468,201.14607083797455,False
230307-E11_Out,1481,8,244.50381290912628,200.84662607312202,False
230307-E11_Out,1482,3,181.0,261.0,False
230307-E11_Out,1482,4,171.31879425048828,261.27697774767876,False
230307-E11_Out,1482,5,171.27486972510815,260.1671036183834,False
230307-E11_Out,1482,6,172.2686721533537,260.7257193028927,False
230307-E11_Out,1482,7,173.76433150470257,261.45339319109917,False
230307-E11_Out,1482,8,174.11642549932003,260.7923732101917,False
230307-E11_Out,1482,9,174.0564748942852,261.0964818894863,False
230307-E11_Out,1483,3,211.0,268.0,False
230307-E11_Out,1483,4,207.7816195487976,266.39312493801117,False
230307-E11_Out,1483,5,207.79642990231514,266.4763432368636,False
230307-E11_Out,1483,6,207.61565470695496,266.4688795655966,False
230307-E11_Out,1483,7,207.51796579360962,266.5300538316369,False
230307-E11_Out,1483,8,207.17962649464607,266.59978921711445,False
230307-E11_Out,1483,9,206.55247142910957,266.60148268938065,False
230307-E11_Out,1483,10,205.90797916054726,266.5350198224187,False
230307-E11_Out,1483,11,205.19099441170692,266.65558817982674,False
230307-E11_Out,1484,3,220.0,269.0,False
230307-E11_Out,1484,4,223.50804948806763,270.6867616176605,False
230307-E11_Out,1484,5,223.35327035188675,270.6354960128665,False
230307-E11_Out,1484,6,223.35123370587826,270.5760121047497,False
230307-E11_Out,1484,7,223.16084103286266,270.5957766100764,False
230307-E11_Out,1484,8,222.74045963585377,270.5955603867769,False
230307-E11_Out,1484,9,222.7381735444069,270.6411697641015,False
230307-E11_Out,1486,4,252.0,261.0,True
230307-E12_Out,1487,3,202.0,222.0,False
230307-E12_Out,1487,4,197.6146640777588,217.44705963134766,False
230307-E12_Out,1487,5,198.57458424568176,215.83497631549835,False
230307-E12_Out,1487,6,196.5127637386322,213.88928854465485,False
230307-E12_Out,1487,7,196.78374737501144,214.19435623288155,False
230307-E12_Out,1487,8,195.69729322195053,213.1497350037098,False
230307-E12_Out,1487,9,195.34746059775352,211.8756196796894,False
230307-E12_Out,1487,10,195.22179171442986,211.4718098938465,False
230307-E12_Out,1488,3,189.0,230.0,False
230307-E12_Out,1488,4,183.32525253295898,223.55295038223267,False
230307-E12_Out,1488,5,183.4359052479267,222.695954144001,False
230307-E12_Out,1488,6,181.6882019340992,221.83170747756958,False
230307-E12_Out,1488,7,182.49814334511757,222.549953520298,False
230307-E12_Out,1488,8,181.82766845822334,221.3387342095375,False
230307-E12_Out,1488,9,181.08156910538673,220.30470556020737,False
230307-E12_Out,1489,3,234.0,232.0,False
230307-E12_Out,1489,4,223.70094966888428,222.78010940551758,False
230307-E12_Out,1489,5,222.96031486988068,220.62340641021729,False
230307-E12_Out,1489,6,223.37052136659622,219.39965045452118,False
230307-E12_Out,1489,7,220.5674725174904,217.37777054309845,False
230307-E12_Out,1489,8,219.6955892443657,215.92225098609924,False
230307-E12_Out,1490,3,231.0,267.0,False
230307-E12_Out,1490,4,217.98085021972656,256.9974145889282,False
230307-E12_Out,1490,5,217.23712468147278,255.72067618370056,False
230307-E12_Out,1490,6,216.67461907863617,253.94207191467285,False
230307-E12_Out,1490,7,213.39834415912628,252.70857059955597,False
230307-E12_Out,1490,8,213.7742444872856,252.57217130064964,False
230307-E12_Out,1490,9,211.49841779470444,249.96027240157127,False
230307-E12_Out,1490,10,210.349931538105,247.3937347829342,False
230307-E12_Out,1490,11,211.1990186572075,247.45378259569407,False
230307-E12_Out,1491,3,239.0,249.0,False
230307-E12_Out,1491,4,226.1144208908081,239.17821788787842,False
230307-E12_Out,1491,5,225.0240912437439,236.50823163986206,False
230307-E12_Out,1491,6,226.03577172756195,236.36131164431572,False
230307-E12_Out,1491,7,222.73345720767975,234.96103379130363,False
230307-E12_Out,1491,8,222.8476481884718,234.23555639386177,False
230307-E12_Out,1491,9,223.39501343667507,233.55420956015587,False
230307-E12_Out,1492,3,197.0,245.0,False
230307-E12_Out,1492,4,189.28773641586304,239.0489821434021,False
230307-E12_Out,1492,5,189.03483065962791,237.77673614025116,False
230307-E12_Out,1492,6,188.24464616179466,237.56284141540527,False
230307-E12_Out,1492,7,187.91761234402657,237.26801428198814,False
230307-E12_Out,1492,8,186.77858355641365,236.11319717764854,False
230307-E12_Out,1492,9,185.74766126275063,235.54186508059502,False
230307-E12_Out,1492,10,185.7948431968689,234.05908498167992,False
230307-E12_Out,1492,11,186.66716873645782,234.6059984266758,False
230307-E12_Out,1493,3,224.0,251.0,False
230307-E12_Out,1493,4,212.8136749267578,241.71560955047607,False
230307-E12_Out,1493,5,212.4431367814541,239.69896912574768,False
230307-E12_Out,1493,6,212.37816317379475,239.46684941649437,False
230307-E12_Out,1493,7,210.24952919781208,238.46439263224602,False
230307-E12_Out,1493,8,209.47254867851734,237.983414798975,False
230307-E12_Out,1493,9,209.61471252143383,237.49703326821327,False
230307-E12_Out,1493,10,208.7886027544737,236.2800978720188,False
230307-E12_Out,1494,4,238.0,199.0,True
230307-E12_Out,1495,4,189.0,272.0,True
230307-E5_Out,1496,3,260.0,231.0,False
230307-E5_Out,1496,4,253.83014392852783,226.2369909286499,False
230307-E5_Out,1496,5,254.94626605510712,226.01465368270874,False
230307-E5_Out,1496,6,254.80455780029297,225.19263398647308,False
230307-E5_Out,1496,7,255.83527040481567,226.33681046962738,False
230307-E5_Out,1496,8,256.0273243635893,224.78958749771118,False
230307-E5_Out,1496,9,256.80364064872265,226.06731283664703,False
230307-E5_Out,1496,10,258.088275834918,224.24613404273987,False
230307-E5_Out,1496,11,260.0419223755598,224.7239774763584,False
230307-E5_Out,1496,12,259.8832803219557,226.0159584581852,False
230307-E5_Out,1497,3,296.0,206.0,False
230307-E5_Out,1497,4,295.08443212509155,199.97917079925537,False
230307-E5_Out,1497,5,294.90957456827164,200.38467547297478,False
230307-E5_Out,1497,6,295.008157171309,200.5758106559515,False
230307-E5_Out,1497,7,294.5685705021024,198.8473313897848,False
230307-E5_Out,1497,8,293.3787258937955,195.32725702226162,False
230307-E5_Out,1497,9,296.20618189126253,198.20168887078762,False
230307-E5_Out,1497,10,296.9454603269696,198.27835629880428,False
230307-E5_Out,1497,11,297.0094104260206,198.4921887665987,False
230307-E5_Out,1497,12,297.24196051061153,198.8478157967329,False
230307-E5_Out,1498,3,273.0,268.0,False
230307-E5_Out,1498,4,264.0150136947632,273.4085636138916,False
230307-E5_Out,1498,5,263.97160989046097,272.9575656056404,False
230307-E5_Out,1498,6,263.14923506975174,271.3926457762718,False
230307-E5_Out,1498,7,263.74792498350143,271.177825987339,False
230307-E5_Out,1498,8,262.6014444231987,269.18569308519363,False
230307-E5_Out,1498,9,262.9517180323601,271.0861261487007,False
230307-E5_Out,1498,10,265.54596322774887,272.06693440675735,False
230307-E5_Out,1498,11,266.7601823210716,271.18003022670746,False
230307-E5_Out,1498,12,264.55718821287155,271.94005209207535,False
230307-E5_Out,1499,3,301.0,221.0,False
230307-E5_Out,1499,4,296.77035093307495,211.59076690673828,False
230307-E5_Out,1499,5,296.5898333489895,211.70294757932425,False
230307-E5_Out,1500,3,312.0,209.0,False
230307-E5_Out,1500,4,310.6869057416916,200.65785312652588,False
230307-E5_Out,1500,5,311.1160262823105,201.8111436367035,False
230307-E5_Out,1500,6,310.3940807580948,202.49987733364105,False
230307-E5_Out,1500,7,310.02297100424767,200.3175789117813,False
230307-E5_Out,1500,8,309.45609256625175,197.40296256542206,False
230307-E5_Out,1500,9,311.86130878329277,199.3600732088089,False
230307-E5_Out,1500,10,313.182707875967,200.91760063171387,False
230307-E5_Out,1500,11,312.9029276072979,201.34117150306702,False
230307-E5_Out,1500,12,312.9598829075694,200.97339472174644,False
230307-E5_Out,1501,3,266.0,283.0,False
230307-E5_Out,1501,4,261.998975276947,286.3657052516937,False
230307-E5_Out,1501,5,261.8324822485447,285.6839463710785,False
230307-E5_Out,1501,6,261.4692622423172,284.3500716686249,False
230307-E5_Out,1501,7,261.6863374263048,284.38403990119696,False
230307-E5_Out,1501,8,261.25437270104885,282.9164303764701,False
230307-E5_Out,1501,9,261.94862101972103,282.92803844064474,False
230307-E5_Out,1501,10,263.9762854427099,284.2201077565551,False
230307-E5_Out,1501,11,262.96735571324825,284.2313869521022,False
230307-E5_Out,1501,12,261.8105139583349,283.90370305627584,False
230307-E5_Out,1503,4,319.0,260.0,True
230307-E6_Out,1504,3,186.0,176.0,False
230307-E6_Out,1504,4,180.47951221466064,183.30725145339966,False
230307-E6_Out,1504,5,179.81358098983765,182.7377035021782,False
230307-E6_Out,1505,3,179.0,157.0,False
230307-E6_Out,1505,4,168.55311965942383,155.06823086738586,False
230307-E6_Out,1505,5,167.95147514343262,154.28360563516617,False
230307-E6_Out,1505,6,166.5160230398178,154.0397238433361,False
230307-E6_Out,1505,7,165.64405965805054,153.31766960024834,False
230307-E6_Out,1505,8,166.14329728484154,152.9507060945034,False
230307-E6_Out,1505,9,165.88237631320953,151.87099584937096,False
230307-E6_Out,1505,10,165.70040887594223,151.10038140416145,False
230307-E6_Out,1506,3,232.0,139.0,False
230307-E6_Out,1506,4,232.301004499197,133.00132608413696,False
230307-E6_Out,1506,5,232.03067064285278,132.9668317362666,False
230307-E6_Out,1506,6,231.82759130001068,131.96926509588957,False
230307-E6_Out,1506,7,231.9669485539198,132.36169113963842,False
230307-E6_Out,1506,8,231.7478351444006,132.0619572326541,False
230307-E6_Out,1506,9,231.53701950609684,131.57131677120924,False
230307-E6_Out,1507,3,180.0,198.0,False
230307-E6_Out,1507,4,176.86099886894226,204.73666381835938,False
230307-E6_Out,1507,5,175.96632504463196,204.05680191516876,False
230307-E6_Out,1507,6,175.60317566990852,203.77934125065804,False
230307-E6_Out,1507,7,174.9362727701664,203.14424154162407,False
230307-E6_Out,1507,8,174.659619897604,202.5666489303112,False
230307-E6_Out,1507,9,175.70809325575829,201.92362663149834,False
230307-E6_Out,1508,3,219.0,100.0,False
230307-E6_Out,1508,4,219.08032286167145,95.38278102874756,False
230307-E6_Out,1508,5,218.7021817266941,95.24397176504135,False
230307-E6_Out,1508,6,218.53743588924408,94.48705226182938,False
230307-E6_Out,1508,7,218.21442165970802,94.06070953607559,False
230307-E6_Out,1508,8,218.1494985371828,94.27129325270653,False
230307-E6_Out,1508,9,218.4073691815138,93.92044705152512,False
230307-E6_Out,1508,10,218.42497046291828,93.85244094580412,False
230307-E6_Out,1508,11,218.82615800201893,93.82509835809469,False
230307-E6_Out,1508,12,218.8582827076316,93.67372696846724,False
230307-E6_Out,1509,3,231.0,123.0,False
230307-E6_Out,1509,4,232.75024962425232,113.46409225463867,False
230307-E6_Out,1509,5,232.07474827766418,113.362927980721,False
230307-E6_Out,1509,6,232.10076093673706,112.64755231887102,False
230307-E6_Out,1509,7,231.954304844141,112.35297477990389,False
230307-E6_Out,1509,8,231.82638490200043,112.58582229167223,False
230307-E6_Out,1509,9,231.80889232456684,112.22750002890825,False
230307-E6_Out,1509,10,231.31389389932156,112.25168625637889,False
230307-E6_Out,1509,11,231.24037064611912,112.09276218339801,False
230307-E6_Out,1510,3,208.0,186.0,False
230307-E6_Out,1510,4,203.2323660850525,194.48358726501465,False
230307-E6_Out,1510,5,202.70478427410126,193.76374393701553,False
230307-E6_Out,1510,6,202.36698931455612,194.57409363985062,False
230307-E6_Out,1510,7,201.22518354654312,194.03712028265,False
230307-E6_Out,1510,8,200.95341166853905,193.98780163377523,False
230307-E6_Out,1510,9,200.69452440738678,193.5077018365264,False
230307-E6_Out,1510,10,200.69896027445793,193.7519431039691,False
230307-E6_Out,1510,11,200.65880596637726,193.05672954767942,False
230307-E6_Out,1510,12,199.99428403377533,193.01455189287663,False
230307-E6_Out,1511,3,204.0,123.0,False
230307-E6_Out,1511,4,202.04017853736877,116.90958642959595,False
230307-E6_Out,1511,5,201.68015685677528,116.62355676293373,False
230307-E6_Out,1511,6,201.65135867893696,115.84058544039726,False
230307-E6_Out,1511,7,201.22714899480343,115.23852440714836,False
230307-E6_Out,1511,8,201.5185555368662,114.41555628180504,False
230307-E6_Out,1511,9,201.69766329228878,113.60178336501122,False
230307-E6_Out,1511,10,201.46695731580257,113.38290944695473,False
230307-E6_Out,1511,11,201.68549659848213,112.7123928964138,False
230307-E6_Out,1512,3,234.0,148.0,False
230307-E6_Out,1512,4,234.56008994579315,142.8587098121643,False
230307-E6_Out,1512,5,234.565463244915,142.9040837958455,False
230307-E6_Out,1512,6,234.48109041154385,142.74271325021982,False
230307-E6_Out,1512,7,234.5840378254652,142.8024673908949,False
230307-E6_Out,1512,8,234.40248583257198,142.57690019905567,False
230307-E6_Out,1513,3,171.0,172.0,False
230307-E6_Out,1513,4,162.30184173583984,176.11048460006714,False
230307-E6_Out,1513,5,161.65722358226776,175.1591232419014,False
230307-E6_Out,1513,6,160.81624579429626,174.79796701669693,False
230307-E6_Out,1513,7,160.73316565155983,174.30628967285156,False
230307-E6_Out,1513,8,161.38478216528893,173.98407888412476,False
230307-E6_Out,1514,4,232.0,190.0,True
230307-E6_Out,1515,4,174.0,125.0,True
230307-E7_Out,1517,3,200.0,206.0,False
230307-E7_Out,1517,4,199.57352301478386,203.50861644744873,False
230307-E7_Out,1517,5,199.7394567579031,203.33005020022392,False
230307-E7_Out,1517,6,199.9331213235855,203.2951051145792,False
230307-E7_Out,1517,7,199.9629074856639,203.34202236682177,False
230307-E7_Out,1517,8,199.83443053811789,203.3093749806285,False
230307-E7_Out,1518,3,175.0,262.0,False
230307-E7_Out,1518,4,169.4484453201294,259.1497049331665,False
230307-E7_Out,1518,5,169.4520931392908,259.1925823017955,False
230307-E7_Out,1518,6,169.3324205428362,259.27571345865726,False
230307-E7_Out,1518,7,169.36058136820793,259.35823114961386,False
230307-E7_Out,1518,8,169.1921863257885,259.55560048669577,False
230307-E7_Out,1518,9,169.16442508995533,259.6694117486477,False
230307-E7_Out,1518,10,169.249227643013,259.7440527305007,False
230307-E7_Out,1519,3,210.0,197.0,False
230307-E7_Out,1519,4,210.10275375843048,195.23533821105957,False
230307-E7_Out,1519,5,210.27654975652695,195.1783716455102,False
230307-E7_Out,1519,6,210.3199582695961,195.33214504271746,False
230307-E7_Out,1519,7,210.29758612811565,195.28828117251396,False
230307-E7_Out,1519,8,210.2194493561983,195.44620981812477,False
230307-E7_Out,1519,9,210.88968439400196,195.1331787109375,False
230307-E7_Out,1519,10,210.5211837142706,194.99423456192017,False
230307-E7_Out,1519,11,211.16906742751598,195.10713244974613,False
230307-E7_Out,1520,3,235.0,236.0,False
230307-E7_Out,1520,4,235.1990526020527,232.52384686470032,False
230307-E7_Out,1520,5,235.19466583430767,232.52047038823366,False
230307-E7_Out,1520,6,235.13265019655228,232.48907040059566,False
230307-E7_Out,1520,7,235.055984005332,232.43734712153673,False
230307-E7_Out,1520,8,235.03637419641018,232.42673262953758,False
230307-E7_Out,1520,9,235.0903209745884,232.4565909281373,False
230307-E7_Out,1520,10,235.0775741636753,232.4600737541914,False
230307-E7_Out,1520,11,235.0115741342306,232.48265210539103,False
230307-E7_Out,1520,12,234.98291006684303,232.48185688257217,False
230307-E7_Out,1521,3,221.0,288.0,False
230307-E7_Out,1521,4,223.77642679214478,287.1009700894356,False
230307-E7_Out,1521,5,223.77681854367256,287.1420372053981,False
230307-E7_Out,1521,6,223.7811959683895,287.1433869153261,False
230307-E7_Out,1521,7,223.76387099921703,287.15284011512995,False
230307-E7_Out,1521,8,223.74441447854042,287.1240269243717,False
230307-E7_Out,1521,9,223.72988978028297,287.1519094631076,False
230307-E7_Out,1521,10,223.74011766910553,287.1551886945963,False
230307-E7_Out,1522,3,202.0,192.0,False
230307-E7_Out,1522,4,202.26024562120438,190.9613072872162,False
230307-E7_Out,1522,5,202.4689606130123,190.95916660130024,False
230307-E7_Out,1522,6,202.58271831274033,191.19383113086224,False
230307-E7_Out,1522,7,202.46941915154457,191.23035948723555,False
230307-E7_Out,1522,8,202.38612492382526,191.38062676042318,False
230307-E7_Out,1522,9,202.6509455293417,191.11622869223356,False
230307-E7_Out,1523,3,227.0,199.0,False
230307-E7_Out,1523,4,227.4917338192463,196.17768812179565,False
230307-E7_Out,1523,5,227.9690706729889,195.95710116624832,False
230307-E7_Out,1523,6,227.6689502298832,195.95094542205334,False
230307-E7_Out,1523,7,227.94537886977196,195.53064857423306,False
230307-E7_Out,1523,8,228.3832933306694,195.49407809972763,False
230307-E7_Out,1523,9,229.38196951150894,194.31201249361038,False
230307-E7_Out,1523,10,228.43202823400497,193.9672473371029,False
230307-E7_Out,1523,11,229.49372321367264,194.01264878734946,False
230307-E7_Out,1524,3,165.0,262.0,False
230307-E7_Out,1524,4,160.4796266555786,259.06682205200195,False
230307-E7_Out,1524,5,160.45721554756165,259.0792036280036,False
230307-E7_Out,1524,6,160.32502901554108,259.02466301620007,False
230307-E7_Out,1524,7,160.31782491505146,259.0107926353812,False
230307-E7_Out,1524,8,160.26615430414677,258.9902258068323,False
230307-E7_Out,1524,9,160.22613330185413,258.9889484420419,False
230307-E7_Out,1525,3,161.0,287.0,False
230307-E7_Out,1525,4,155.4450240135193,289.0899214744568,False
230307-E7_Out,1525,5,155.0859935581684,289.67332577705383,False
230307-E7_Out,1525,6,154.97788947820663,290.5033668875694,False
230307-E7_Out,1525,7,154.76419338583946,291.0120658278465,False
230307-E7_Out,1525,8,154.90264669060707,291.25615748763084,False
230307-E7_Out,1525,9,155.37095633149147,291.4125038087368,False
230307-E7_Out,1526,3,186.0,184.0,False
230307-E7_Out,1526,4,186.0800008699298,182.38933908939362,False
230307-E7_Out,1526,5,186.64658009260893,182.7200629711151,False
230307-E7_Out,1526,6,186.90142937749624,183.1255420446396,False
230307-E7_Out,1526,7,186.2709081992507,182.79624953866005,False
230307-E7_Out,1526,8,186.48562582582235,182.59631618857384,False
230307-E7_Out,1527,3,206.0,282.0,False
230307-E7_Out,1527,4,203.03520822525024,281.93703662604094,False
230307-E7_Out,1527,5,203.06401793658733,282.0016257315874,False
230307-E7_Out,1527,6,203.11207232624292,282.0045717135072,False
230307-E7_Out,1527,7,203.02954519540071,282.05694529414177,False
230307-E7_Out,1527,8,202.99292600899935,282.0159741267562,False
230307-E7_Out,1527,9,202.98299003392458,282.10155411064625,False
230307-E7_Out,1527,10,203.02110690623522,282.11332247406244,False
230307-E7_Out,1527,11,202.9796168282628,282.0601160824299,False
230307-E7_Out,1528,3,255.0,238.0,False
230307-E7_Out,1528,4,259.33173847198486,230.23836660385132,False
230307-E7_Out,1528,5,259.6225474178791,230.5475893318653,False
230307-E7_Out,1528,6,260.18669632077217,230.73510566353798,False
230307-E7_Out,1528,7,260.45761436223984,231.00495332479477,False
230307-E7_Out,1528,8,260.52812945842743,231.1626177728176,False
230307-E7_Out,1528,9,260.2063453197479,230.84894421696663,False
230307-E7_Out,1529,3,156.0,249.0,False
230307-E7_Out,1529,4,153.26624822616577,246.09262990951538,False
230307-E7_Out,1529,5,153.14727401733398,245.95283216238022,False
230307-E7_Out,1529,6,151.88699078559875,244.64927071332932,False
230307-E7_Out,1529,7,152.21928530931473,245.0473180115223,False
230307-E7_Out,1529,8,151.87673017382622,245.50193637609482,False
230307-E7_Out,1529,9,151.48455184698105,245.10515040159225,False
230307-E7_Out,1529,10,151.59277126193047,245.15738301724195,False
230307-E7_Out,1529,11,151.53398218750954,245.344257555902,False
230307-E7_Out,1531,4,260.0,280.0,True
230307-E8_Out,1532,3,269.0,225.0,False
230307-E8_Out,1532,4,269.16389709711075,219.39574766159058,False
230307-E8_Out,1532,5,269.3930314928293,219.8042317032814,False
230307-E8_Out,1532,6,269.464601919055,219.85958280414343,False
230307-E8_Out,1532,7,270.26853518188,219.62321885675192,False
230307-E8_Out,1532,8,269.7973613888025,218.6699770912528,False
230307-E8_Out,1532,9,269.82007959485054,218.7318000011146,False
230307-E8_Out,1532,10,269.34880965948105,217.95285008475184,False
230307-E8_Out,1533,3,245.0,205.0,False
230307-E8_Out,1533,4,245.69424390792847,204.4922547340393,False
230307-E8_Out,1533,5,245.86767256259918,204.63500022888184,False
230307-E8_Out,1533,6,245.591245085001,203.94878631830215,False
230307-E8_Out,1533,7,247.3003535568714,204.17004510760307,False
230307-E8_Out,1533,8,247.22927232086658,203.20055440068245,False
230307-E8_Out,1533,9,247.10248310863972,203.32653334736824,False
230307-E8_Out,1534,3,266.0,235.0,False
230307-E8_Out,1534,4,268.20474672317505,226.75476360321045,False
230307-E8_Out,1534,5,268.63424745202065,226.95615182816982,False
230307-E8_Out,1534,6,268.65952211618423,226.9535513818264,False
230307-E8_Out,1534,7,269.42198926210403,226.52841326594353,False
230307-E8_Out,1534,8,268.5074513554573,225.66372713446617,False
230307-E8_Out,1534,9,268.31694880127907,225.42442381381989,False
230307-E8_Out,1535,3,247.0,261.0,False
230307-E8_Out,1535,4,240.14998531341553,251.03117179870605,False
230307-E8_Out,1535,5,240.06029096245766,250.38454961776733,False
230307-E8_Out,1535,6,240.13443934172392,249.58273595571518,False
230307-E8_Out,1535,7,240.62885814160109,249.79583132266998,False
230307-E8_Out,1535,8,240.62855879217386,248.8376151919365,False
230307-E8_Out,1535,9,240.41990635544062,248.45843827724457,False
230307-E8_Out,1536,3,264.0,250.0,False
230307-E8_Out,1536,4,259.93281745910645,242.483500957489,False
230307-E8_Out,1536,5,259.3187292814255,241.91709625720978,False
230307-E8_Out,1536,6,257.72963321208954,239.81349527835846,False
230307-E8_Out,1536,7,258.53214979171753,240.8847609758377,False
230307-E8_Out,1536,8,257.70994913578033,238.91793406009674,False
230307-E8_Out,1536,9,256.6863456964493,237.36743581295013,False
230307-E8_Out,1537,3,230.0,235.0,False
230307-E8_Out,1537,4,228.57513010501862,231.83422088623047,False
230307-E8_Out,1537,5,228.31676986813545,230.4982408285141,False
230307-E8_Out,1537,6,228.32111901044846,228.99333608150482,False
230307-E8_Out,1537,7,230.26335448026657,229.55873250961304,False
230307-E8_Out,1537,8,231.28631192445755,227.55147743225098,False
230307-E8_Out,1538,4,268.0,204.0,True
230307-E8_Out,1539,4,215.0,268.0,True
230313-E1_Out,1540,3,209.0,249.0,False
230313-E1_Out,1540,4,206.3939917087555,237.02309226989746,False
230313-E1_Out,1540,5,205.35361790657043,235.05782961845398,False
230313-E1_Out,1540,6,206.055224776268,232.39148807525635,False
230313-E1_Out,1540,7,207.7953816652298,230.48000347614288,False
230313-E1_Out,1540,8,206.66021406650543,225.89346992969513,False
230313-E1_Out,1540,9,205.22134482860565,221.02786362171173,False
230313-E1_Out,1541,3,203.0,308.0,False
230313-E1_Out,1541,4,193.69391632080078,310.7955069541931,False
230313-E1_Out,1541,5,192.70369637012482,310.21485137939453,False
230313-E1_Out,1541,6,191.89110493659973,309.6931475996971,False
230313-E1_Out,1541,7,192.00055208802223,308.3817635178566,False
230313-E1_Out,1541,8,193.3449756205082,307.0967532992363,False
230313-E1_Out,1541,9,192.22516110539436,308.5162177681923,False
230313-E1_Out,1542,3,196.0,283.0,False
230313-E1_Out,1542,4,186.8504295349121,272.2517366409302,False
230313-E1_Out,1542,5,185.99162340164185,271.27679282426834,False
230313-E1_Out,1542,6,185.40927457809448,270.1927413344383,False
230313-E1_Out,1542,7,184.38466775417328,269.1251239180565,False
230313-E1_Out,1542,8,184.9919855594635,268.34318178892136,False
230313-E1_Out,1542,9,182.5500693321228,266.33258360624313,False
230313-E1_Out,1543,3,219.0,239.0,False
230313-E1_Out,1543,4,218.95346584916115,233.56722497940063,False
230313-E1_Out,1543,5,217.7240915596485,231.51816940307617,False
230313-E1_Out,1543,6,218.97592571377754,229.57122445106506,False
230313-E1_Out,1543,7,220.50682500004768,228.16041159629822,False
230313-E1_Out,1543,8,221.13528552651405,225.60681557655334,False
230313-E1_Out,1543,9,219.40147760510445,220.55644488334656,False
230313-E1_Out,1543,10,220.84902730584145,218.99529361724854,False
230313-E1_Out,1543,11,215.6104270517826,217.63709568977356,False
230313-E1_Out,1544,3,176.0,279.0,False
230313-E1_Out,1544,4,167.24819564819336,271.3906903266907,False
230313-E1_Out,1544,5,167.15849018096924,270.7160643339157,False
230313-E1_Out,1544,6,166.68290147185326,269.76758903265,False
230313-E1_Out,1544,7,166.43058040738106,268.7943699359894,False
230313-E1_Out,1545,3,225.0,258.0,False
230313-E1_Out,1545,4,226.3154717683792,239.97673988342285,False
230313-E1_Out,1545,5,226.03030708432198,238.6880794763565,False
230313-E1_Out,1545,6,227.25527527928352,237.63359248638153,False
230313-E1_Out,1545,7,228.34103229641914,236.1309530735016,False
230313-E1_Out,1545,8,227.92337274551392,234.2107870578766,False
230313-E1_Out,1545,9,227.4264227449894,231.69536304473877,False
230313-E1_Out,1546,4,178.0,248.0,True
230313-E1_Out,1547,4,231.0,302.0,True
230313-E2_Out,1548,3,248.0,177.0,False
230313-E2_Out,1548,4,246.39616668224335,171.06051063537598,False
230313-E2_Out,1548,5,245.97788652777672,170.38708239793777,False
230313-E2_Out,1548,6,247.32337018847466,171.22611808776855,False
230313-E2_Out,1548,7,246.99290922284126,170.17939400672913,False
230313-E2_Out,1548,8,247.397077023983,169.74613362550735,False
230313-E2_Out,1548,9,248.1156786084175,170.6192061305046,False
230313-E2_Out,1548,10,246.32507354021072,169.0088091492653,False
230313-E2_Out,1548,11,246.36117309331894,169.83663719892502,False
230313-E2_Out,1549,3,223.0,180.0,False
230313-E2_Out,1549,4,223.01403921842575,176.68098163604736,False
230313-E2_Out,1549,5,222.8962486088276,176.0814528465271,False
230313-E2_Out,1549,6,223.02516794204712,177.2588404417038,False
230313-E2_Out,1549,7,223.097537599504,177.11334350705147,False
230313-E2_Out,1549,8,222.73694186657667,176.4968235194683,False
230313-E2_Out,1549,9,222.98158048838377,177.69199618697166,False
230313-E2_Out,1549,10,222.0814257785678,176.74736753106117,False
230313-E2_Out,1550,3,243.0,235.0,False
230313-E2_Out,1550,4,235.1476125717163,225.96891975402832,False
230313-E2_Out,1550,5,234.4681352376938,224.4392306804657,False
230313-E2_Out,1550,6,233.96249628067017,223.8311089873314,False
230313-E2_Out,1550,7,233.85747995972633,221.9722335934639,False
230313-E2_Out,1550,8,234.32187750935555,221.47794526815414,False
230313-E2_Out,1550,9,232.6633692085743,219.72308534383774,False
230313-E2_Out,1551,3,253.0,241.0,False
230313-E2_Out,1551,4,239.12747859954834,226.70183658599854,False
230313-E2_Out,1551,5,238.564772605896,225.4427844285965,False
230313-E2_Out,1551,6,237.66342949867249,224.65014177560806,False
230313-E2_Out,1551,7,237.52345460653305,222.8996029496193,False
230313-E2_Out,1551,8,237.95771843194962,222.1533498764038,False
230313-E2_Out,1551,9,236.2767432332039,220.4572536945343,False
230313-E2_Out,1551,10,235.0225594639778,218.7174779176712,False
230313-E2_Out,1552,3,230.0,200.0,False
230313-E2_Out,1552,4,231.79770839214325,194.58108282089233,False
230313-E2_Out,1552,5,231.28023982048035,193.22092854976654,False
230313-E2_Out,1552,6,231.85191243886948,193.8651666045189,False
230313-E2_Out,1553,3,234.0,175.0,False
230313-E2_Out,1553,4,233.73023238778114,171.94975209236145,False
230313-E2_Out,1553,5,233.5746637582779,171.5817930996418,False
230313-E2_Out,1553,6,233.64830213040113,172.62958922982216,False
230313-E2_Out,1553,7,233.52370696514845,172.2087866961956,False
230313-E2_Out,1553,8,234.30021338909864,171.82367512583733,False
230313-E2_Out,1553,9,235.11378472298384,173.40050992369652,False
230313-E2_Out,1553,10,234.24584846943617,172.53357961773872,False
230313-E2_Out,1554,3,241.0,220.0,False
230313-E2_Out,1554,4,236.46619272232056,211.8221616744995,False
230313-E2_Out,1554,5,235.22946560382843,209.5438904762268,False
230313-E2_Out,1554,6,235.24253636598587,208.81561529636383,False
230313-E2_Out,1554,7,234.56574267148972,206.8210278749466,False
230313-E2_Out,1555,3,255.0,213.0,False
230313-E2_Out,1555,4,247.27032470703125,200.41057109832764,False
230313-E2_Out,1555,5,246.29801154136658,198.62109923362732,False
230313-E2_Out,1555,6,246.55545380711555,198.1184333562851,False
230313-E2_Out,1555,7,245.71158602833748,196.70569324493408,False
230313-E2_Out,1555,8,246.60819974541664,196.23440688848495,False
230313-E2_Out,1555,9,245.18074372410774,193.98962944746017,False
230313-E2_Out,1556,4,214.0,236.0,True
230313-E2_Out,1557,4,269.0,178.0,True
230313-E3_Out,1558,3,203.0,143.0,False
230313-E3_Out,1558,4,190.51948261260986,137.30190181732178,False
230313-E3_Out,1558,5,190.50265336036682,136.92401200532913,False
230313-E3_Out,1558,6,189.74322021007538,135.9139215350151,False
230313-E3_Out,1559,3,173.0,125.0,False
230313-E3_Out,1559,4,168.69750356674194,121.23925042152405,False
230313-E3_Out,1559,5,167.56705331802368,120.48974031209946,False
230313-E3_Out,1559,6,167.44199639558792,118.61508363485336,False
230313-E3_Out,1559,7,168.39705508947372,116.92474645376205,False
230313-E3_Out,1559,8,170.08257645368576,115.49372690916061,False
230313-E3_Out,1559,9,170.99641770124435,114.43328493833542,False
230313-E3_Out,1560,3,157.0,164.0,False
230313-E3_Out,1560,4,150.58675622940063,159.57171821594238,False
230313-E3_Out,1560,5,150.65867920964956,158.89115226268768,False
230313-E3_Out,1561,3,212.0,164.0,False
230313-E3_Out,1561,4,203.3295087814331,162.58361446857452,False
230313-E3_Out,1561,5,202.6889387369156,162.40985044836998,False
230313-E3_Out,1561,6,201.21881592273712,162.13938385248184,False
230313-E3_Out,1561,7,201.36085449159145,161.55523574352264,False
230313-E3_Out,1561,8,201.5892399698496,161.78383693099022,False
230313-E3_Out,1561,9,201.71483580768108,160.90601167082787,False
230313-E3_Out,1561,10,200.84983114898205,160.33968779444695,False
230313-E3_Out,1562,3,157.0,172.0,False
230313-E3_Out,1562,4,151.38662147521973,168.623841047287,False
230313-E3_Out,1562,5,151.17500230669975,167.96820294857025,False
230313-E3_Out,1562,6,151.34769187867641,166.8377650976181,False
230313-E3_Out,1562,7,151.25100995600224,165.58510327339172,False
230313-E3_Out,1562,8,151.5049803406,164.99088597297668,False
230313-E3_Out,1563,3,201.0,161.0,False
230313-E3_Out,1563,4,191.4526481628418,159.3133065700531,False
230313-E3_Out,1563,5,190.74828851222992,158.94430512189865,False
230313-E3_Out,1563,6,189.91027414798737,158.6283060312271,False
230313-E3_Out,1563,7,190.50200098752975,157.381303191185,False
230313-E3_Out,1563,8,191.16669803857803,157.77166330814362,False
230313-E3_Out,1564,4,168.0,193.0,True
230313-E3_Out,1565,4,198.0,109.0,True
230313-E4_Out,1566,3,238.0,230.0,False
230313-E4_Out,1566,4,234.6510202884674,227.5155689716339,False
230313-E4_Out,1566,5,235.574298620224,228.19168096780777,False
230313-E4_Out,1566,6,235.72127771377563,226.81055015325546,False
230313-E4_Out,1566,7,236.77809965610504,225.56107813119888,False
230313-E4_Out,1566,8,236.99425199627876,224.41096502542496,False
230313-E4_Out,1566,9,237.58265230059624,224.74104937911034,False
230313-E4_Out,1567,3,256.0,229.0,False
230313-E4_Out,1567,4,251.98434209823608,225.1944065093994,False
230313-E4_Out,1567,5,252.4727085530758,226.24310791492462,False
230313-E4_Out,1567,6,253.1407297551632,224.88121724128723,False
230313-E4_Out,1567,7,254.06044921278954,224.2107337117195,False
230313-E4_Out,1567,8,254.5335548222065,223.19421082735062,False
230313-E4_Out,1567,9,255.37154868245125,223.76456969976425,False
230313-E4_Out,1567,10,255.2677522301674,223.37287482619286,False
230313-E4_Out,1568,3,302.0,219.0,False
230313-E4_Out,1568,4,298.7045032978058,203.7593183517456,False
230313-E4_Out,1568,5,300.26478946208954,202.36581015586853,False
230313-E4_Out,1568,6,299.970272898674,201.02313137054443,False
230313-E4_Out,1568,7,300.3957926928997,199.91008245944977,False
230313-E4_Out,1568,8,300.43602097034454,197.85147106647491,False
230313-E4_Out,1568,9,302.63987481594086,197.89096888527274,False
230313-E4_Out,1569,3,271.0,202.0,False
230313-E4_Out,1569,4,269.23972392082214,198.3101532459259,False
230313-E4_Out,1569,5,270.1478008031845,197.82833224534988,False
230313-E4_Out,1569,6,270.0553979575634,196.75176018476486,False
230313-E4_Out,1569,7,270.2032165825367,197.23996156454086,False
230313-E4_Out,1569,8,270.4990141093731,196.60540157556534,False
230313-E4_Out,1569,9,272.40751227736473,197.50347685813904,False
230313-E4_Out,1569,10,273.8279982507229,197.5494538024068,False
230313-E4_Out,1569,11,274.4575490653515,197.70981315523386,False
230313-E4_Out,1570,3,277.0,255.0,False
230313-E4_Out,1570,4,269.1131772994995,255.67635089159012,False
230313-E4_Out,1570,5,268.29792535305023,255.9625308215618,False
230313-E4_Out,1570,6,268.42252285033464,255.73428469896317,False
230313-E4_Out,1570,7,268.2070815935731,255.59064769744873,False
230313-E4_Out,1570,8,268.56550870090723,255.5036872252822,False
230313-E4_Out,1570,9,267.59908554703,255.27737750858068,False
230313-E4_Out,1571,3,289.0,202.0,False
230313-E4_Out,1571,4,287.9955508708954,197.86535930633545,False
230313-E4_Out,1571,5,288.95460653305054,196.7451652288437,False
230313-E4_Out,1571,6,288.7179360985756,195.47752726078033,False
230313-E4_Out,1571,7,289.4797884821892,195.28758692741394,False
230313-E4_Out,1571,8,289.7799749970436,194.13177800178528,False
230313-E4_Out,1572,3,283.0,192.0,False
230313-E4_Out,1572,4,282.3702574968338,186.3230276107788,False
230313-E4_Out,1572,5,284.5527004003525,184.66357791423798,False
230313-E4_Out,1572,6,285.093035697937,182.30314981937408,False
230313-E4_Out,1572,7,285.8444104194641,181.13963186740875,False
230313-E4_Out,1572,8,287.12273824214935,179.52454030513763,False
230313-E4_Out,1573,3,265.0,240.0,False
230313-E4_Out,1573,4,258.36172676086426,237.75487327575684,False
230313-E4_Out,1573,5,257.70459139347076,236.90360194444656,False
230313-E4_Out,1573,6,258.1799995303154,235.98960304260254,False
230313-E4_Out,1573,7,259.19071942567825,235.60544481873512,False
230313-E4_Out,1573,8,259.9620016217232,234.09089174866676,False
230313-E4_Out,1573,9,259.322498857975,234.39000618457794,False
230313-E4_Out,1574,3,244.0,250.0,False
230313-E4_Out,1574,4,240.50279426574707,249.78161466121674,False
230313-E4_Out,1574,5,240.6010987982154,250.98401355743408,False
230313-E4_Out,1574,6,240.7792529091239,249.04035687446594,False
230313-E4_Out,1574,7,241.8019980415702,248.7213617861271,False
230313-E4_Out,1574,8,243.8042704090476,247.11510744690895,False
230313-E4_Out,1576,4,317.0,250.0,True
230321-E3_Out,1578,3,168.0,207.0,False
230321-E3_Out,1578,4,167.35933136940002,206.72446152567863,False
230321-E3_Out,1578,5,167.46594973653555,206.92797937989235,False
230321-E3_Out,1578,6,167.47925021499395,206.973191536963,False
230321-E3_Out,1578,7,167.4412856772542,207.00665879249573,False
230321-E3_Out,1578,8,167.42795028537512,207.0046237781644,False
230321-E3_Out,1578,9,167.4276566579938,207.0355468094349,False
230321-E3_Out,1578,10,167.3980282023549,207.0572533980012,False
230321-E3_Out,1579,3,239.0,200.0,False
230321-E3_Out,1579,4,236.25343227386475,197.285475730896,False
230321-E3_Out,1579,5,236.504284709692,197.4918464422226,False
230321-E3_Out,1579,6,236.22524333000183,197.32301968336105,False
230321-E3_Out,1580,3,156.0,200.0,False
230321-E3_Out,1580,4,155.92241509258747,199.93026200681925,False
230321-E3_Out,1580,5,156.03004521131516,200.06970415264368,False
230321-E3_Out,1582,4,181.0,245.0,True
230328-E12_Out,1596,3,221.0,298.0,False
230328-E12_Out,1596,4,222.67490112781525,288.8170051574707,False
230328-E12_Out,1596,5,222.77366365492344,288.55951845645905,False
230328-E12_Out,1596,6,222.13902927935123,287.5951003432274,False
230328-E12_Out,1597,3,164.0,286.0,False
230328-E12_Out,1597,4,160.0804078578949,276.7539930343628,False
230328-E12_Out,1597,5,160.97834026813507,277.4227411746979,False
230328-E12_Out,1597,6,162.57467138767242,278.2690473794937,False
230328-E12_Out,1597,7,163.85110080242157,278.6612337231636,False
230328-E12_Out,1597,8,164.88322734832764,279.07476207613945,False
230328-E12_Out,1597,9,165.4363272190094,280.02271154522896,False
230328-E12_Out,1598,3,211.0,259.0,False
230328-E12_Out,1598,4,210.3275545835495,253.2419581413269,False
230328-E12_Out,1598,5,209.77305555343628,253.7737411260605,False
230328-E12_Out,1598,6,210.60529005527496,253.567247569561,False
230328-E12_Out,1599,3,158.0,307.0,False
230328-E12_Out,1599,4,157.94826905429363,301.4967260360718,False
230328-E12_Out,1599,5,158.01135952025652,301.6828126311302,False
230328-E12_Out,1599,6,158.74595768004656,302.3041834831238,False
230328-E12_Out,1599,7,158.99252278357744,302.93411630392075,False
230328-E12_Out,1599,8,159.08711002022028,302.94757694751024,False
230328-E12_Out,1599,9,159.12454637885094,303.93883503228426,False
230328-E12_Out,1600,3,199.0,263.0,False
230328-E12_Out,1600,4,198.0089647769928,258.6966552734375,False
230328-E12_Out,1600,5,198.26925081014633,258.52623757719994,False
230328-E12_Out,1600,6,200.08534461259842,258.83113861083984,False
230328-E12_Out,1600,7,200.9429641366005,258.8878722451627,False
230328-E12_Out,1600,8,201.69389325380325,259.077688600868,False
230328-E12_Out,1601,3,185.0,301.0,False
230328-E12_Out,1601,4,182.7165331840515,295.24683237075806,False
230328-E12_Out,1601,5,182.5729214847088,295.74567952752113,False
230328-E12_Out,1601,6,182.6775749027729,295.99149322509766,False
230328-E12_Out,1601,7,182.88201268017292,296.0677582100034,False
230328-E12_Out,1601,8,182.8620218038559,296.218986608088,False
230328-E12_Out,1601,9,182.1488344669342,297.91995821148157,False
230328-E12_Out,1601,10,182.24512626230717,298.2694940045476,False
230328-E12_Out,1601,11,181.58268202841282,298.57615093141794,False
230328-E12_Out,1602,3,223.0,268.0,False
230328-E12_Out,1602,4,223.1257984340191,264.1613960266113,False
230328-E12_Out,1602,5,222.80657410621643,264.4247068464756,False
230328-E12_Out,1602,6,222.91430029273033,264.5336664393544,False
230328-E12_Out,1602,7,222.83806858956814,264.5351255983114,False
230328-E12_Out,1602,8,223.31336461007595,264.64633341133595,False
230328-E12_Out,1602,9,223.13058410584927,264.45820339024067,False
230328-E12_Out,1603,3,204.0,321.0,False
230328-E12_Out,1603,4,201.2139003276825,321.17993342876434,False
230328-E12_Out,1603,5,200.62391245365143,321.1250966414809,False
230328-E12_Out,1603,6,200.6088511198759,321.17730654776096,False
230328-E12_Out,1603,7,200.40871120989323,321.1758270636201,False
230328-E12_Out,1603,8,199.90065683424473,321.089353621006,False
230328-E12_Out,1603,9,199.6001532226801,321.05458303540945,False
230328-E12_Out,1604,3,213.0,241.0,False
230328-E12_Out,1604,4,214.32604491710663,239.78083860874176,False
230328-E12_Out,1604,5,213.94135293364525,239.34391325712204,False
230328-E12_Out,1604,6,213.36570593714714,236.787777364254,False
230328-E12_Out,1604,7,215.56802675127983,237.66989266872406,False
230328-E12_Out,1605,3,181.0,309.0,False
230328-E12_Out,1605,4,170.901837348938,297.7217378616333,False
230328-E12_Out,1605,5,171.19987881183624,298.1477009654045,False
230328-E12_Out,1605,6,172.46344888210297,299.88976043462753,False
230328-E12_Out,1605,7,173.98030149936676,300.8860402703285,False
230328-E12_Out,1605,8,173.9565849751234,301.22011536359787,False
230328-E12_Out,1606,3,157.0,293.0,False
230328-E12_Out,1606,4,156.16791701316833,290.13841342926025,False
230328-E12_Out,1606,5,156.21277943253517,290.27974712848663,False
230328-E12_Out,1606,6,156.6388353407383,290.6284890770912,False
230328-E12_Out,1606,7,156.6959195137024,290.50642039626837,False
230328-E12_Out,1606,8,156.73248056322336,290.60936649143696,False
230328-E12_Out,1607,3,178.0,285.0,False
230328-E12_Out,1607,4,177.0709148645401,281.39447259902954,False
230328-E12_Out,1607,5,176.9933279454708,281.40199480205774,False
230328-E12_Out,1607,6,177.056730940938,281.424625903368,False
230328-E12_Out,1607,7,177.0615440160036,281.3379342779517,False
230328-E12_Out,1607,8,177.07759435474873,281.33477607369423,False
230328-E12_Out,1608,3,169.0,274.0,False
230328-E12_Out,1608,4,168.54034355282784,271.17344546318054,False
230328-E12_Out,1608,5,169.87051013112068,271.51953479647636,False
230328-E12_Out,1608,6,171.45040646195412,272.44598534703255,False
230328-E12_Out,1609,4,158.0,242.0,True
230328-E12_Out,1610,4,224.0,319.0,True
230328-E13_Out,1611,3,231.0,89.0,False
230328-E13_Out,1611,4,221.8635663986206,84.1891508102417,False
230328-E13_Out,1611,5,220.1883214712143,83.17751431465149,False
230328-E13_Out,1611,6,218.72926115989685,83.72229540348053,False
230328-E13_Out,1611,7,216.96614861488342,81.81971144676208,False
230328-E13_Out,1611,8,215.82657098770142,80.1509222984314,False
230328-E13_Out,1611,9,215.59986299276352,82.84136247634888,False
230328-E13_Out,1611,10,214.46202927827835,81.53707468509674,False
230328-E13_Out,1612,3,266.0,94.0,False
230328-E13_Out,1612,4,268.9866621494293,98.02578258514404,False
230328-E13_Out,1612,5,268.9946538209915,98.29642128944397,False
230328-E13_Out,1612,6,269.05369195342064,98.294402949512,False
230328-E13_Out,1612,7,269.10343810915947,98.30934710800648,False
230328-E13_Out,1612,8,269.04444339871407,98.29852548986673,False
230328-E13_Out,1613,3,270.0,73.0,False
230328-E13_Out,1613,4,276.2138981819153,80.7022008895874,False
230328-E13_Out,1613,5,276.1917461156845,80.85653531551361,False
230328-E13_Out,1613,6,276.22945933043957,80.87258522957563,False
230328-E13_Out,1613,7,276.23878252506256,80.90868397057056,False
230328-E13_Out,1613,8,276.1189947128296,80.94925034791231,False
230328-E13_Out,1613,9,276.23085384070873,80.99870309233665,False
230328-E13_Out,1614,3,200.0,36.0,False
230328-E13_Out,1614,4,197.72646188735962,31.702332496643066,False
230328-E13_Out,1614,5,197.08582198619843,30.89599508047104,False
230328-E13_Out,1614,6,196.5338418483734,29.72111624479294,False
230328-E13_Out,1614,7,195.14172673225403,28.851480901241302,False
230328-E13_Out,1614,8,194.92775627970695,27.92829179763794,False
230328-E13_Out,1614,9,193.88639649748802,26.86160457134247,False
230328-E13_Out,1615,3,258.0,63.0,False
230328-E13_Out,1615,4,251.07960748672485,57.93465518951416,False
230328-E13_Out,1615,5,250.0353138446808,56.87663984298706,False
230328-E13_Out,1615,6,249.05037331581116,55.43827188014984,False
230328-E13_Out,1615,7,247.74149310588837,54.165669083595276,False
230328-E13_Out,1615,8,246.0700089931488,52.89394652843475,False
230328-E13_Out,1616,3,195.0,47.0,False
230328-E13_Out,1616,4,191.36683654785156,46.189080476760864,False
230328-E13_Out,1616,5,190.07279229164124,44.46561014652252,False
230328-E13_Out,1616,6,187.63485860824585,42.413795828819275,False
230328-E13_Out,1616,7,185.71402144432068,40.66408944129944,False
230328-E13_Out,1616,8,185.4556497335434,39.247751116752625,False
230328-E13_Out,1617,3,257.0,97.0,False
230328-E13_Out,1617,4,260.5439190864563,99.63417291641235,False
230328-E13_Out,1617,5,260.48179705441,99.89424955844879,False
230328-E13_Out,1617,6,260.52470007538795,99.89797323197126,False
230328-E13_Out,1617,7,260.5451007038355,99.9200161844492,False
230328-E13_Out,1617,8,260.5244515687227,99.9209187105298,False
230328-E13_Out,1617,9,260.6490618661046,99.93841063976288,False
230328-E13_Out,1617,10,260.58877224475145,100.01738020032644,False
230328-E13_Out,1618,3,214.0,40.0,False
230328-E13_Out,1618,4,213.209543466568,37.566340923309326,False
230328-E13_Out,1618,5,212.08102929592133,36.0780166387558,False
230328-E13_Out,1618,6,210.95138919353485,34.421703696250916,False
230328-E13_Out,1618,7,209.3997517824173,32.956886410713196,False
230328-E13_Out,1618,8,207.72867453098297,31.605666756629944,False
230328-E13_Out,1619,3,183.0,27.0,False
230328-E13_Out,1619,4,182.12779569625854,23.9081768989563,False
230328-E13_Out,1619,5,181.53613305091858,22.833524227142334,False
230328-E13_Out,1619,6,181.06779512763023,21.516593098640442,False
230328-E13_Out,1619,7,179.8068092763424,20.46831750869751,False
230328-E13_Out,1619,8,179.88025207817554,19.306679606437683,False
230328-E13_Out,1620,3,244.0,85.0,False
230328-E13_Out,1620,4,237.23565244674683,81.79201769828796,False
230328-E13_Out,1620,5,235.10965776443481,80.91097110509872,False
230328-E13_Out,1620,6,234.45636928081512,80.84825374931097,False
230328-E13_Out,1620,7,233.96307882666588,80.5156189724803,False
230328-E13_Out,1620,8,233.86661407351494,80.52761076390743,False
230328-E13_Out,1620,9,233.69990214705467,80.66227348148823,False
230328-E13_Out,1620,10,233.62373358011246,80.68685559183359,False
230328-E13_Out,1621,3,203.0,66.0,False
230328-E13_Out,1621,4,195.74678945541382,63.68739295005798,False
230328-E13_Out,1621,5,194.51794755458832,62.4102224111557,False
230328-E13_Out,1621,6,191.80619728565216,59.46871340274811,False
230328-E13_Out,1621,7,190.3303416967392,57.714637994766235,False
230328-E13_Out,1622,3,260.0,77.0,False
230328-E13_Out,1622,4,260.21959713101387,79.35875582695007,False
230328-E13_Out,1622,5,259.8453409075737,79.39414938539267,False
230328-E13_Out,1622,6,259.8044255822897,79.4564284235239,False
230328-E13_Out,1622,7,259.7710742354393,79.4877550676465,False
230328-E13_Out,1622,8,259.6802825778723,79.4938759803772,False
230328-E13_Out,1622,9,259.7628272175789,79.50214853137732,False
230328-E13_Out,1622,10,259.9095692485571,79.55404262244701,False
230328-E13_Out,1622,11,259.8394767642021,79.52877370268106,False
230328-E13_Out,1622,12,259.905604660511,79.57876163721085,False
230328-E13_Out,1623,4,254.0,34.0,True
230328-E13_Out,1624,4,197.0,92.0,True
230328-E4_Out,1635,3,230.0,213.0,False
230328-E4_Out,1635,4,230.13942331075668,204.225172996521,False
230328-E4_Out,1635,5,230.44218450784683,203.73531031608582,False
230328-E4_Out,1635,6,230.78609496355057,203.36008948087692,False
230328-E4_Out,1635,7,231.49318772554398,203.15238043665886,False
230328-E4_Out,1635,8,232.37408143281937,203.00061079859734,False
230328-E4_Out,1635,9,232.61474242806435,202.30415865778923,False
230328-E4_Out,1635,10,232.2745063304901,205.07711240649223,False
230328-E4_Out,1635,11,232.96005618572235,203.57194289565086,False
230328-E4_Out,1636,3,178.0,238.0,False
230328-E4_Out,1636,4,170.18106031417847,231.11955881118774,False
230328-E4_Out,1636,5,169.98621627688408,229.6370620727539,False
230328-E4_Out,1636,6,171.4333400428295,229.46383878588676,False
230328-E4_Out,1636,7,172.41552457213402,230.24926462769508,False
230328-E4_Out,1636,8,173.8428803384304,232.2515086233616,False
230328-E4_Out,1636,9,175.19203481078148,232.40780125558376,False
230328-E4_Out,1636,10,175.24027364701033,230.54790984094143,False
230328-E4_Out,1636,11,178.49027984589338,230.28646723926067,False
230328-E4_Out,1636,12,180.11782353371382,228.78706268966198,False
230328-E4_Out,1637,3,233.0,211.0,False
230328-E4_Out,1637,4,234.13730216026306,203.19935607910156,False
230328-E4_Out,1637,5,234.99814021587372,202.63247483968735,False
230328-E4_Out,1637,6,235.5519460439682,201.99405121803284,False
230328-E4_Out,1637,7,236.2565634250641,201.24760097265244,False
230328-E4_Out,1638,3,229.0,236.0,False
230328-E4_Out,1638,4,227.3651397228241,222.782546043396,False
230328-E4_Out,1638,5,227.6099818944931,220.57715582847595,False
230328-E4_Out,1638,6,228.80179810523987,219.1760127544403,False
230328-E4_Out,1638,7,231.47875332832336,219.5994164943695,False
230328-E4_Out,1638,8,233.2441450357437,218.98444026708603,False
230328-E4_Out,1638,9,235.54115116596222,218.98656634241343,False
230328-E4_Out,1638,10,235.0989851653576,219.94429133087397,False
230328-E4_Out,1639,3,245.0,226.0,False
230328-E4_Out,1639,4,246.85503733158112,217.25522804260254,False
230328-E4_Out,1639,5,247.78054761886597,215.69787573814392,False
230328-E4_Out,1639,6,248.34900200366974,214.46397757530212,False
230328-E4_Out,1640,3,218.0,204.0,False
230328-E4_Out,1640,4,217.86600044369698,200.59474992752075,False
230328-E4_Out,1640,5,217.83741311728954,199.44063210487366,False
230328-E4_Out,1641,3,212.0,219.0,False
230328-E4_Out,1641,4,210.0021457672119,208.82409858703613,False
230328-E4_Out,1641,5,210.03770149499178,207.86338263750076,False
230328-E4_Out,1643,3,183.0,258.0,False
230328-E4_Out,1643,4,172.04812049865723,248.0205535888672,False
230328-E4_Out,1643,5,171.076798081398,246.59204137325287,False
230328-E4_Out,1643,6,172.48866081237793,247.28977411985397,False
230328-E4_Out,1643,7,173.08316677808762,248.09513127803802,False
230328-E4_Out,1643,8,173.1567370891571,249.00039982795715,False
230328-E4_Out,1643,9,173.55462715029716,249.45104759931564,False
230328-E4_Out,1643,10,173.38232401013374,249.49426893889904,False
230328-E4_Out,1643,11,174.6085161268711,248.96587197482586,False
230328-E4_Out,1644,3,191.0,288.0,False
230328-E4_Out,1644,4,184.98435974121094,297.17010402679443,False
230328-E4_Out,1644,5,182.48610019683838,295.0944881439209,False
230328-E4_Out,1644,6,180.57375955581665,296.8010079860687,False
230328-E4_Out,1644,7,181.37512362003326,296.29124450683594,False
230328-E4_Out,1644,8,180.6906042098999,296.3827280700207,False
230328-E4_Out,1644,9,178.29908061027527,296.1098709702492,False
230328-E4_Out,1644,10,178.43636253476143,295.5861046910286,False
230328-E4_Out,1645,3,193.0,274.0,False
230328-E4_Out,1645,4,182.23033714294434,284.2093563079834,False
230328-E4_Out,1645,5,179.9342749118805,282.2164442539215,False
230328-E4_Out,1645,6,177.93465304374695,280.8634788990021,False
230328-E4_Out,1645,7,178.65833365917206,281.1013242304325,False
230328-E4_Out,1645,8,178.59487845003605,282.0620088279247,False
230328-E4_Out,1645,9,178.21723644435406,282.303979575634,False
230328-E4_Out,1645,10,178.03176854550838,281.28868049383163,False
230328-E4_Out,1645,11,181.03352259099483,282.45877236127853,False
230328-E4_Out,1646,3,165.0,249.0,False
230328-E4_Out,1646,4,161.6728961467743,245.73796010017395,False
230328-E4_Out,1646,5,160.74071764945984,243.80827116966248,False
230328-E4_Out,1646,6,163.08539080619812,244.59774655103683,False
230328-E4_Out,1646,7,164.4761040210724,245.76201671361923,False
230328-E4_Out,1646,8,165.85409128665924,247.2224902510643,False
230328-E4_Out,1646,9,166.0822252035141,247.00197845697403,False
230328-E4_Out,1646,10,166.12344086915255,248.9461242556572,False
230328-E4_Out,1646,11,169.55341470986605,248.49111050367355,False
230328-E4_Out,1647,4,183.0,216.0,True
230328-E4_Out,1648,4,225.0,279.0,True
230328-E6_Out,1660,3,191.0,270.0,False
230328-E6_Out,1660,4,182.22990036010742,261.8688621520996,False
230328-E6_Out,1660,5,182.84121710062027,259.6615409851074,False
230328-E6_Out,1660,6,184.5263802409172,259.3610909283161,False
230328-E6_Out,1660,7,185.93662375211716,260.063397616148,False
230328-E6_Out,1660,8,187.26811915636063,260.855781942606,False
230328-E6_Out,1660,9,186.72950345277786,258.97925344109535,False
230328-E6_Out,1660,10,187.74860626459122,258.71738865971565,False
230328-E6_Out,1661,3,199.0,262.0,False
230328-E6_Out,1661,4,187.47760581970215,246.52691841125488,False
230328-E6_Out,1661,5,188.24772489070892,244.4517514705658,False
230328-E6_Out,1661,6,189.29271805286407,244.65067446231842,False
230328-E6_Out,1661,7,190.38719236850739,244.8134537935257,False
230328-E6_Out,1661,8,192.2229437828064,245.1032998263836,False
230328-E6_Out,1661,9,192.1192202270031,243.69117638468742,False
230328-E6_Out,1661,10,193.3705539405346,243.8271231353283,False
230328-E6_Out,1661,11,194.76332852244377,244.05410641431808,False
230328-E6_Out,1661,12,196.08289751410484,243.59241938591003,False
230328-E6_Out,1662,3,143.0,280.0,False
230328-E6_Out,1662,4,138.5218563079834,276.8388080596924,False
230328-E6_Out,1662,5,138.7840301990509,272.96645855903625,False
230328-E6_Out,1662,6,141.27527832984924,274.4853843450546,False
230328-E6_Out,1662,7,143.4176459312439,274.39797558635473,False
230328-E6_Out,1662,8,145.7031443119049,273.8436212167144,False
230328-E6_Out,1662,9,145.73837254196405,273.7765878736973,False
230328-E6_Out,1663,3,153.0,271.0,False
230328-E6_Out,1663,4,148.930522441864,268.23538851737976,False
230328-E6_Out,1663,5,149.18975818157196,263.20424914360046,False
230328-E6_Out,1663,6,151.1117296218872,264.2095892429352,False
230328-E6_Out,1663,7,154.69503664970398,264.5224399268627,False
230328-E6_Out,1663,8,157.00598788261414,262.7255618274212,False
230328-E6_Out,1663,9,155.93125355243683,261.95770278573036,False
230328-E6_Out,1664,3,219.0,242.0,False
230328-E6_Out,1664,4,218.35724711418152,234.35254335403442,False
230328-E6_Out,1664,5,218.13751459121704,232.55940222740173,False
230328-E6_Out,1664,6,221.93098855018616,233.83102917671204,False
230328-E6_Out,1664,7,222.23599991202354,233.5677538216114,False
230328-E6_Out,1664,8,222.60701099038124,232.13625052571297,False
230328-E6_Out,1664,9,222.339031457901,231.52316173911095,False
230328-E6_Out,1665,3,140.0,297.0,False
230328-E6_Out,1665,4,133.55868816375732,293.0444691181183,False
230328-E6_Out,1665,5,135.76159477233887,287.81430649757385,False
230328-E6_Out,1665,6,139.06244540214539,289.11457562446594,False
230328-E6_Out,1665,7,141.42519545555115,288.15618520975113,False
230328-E6_Out,1665,8,143.7898850440979,286.54493564367294,False
230328-E6_Out,1665,9,144.96526515483856,285.4423707127571,False
230328-E6_Out,1665,10,147.31031954288483,284.2855780720711,False
230328-E6_Out,1666,3,217.0,254.0,False
230328-E6_Out,1666,4,214.37100911140442,237.68057441711426,False
230328-E6_Out,1666,5,214.2458418905735,235.63426232337952,False
230328-E6_Out,1666,6,217.20026579499245,236.82936775684357,False
230328-E6_Out,1666,7,217.2911629229784,236.56922045350075,False
230328-E6_Out,1666,8,216.74530310928822,234.00235906243324,False
230328-E6_Out,1666,9,216.31161533296108,233.28426572680473,False
230328-E6_Out,1666,10,218.41981182992458,232.7032541334629,False
230328-E6_Out,1666,11,219.49229823052883,232.6907282397151,False
230328-E6_Out,1667,3,212.0,287.0,False
230328-E6_Out,1667,4,200.69172382354736,271.7776298522949,False
230328-E6_Out,1667,5,200.53734150528908,270.34351313114166,False
230328-E6_Out,1667,6,201.5186428129673,270.45055075734854,False
230328-E6_Out,1667,7,202.17511585354805,271.0384848341346,False
230328-E6_Out,1667,8,202.16986045241356,271.45270600169897,False
230328-E6_Out,1667,9,202.34463572502136,270.8925124630332,False
230328-E6_Out,1667,10,203.40293264389038,270.6181585416198,False
230328-E6_Out,1668,3,155.0,291.0,False
230328-E6_Out,1668,4,146.90279960632324,288.2794523239136,False
230328-E6_Out,1668,5,149.78915119171143,283.2870774269104,False
230328-E6_Out,1668,6,152.83693838119507,284.3828874826431,False
230328-E6_Out,1668,7,156.75494599342346,285.2592009305954,False
230328-E6_Out,1668,8,159.31753730773926,284.59151434898376,False
230328-E6_Out,1668,9,160.0614389181137,283.50822472572327,False
230328-E6_Out,1668,10,161.8647757768631,283.19443452358246,False
230328-E6_Out,1668,11,162.45757937431335,281.2533098459244,False
230328-E6_Out,1669,3,141.0,264.0,False
230328-E6_Out,1669,4,138.8074827194214,261.3360993862152,False
230328-E6_Out,1669,5,138.40490600466728,255.65076231956482,False
230328-E6_Out,1669,6,140.61395141482353,256.5435116291046,False
230328-E6_Out,1669,7,142.41719982028008,256.39072063565254,False
230328-E6_Out,1669,8,144.97434994578362,256.5005559399724,False
230328-E6_Out,1669,9,144.72937101125717,256.1272054389119,False
230328-E6_Out,1669,10,146.68176609277725,255.7285050228238,False
230328-E6_Out,1670,4,177.0,232.0,True
230328-E6_Out,1671,4,178.0,318.0,True
230328-E7_Out,1672,3,197.0,287.0,False
230328-E7_Out,1672,4,194.16081833839417,273.62523651123047,False
230328-E7_Out,1672,5,192.68843758106232,272.3277704715729,False
230328-E7_Out,1672,6,193.49230408668518,271.1611176729202,False
230328-E7_Out,1672,7,193.00575390458107,269.9752221107483,False
230328-E7_Out,1672,8,192.87930971384048,267.94733929634094,False
230328-E7_Out,1672,9,190.90190988779068,266.11382699012756,False
230328-E7_Out,1672,10,190.91479237377644,265.05490577220917,False
230328-E7_Out,1673,3,148.0,299.0,False
230328-E7_Out,1673,4,143.40217971801758,285.9787425994873,False
230328-E7_Out,1673,5,142.76001608371735,285.1743364930153,False
230328-E7_Out,1673,6,142.07592344284058,282.2119410634041,False
230328-E7_Out,1673,7,142.35396221280098,281.6884273290634,False
230328-E7_Out,1673,8,143.06551912426949,281.81946761906147,False
230328-E7_Out,1673,9,143.60152265429497,281.4917186945677,False
230328-E7_Out,1673,10,144.19063553214073,280.9410818070173,False
230328-E7_Out,1673,11,143.94603446125984,281.2666157633066,False
230328-E7_Out,1674,3,189.0,250.0,False
230328-E7_Out,1674,4,190.2024118900299,244.30180644989014,False
230328-E7_Out,1674,5,188.18328762054443,241.43190908432007,False
230328-E7_Out,1675,3,151.0,240.0,False
230328-E7_Out,1675,4,153.92307209968567,240.6663637161255,False
230328-E7_Out,1675,5,153.5555280148983,240.08410668373108,False
230328-E7_Out,1675,6,154.38823768496513,238.27674651145935,False
230328-E7_Out,1675,7,155.62755212187767,240.21857798099518,False
230328-E7_Out,1675,8,156.5582672059536,239.29720669984818,False
230328-E7_Out,1675,9,156.70966956019402,238.9723762869835,False
230328-E7_Out,1676,3,162.0,302.0,False
230328-E7_Out,1676,4,158.25031995773315,288.48294830322266,False
230328-E7_Out,1676,5,157.6619178056717,288.1835458576679,False
230328-E7_Out,1676,6,157.67715157568455,286.6058534681797,False
230328-E7_Out,1676,7,157.4533801227808,286.15551725029945,False
230328-E7_Out,1676,8,157.26673509180546,286.0933232232928,False
230328-E7_Out,1676,9,157.08954860270023,285.5936514660716,False
230328-E7_Out,1677,3,141.0,254.0,False
230328-E7_Out,1677,4,141.66404938697815,248.83680820465088,False
230328-E7_Out,1677,5,141.02289927005768,248.6174440085888,False
230328-E7_Out,1678,3,179.0,252.0,False
230328-E7_Out,1678,4,178.54806366562843,246.10856294631958,False
230328-E7_Out,1678,5,176.94644132256508,244.25239741802216,False
230328-E7_Out,1679,3,184.0,297.0,False
230328-E7_Out,1679,4,182.0943295955658,288.0974416732788,False
230328-E7_Out,1679,5,180.75664269924164,287.3155927658081,False
230328-E7_Out,1679,6,181.4580558538437,285.295037984848,False
230328-E7_Out,1679,7,180.98895969986916,284.45184701681137,False
230328-E7_Out,1679,8,180.09356847405434,281.9683327078819,False
230328-E7_Out,1679,9,178.20568385720253,280.7252474427223,False
230328-E7_Out,1679,10,177.63697150349617,279.17954951524734,False
230328-E7_Out,1680,3,175.0,305.0,False
230328-E7_Out,1680,4,172.31194710731506,293.5646905899048,False
230328-E7_Out,1680,5,171.84796956181526,293.39094564318657,False
230328-E7_Out,1680,6,172.03510254621506,292.1246390044689,False
230328-E7_Out,1680,7,171.9229950606823,291.77441146969795,False
230328-E7_Out,1680,8,170.95560118556023,291.3684461116791,False
230328-E7_Out,1680,9,170.22865292429924,290.7778000831604,False
230328-E7_Out,1680,10,169.78681510686874,289.543438911438,False
230328-E7_Out,1681,3,146.0,284.0,False
230328-E7_Out,1681,4,145.82348969578743,272.88048553466797,False
230328-E7_Out,1681,5,145.26133540272713,272.0658359527588,False
230328-E7_Out,1681,6,145.14003187417984,269.15332651138306,False
230328-E7_Out,1681,7,145.80750530958176,270.0592616200447,False
230328-E7_Out,1681,8,146.13874506950378,268.89638191461563,False
230328-E7_Out,1681,9,146.87463545799255,267.5519627928734,False
230328-E7_Out,1681,10,147.80800473690033,266.66320210695267,False
230328-E7_Out,1682,4,207.0,266.0,True
230328-E7_Out,1683,4,117.0,269.0,True
230328-E8_Out,1684,3,267.0,239.0,False
230328-E8_Out,1684,4,266.3763836622238,246.7794485092163,False
230328-E8_Out,1684,5,266.74727469682693,247.8180674314499,False
230328-E8_Out,1684,6,267.54846996068954,249.91410505771637,False
230328-E8_Out,1684,7,267.13412538170815,251.05460608005524,False
230328-E8_Out,1684,8,267.2728850096464,250.80328196287155,False
230328-E8_Out,1684,9,266.0518238991499,250.15516984462738,False
230328-E8_Out,1684,10,266.9271877259016,251.18398892879486,False
230328-E8_Out,1684,11,266.8800300657749,251.88617408275604,False
230328-E8_Out,1685,3,242.0,221.0,False
230328-E8_Out,1685,4,231.43620777130127,215.5960340499878,False
230328-E8_Out,1685,5,232.04961109161377,215.34017288684845,False
230328-E8_Out,1685,6,232.10276933014393,215.2602671161294,False
230328-E8_Out,1685,7,232.2948578298092,215.21309259533882,False
230328-E8_Out,1685,8,232.23729187250137,214.88662654161453,False
230328-E8_Out,1685,9,232.0390793979168,215.16288405656815,False
230328-E8_Out,1685,10,232.1852553486824,215.44056382775307,False
230328-E8_Out,1686,3,241.0,154.0,False
230328-E8_Out,1686,4,241.91802859306335,153.09356635808945,False
230328-E8_Out,1686,5,244.11707186698914,152.93828278779984,False
230328-E8_Out,1686,6,246.30192065238953,150.39415436983109,False
230328-E8_Out,1686,7,248.87102699279785,151.46719759702682,False
230328-E8_Out,1687,3,253.0,166.0,False
230328-E8_Out,1687,4,253.10299226641655,162.9801094532013,False
230328-E8_Out,1687,5,254.67138549685478,162.12652295827866,False
230328-E8_Out,1687,6,257.30262729525566,159.72538322210312,False
230328-E8_Out,1687,7,256.6737649142742,158.6708419919014,False
230328-E8_Out,1687,8,257.0727372467518,160.58352798223495,False
230328-E8_Out,1687,9,258.54654160141945,160.88257345557213,False
230328-E8_Out,1687,10,260.887006431818,162.369962900877,False
230328-E8_Out,1688,3,264.0,163.0,False
230328-E8_Out,1688,4,263.6081190407276,156.39242219924927,False
230328-E8_Out,1688,5,264.07197749614716,155.49271684885025,False
230328-E8_Out,1688,6,264.4092388153076,153.78119319677353,False
230328-E8_Out,1688,7,264.90809601545334,153.8565891161561,False
230328-E8_Out,1688,8,263.95832592248917,154.5254299417138,False
230328-E8_Out,1688,9,264.56270557641983,155.5595035329461,False
230328-E8_Out,1689,3,245.0,209.0,False
230328-E8_Out,1689,4,238.4343409538269,198.5036382675171,False
230328-E8_Out,1689,5,239.71679282188416,198.31856775283813,False
230328-E8_Out,1689,6,240.038593262434,197.2380199432373,False
230328-E8_Out,1689,7,241.08926019072533,197.467303276062,False
230328-E8_Out,1689,8,241.53905445337296,196.39171433448792,False
230328-E8_Out,1689,9,241.08207735419273,196.32604064792395,False
230328-E8_Out,1690,3,276.0,201.0,False
230328-E8_Out,1690,4,270.8158950805664,184.1584243774414,False
230328-E8_Out,1690,5,271.45440179109573,183.23223000764847,False
230328-E8_Out,1690,6,271.8775629401207,179.479289829731,False
230328-E8_Out,1690,7,271.3587071299553,179.53255463391542,False
230328-E8_Out,1690,8,271.36017440259457,179.60511915385723,False
230328-E8_Out,1690,9,273.332914814353,179.67975094914436,False
230328-E8_Out,1690,10,274.4044639915228,178.16087380051613,False
230328-E8_Out,1691,3,277.0,158.0,False
230328-E8_Out,1691,4,279.4435131549835,148.74958992004395,False
230328-E8_Out,1691,5,280.3080551624298,148.02235954999924,False
230328-E8_Out,1691,6,277.01362800598145,142.69041746854782,False
230328-E8_Out,1691,7,275.85338366031647,143.9220947623253,False
230328-E8_Out,1691,8,271.59600698947906,145.1508223414421,False
230328-E8_Out,1691,9,271.3850149214268,149.72256392240524,False
230328-E8_Out,1691,10,272.36604419350624,150.56723058223724,False
230328-E8_Out,1692,3,267.0,227.0,False
230328-E8_Out,1692,4,265.5987619161606,231.44328832626343,False
230328-E8_Out,1692,5,265.66283141076565,231.5397208109498,False
230328-E8_Out,1692,6,265.5691562741995,231.59507654607296,False
230328-E8_Out,1692,7,265.48011215031147,231.57272095233202,False
230328-E8_Out,1692,8,265.74674992263317,231.44667897373438,False
230328-E8_Out,1692,9,265.6935065984726,231.30074847489595,False
230328-E8_Out,1693,3,265.0,199.0,False
230328-E8_Out,1693,4,258.71777057647705,182.3382053375244,False
230328-E8_Out,1693,5,259.0974445939064,181.5493541955948,False
230328-E8_Out,1693,6,260.4360081553459,180.10287308692932,False
230328-E8_Out,1693,7,261.0520071387291,179.83187529444695,False
230328-E8_Out,1693,8,261.23506194353104,180.17964288592339,False
230328-E8_Out,1694,4,214.0,184.0,True
230328-E8_Out,1695,4,307.0,181.0,True
230331-E10_Out,1696,3,202.0,290.0,False
230331-E10_Out,1696,4,194.47041940689087,282.1009945869446,False
230331-E10_Out,1696,5,193.02402007579803,281.50774216651917,False
230331-E10_Out,1696,6,191.8593728542328,281.0001556277275,False
230331-E10_Out,1696,7,190.8852175474167,280.25478488206863,False
230331-E10_Out,1696,8,188.715691447258,279.74427968263626,False
230331-E10_Out,1697,3,221.0,279.0,False
230331-E10_Out,1697,4,214.22634887695312,269.4621744155884,False
230331-E10_Out,1697,5,213.62120401859283,268.66353130340576,False
230331-E10_Out,1697,6,212.83605003356934,268.1985791325569,False
230331-E10_Out,1697,7,212.33140397071838,267.79916816949844,False
230331-E10_Out,1697,8,211.5112420320511,267.4093115925789,False
230331-E10_Out,1697,9,209.85448586940765,267.0822808146477,False
230331-E10_Out,1698,3,206.0,264.0,False
230331-E10_Out,1698,4,201.10833978652954,254.3565320968628,False
230331-E10_Out,1698,5,196.65223360061646,251.67207193374634,False
230331-E10_Out,1698,6,192.1092028617859,249.85886979103088,False
230331-E10_Out,1698,7,188.81997728347778,249.32423335313797,False
230331-E10_Out,1699,3,201.0,241.0,False
230331-E10_Out,1699,4,201.62817132472992,240.10242754220963,False
230331-E10_Out,1699,5,199.6438409090042,238.42338198423386,False
230331-E10_Out,1699,6,197.3881949186325,237.4085184931755,False
230331-E10_Out,1699,7,194.79947316646576,236.8037918806076,False
230331-E10_Out,1700,3,199.0,278.0,False
230331-E10_Out,1700,4,194.05315923690796,270.88550662994385,False
230331-E10_Out,1700,5,191.5687005519867,269.59774446487427,False
230331-E10_Out,1700,6,189.43731021881104,268.4416033029556,False
230331-E10_Out,1700,7,186.69907450675964,267.3479206562042,False
230331-E10_Out,1701,3,192.0,226.0,False
230331-E10_Out,1701,4,196.7441906929016,229.6862473487854,False
230331-E10_Out,1701,5,195.06124484539032,228.3036071062088,False
230331-E10_Out,1701,6,193.92050898075104,227.61065083742142,False
230331-E10_Out,1701,7,192.47401595115662,227.1608572602272,False
230331-E10_Out,1702,3,175.0,236.0,False
230331-E10_Out,1702,4,172.8071255683899,237.63729071617126,False
230331-E10_Out,1702,5,171.3096226453781,235.9214379787445,False
230331-E10_Out,1702,6,168.81440794467926,235.03906917572021,False
230331-E10_Out,1702,7,164.6301428079605,233.62744331359863,False
230331-E10_Out,1702,8,164.72174355387688,236.61334133148193,False
230331-E10_Out,1702,9,161.30188319087029,236.35289445519447,False
230331-E10_Out,1703,3,193.0,296.0,False
230331-E10_Out,1703,4,183.91651058197021,287.6500425338745,False
230331-E10_Out,1703,5,182.3487228155136,286.50805401802063,False
230331-E10_Out,1703,6,180.15112578868866,285.30760741233826,False
230331-E10_Out,1703,7,177.55065143108368,284.91644498705864,False
230331-E10_Out,1704,3,173.0,255.0,False
230331-E10_Out,1704,4,170.46161603927612,253.98760426044464,False
230331-E10_Out,1704,5,168.16643071174622,252.08209228515625,False
230331-E10_Out,1704,6,164.91573548316956,249.6918444633484,False
230331-E10_Out,1704,7,161.28334832191467,248.73279029130936,False
230331-E10_Out,1704,8,159.97729802131653,249.58205395936966,False
230331-E10_Out,1704,9,158.04413104057312,249.37083396315575,False
230331-E10_Out,1704,10,156.55582201480865,249.32233364135027,False
230331-E10_Out,1704,11,154.75050055980682,247.6655914261937,False
230331-E10_Out,1705,4,169.0,293.0,True
230331-E10_Out,1706,4,220.0,244.0,True
230331-E14_Out,1707,3,255.0,181.0,False
230331-E14_Out,1707,4,255.5535348057747,179.74411296844482,False
230331-E14_Out,1707,5,256.1022472977638,179.8501531854272,False
230331-E14_Out,1707,6,256.8419352173805,180.27447117120028,False
230331-E14_Out,1707,7,256.06994861364365,179.33465845137835,False
230331-E14_Out,1707,8,256.5649183392525,180.04794067889452,False
230331-E14_Out,1708,3,234.0,246.0,False
230331-E14_Out,1708,4,231.4179027080536,238.45539712905884,False
230331-E14_Out,1708,5,231.4333863556385,238.6306577026844,False
230331-E14_Out,1708,6,231.65719330310822,238.5613271817565,False
230331-E14_Out,1708,7,231.6469532698393,238.41814445704222,False
230331-E14_Out,1709,3,250.0,250.0,False
230331-E14_Out,1709,4,247.64879608154297,244.06712102890015,False
230331-E14_Out,1709,5,246.12663531303406,243.0567126274109,False
230331-E14_Out,1709,6,246.03877972066402,242.48566138744354,False
230331-E14_Out,1709,7,245.45502530038357,242.24409714341164,False
230331-E14_Out,1709,8,245.98181448876858,242.65822780132294,False
230331-E14_Out,1709,9,246.05385766923428,242.25844317674637,False
230331-E14_Out,1710,3,278.0,200.0,False
230331-E14_Out,1710,4,278.0643534362316,198.4513589143753,False
230331-E14_Out,1710,5,277.9803280979395,198.43121326714754,False
230331-E14_Out,1710,6,277.87807147204876,198.26159853488207,False
230331-E14_Out,1710,7,278.12027998268604,198.7605509236455,False
230331-E14_Out,1710,8,278.32711930572987,198.9385777488351,False
230331-E14_Out,1710,9,278.40011332184076,198.73798201233149,False
230331-E14_Out,1711,3,258.0,238.0,False
230331-E14_Out,1711,4,255.89386773109436,231.6867437362671,False
230331-E14_Out,1711,5,255.84204465150833,231.5491035580635,False
230331-E14_Out,1711,6,255.6886654496193,231.3926658332348,False
230331-E14_Out,1712,3,248.0,236.0,False
230331-E14_Out,1712,4,247.08507096767426,232.0103018283844,False
230331-E14_Out,1712,5,247.05222165584564,231.98200922459364,False
230331-E14_Out,1712,6,247.13943719863892,232.0213949084282,False
230331-E14_Out,1712,7,247.1627400815487,232.01616766303778,False
230331-E14_Out,1712,8,247.3523344695568,232.02232991158962,False
230331-E14_Out,1712,9,247.30381979048252,232.03493805974722,False
230331-E14_Out,1713,3,278.0,259.0,False
230331-E14_Out,1713,4,279.1116671562195,258.86204320192337,False
230331-E14_Out,1713,5,279.0652184486389,258.82392164319754,False
230331-E14_Out,1713,6,279.2873540073633,258.7882686108351,False
230331-E14_Out,1713,7,278.9191016405821,258.5227918177843,False
230331-E14_Out,1713,8,278.98203349113464,258.44882587343454,False
230331-E14_Out,1713,9,279.2269851565361,258.39898723363876,False
230331-E14_Out,1714,3,278.0,228.0,False
230331-E14_Out,1714,4,275.93833208084106,220.0518217086792,False
230331-E14_Out,1714,5,273.1835527420044,218.1118664741516,False
230331-E14_Out,1714,6,271.72706747055054,216.38795506954193,False
230331-E14_Out,1714,7,272.1977226436138,217.24214053153992,False
230331-E14_Out,1714,8,273.22441467642784,219.15660786628723,False
230331-E14_Out,1715,3,235.0,184.0,False
230331-E14_Out,1715,4,236.75867223739624,182.3447836637497,False
230331-E14_Out,1715,5,239.1209180355072,182.92451483011246,False
230331-E14_Out,1715,6,239.16891380399466,183.64248144626617,False
230331-E14_Out,1715,7,240.27286645025015,183.36549559235573,False
230331-E14_Out,1715,8,241.96652694791555,186.81426659226418,False
230331-E14_Out,1716,3,265.0,249.0,False
230331-E14_Out,1716,4,261.8796157836914,242.95192909240723,False
230331-E14_Out,1716,5,261.94393314421177,242.8870704099536,False
230331-E14_Out,1716,6,261.74648328125477,242.73334466665983,False
230331-E14_Out,1716,7,261.9378596097231,242.51160233467817,False
230331-E14_Out,1716,8,262.259636297822,242.65492483228445,False
230331-E14_Out,1717,3,266.0,187.0,False
230331-E14_Out,1717,4,266.2708671092987,184.2021131515503,False
230331-E14_Out,1717,5,264.50675892829895,182.97385704517365,False
230331-E14_Out,1717,6,264.0339596569538,182.70856353640556,False
230331-E14_Out,1717,7,263.17000165581703,181.29641196131706,False
230331-E14_Out,1717,8,261.13687720894814,179.99856707453728,False
230331-E14_Out,1717,9,262.2853353321552,180.74156722426414,False
230331-E14_Out,1718,4,204.0,216.0,True
230331-E14_Out,1719,4,293.0,216.0,True
230331-E6_Out,1720,3,220.0,151.0,False
230331-E6_Out,1720,4,217.64306664466858,149.92836844921112,False
230331-E6_Out,1720,5,216.2872656583786,149.07526350021362,False
230331-E6_Out,1720,6,215.7800234556198,148.40495711565018,False
230331-E6_Out,1720,7,215.45427200198174,148.09160241484642,False
230331-E6_Out,1720,8,214.83339378237724,147.76411771774292,False
230331-E6_Out,1720,9,215.6436524093151,147.5131953060627,False
230331-E6_Out,1720,10,215.0363400876522,147.63930043578148,False
230331-E6_Out,1720,11,215.34709790349007,147.39615413546562,False
230331-E6_Out,1721,3,276.0,190.0,False
230331-E6_Out,1721,4,251.0694808959961,182.90196132659912,False
230331-E6_Out,1721,5,246.51784563064575,179.85877203941345,False
230331-E6_Out,1721,6,243.85244250297546,179.36602461338043,False
230331-E6_Out,1721,7,242.56031370162964,177.5041265487671,False
230331-E6_Out,1721,8,238.6513741016388,175.16455554962158,False
230331-E6_Out,1721,9,239.13037937879562,174.44513219594955,False
230331-E6_Out,1722,3,207.0,168.0,False
230331-E6_Out,1722,4,205.2559186220169,167.19457387924194,False
230331-E6_Out,1722,5,203.81966423988342,166.36096268892288,False
230331-E6_Out,1722,6,204.72283971309662,166.37091989070177,False
230331-E6_Out,1722,7,204.16316854953766,165.55620659142733,False
230331-E6_Out,1722,8,203.44851303100586,165.21175564080477,False
230331-E6_Out,1722,9,204.94182097911835,166.18556226044893,False
230331-E6_Out,1722,10,204.66654321551323,165.94100282341242,False
230331-E6_Out,1722,11,205.36172553896904,166.5149109736085,False
230331-E6_Out,1723,3,274.0,171.0,False
230331-E6_Out,1723,4,248.77361297607422,166.66161394119263,False
230331-E6_Out,1723,5,245.29993987083435,164.12503361701965,False
230331-E6_Out,1723,6,243.01074290275574,163.53934252262115,False
230331-E6_Out,1723,7,241.58456027507782,161.87807250022888,False
230331-E6_Out,1723,8,238.9623361825943,160.27438235282898,False
230331-E6_Out,1723,9,239.67494893074036,159.24299705028534,False
230331-E6_Out,1723,10,238.09414982795715,159.00722754001617,False
230331-E6_Out,1723,11,237.74512419104576,158.85152587294579,False
230331-E6_Out,1724,3,231.0,129.0,False
230331-E6_Out,1724,4,227.69093227386475,128.11941146850586,False
230331-E6_Out,1724,5,226.29546427726746,127.03887724876404,False
230331-E6_Out,1724,6,225.48226952552795,126.63333442807198,False
230331-E6_Out,1724,7,225.17707201838493,126.67883395776153,False
230331-E6_Out,1724,8,224.702787399292,126.6427324898541,False
230331-E6_Out,1724,9,224.94344606995583,126.45814262703061,False
230331-E6_Out,1724,10,224.8258873820305,126.17577644065022,False
230331-E6_Out,1725,3,265.0,212.0,False
230331-E6_Out,1725,4,242.11285972595215,199.3689832687378,False
230331-E6_Out,1725,5,237.5177412033081,196.6780846118927,False
230331-E6_Out,1725,6,235.22981333732605,194.84134793281555,False
230331-E6_Out,1725,7,234.86018630862236,192.03032088279724,False
230331-E6_Out,1725,8,231.8873047530651,191.09811288118362,False
230331-E6_Out,1725,9,230.18041715025902,190.5873697400093,False
230331-E6_Out,1725,10,228.69062706828117,188.42289525270462,False
230331-E6_Out,1725,11,227.56680807471275,188.01896288990974,False
230331-E6_Out,1726,4,263.0,140.0,True
230331-E6_Out,1727,4,213.0,215.0,True
230331-E7_Out,1728,3,202.0,214.0,False
230331-E7_Out,1728,4,207.19279146194458,207.85093688964844,False
230331-E7_Out,1728,5,213.31483459472656,204.6227719783783,False
230331-E7_Out,1728,6,218.24482488632202,200.47977423667908,False
230331-E7_Out,1728,7,219.57498908042908,198.40336322784424,False
230331-E7_Out,1728,8,225.17865586280823,197.08746373653412,False
230331-E7_Out,1729,3,191.0,277.0,False
230331-E7_Out,1729,4,189.72196686267853,262.52637672424316,False
230331-E7_Out,1729,5,195.4954458475113,262.98259222507477,False
230331-E7_Out,1729,6,198.69064438343048,262.0095086693764,False
230331-E7_Out,1729,7,200.04809713363647,260.2512887120247,False
230331-E7_Out,1729,8,199.74588188529015,257.5794180035591,False
230331-E7_Out,1729,9,197.35613831877708,252.4171865582466,False
230331-E7_Out,1729,10,199.87718614935875,250.9542766213417,False
230331-E7_Out,1730,3,204.0,229.0,False
230331-E7_Out,1730,4,209.97680711746216,226.09674835205078,False
230331-E7_Out,1730,5,213.94934558868408,224.0711863040924,False
230331-E7_Out,1730,6,217.30668926239014,223.5623438358307,False
230331-E7_Out,1730,7,218.38052713871002,221.5759081840515,False
230331-E7_Out,1730,8,220.91093337535858,220.17333340644836,False
230331-E7_Out,1731,3,202.0,288.0,False
230331-E7_Out,1731,4,196.895245552063,268.65527725219727,False
230331-E7_Out,1731,5,202.02571392059326,269.9485009908676,False
230331-E7_Out,1731,6,203.53541135787964,268.0524834394455,False
230331-E7_Out,1731,7,204.6854407787323,266.66557133197784,False
230331-E7_Out,1731,8,204.01687681674957,263.8818162679672,False
230331-E7_Out,1731,9,202.02003848552704,261.04510033130646,False
230331-E7_Out,1732,3,173.0,294.0,False
230331-E7_Out,1732,4,172.28694820404053,281.50522327423096,False
230331-E7_Out,1732,5,177.20111894607544,282.12702226638794,False
230331-E7_Out,1732,6,179.334326505661,281.0672163963318,False
230331-E7_Out,1732,7,179.00963678956032,280.42197585105896,False
230331-E7_Out,1732,8,178.5809641480446,278.7234810590744,False
230331-E7_Out,1732,9,177.85453790426254,276.5665200948715,False
230331-E7_Out,1733,3,185.0,225.0,False
230331-E7_Out,1733,4,187.65054559707642,222.44708037376404,False
230331-E7_Out,1733,5,189.66749548912048,220.77154684066772,False
230331-E7_Out,1733,6,190.7072434425354,218.8679631948471,False
230331-E7_Out,1733,7,190.8621550798416,217.4460631608963,False
230331-E7_Out,1733,8,191.7922646999359,217.31097918748856,False
230331-E7_Out,1733,9,191.32769426703453,214.68559175729752,False
230331-E7_Out,1734,3,169.0,238.0,False
230331-E7_Out,1734,4,176.73595142364502,232.09846830368042,False
230331-E7_Out,1734,5,179.91519212722778,228.4183316230774,False
230331-E7_Out,1734,6,181.16878163814545,225.56212520599365,False
230331-E7_Out,1734,7,181.17022132873535,223.84501111507416,False
230331-E7_Out,1734,8,183.30141854286194,223.35891216993332,False
230331-E7_Out,1735,3,205.0,271.0,False
230331-E7_Out,1735,4,203.64875721931458,257.1551170349121,False
230331-E7_Out,1735,5,206.74061822891235,257.28777438402176,False
230331-E7_Out,1735,6,208.4137636423111,255.92123252153397,False
230331-E7_Out,1735,7,209.0757930278778,253.81124836206436,False
230331-E7_Out,1735,8,209.2460494339466,251.96422857046127,False
230331-E7_Out,1735,9,207.82026281952858,247.7878012061119,False
230331-E7_Out,1736,4,144.0,261.0,True
230331-E7_Out,1737,4,236.0,258.0,True
230331-E8_Out,1738,3,269.0,172.0,False
230331-E8_Out,1738,4,263.0605435371399,162.51898288726807,False
230331-E8_Out,1738,5,260.95814085006714,160.2216022014618,False
230331-E8_Out,1738,6,260.1218730211258,159.08664441108704,False
230331-E8_Out,1738,7,257.36337983608246,157.54997408390045,False
230331-E8_Out,1738,8,256.96701499819756,157.0719650387764,False
230331-E8_Out,1738,9,255.70188495516777,154.2860718369484,False
230331-E8_Out,1739,3,243.0,222.0,False
230331-E8_Out,1739,4,240.50221586227417,211.449125289917,False
230331-E8_Out,1739,5,239.46382927894592,211.0808176100254,False
230331-E8_Out,1739,6,239.18176737427711,210.6514469087124,False
230331-E8_Out,1739,7,238.7162064909935,210.27791345119476,False
230331-E8_Out,1739,8,238.2211176455021,209.79945427179337,False
230331-E8_Out,1739,9,238.1010982990265,209.22897273302078,False
230331-E8_Out,1740,3,231.0,162.0,False
230331-E8_Out,1740,4,229.45924258232117,157.2960023880005,False
230331-E8_Out,1740,5,227.48814415931702,155.4044816493988,False
230331-E8_Out,1740,6,226.98156702518463,154.24862706661224,False
230331-E8_Out,1740,7,223.51408755779266,153.02235424518585,False
230331-E8_Out,1740,8,220.5155247449875,153.31654673814774,False
230331-E8_Out,1740,9,221.0134094953537,151.27950578927994,False
230331-E8_Out,1741,3,257.0,161.0,False
230331-E8_Out,1741,4,255.77181339263916,158.72787189483643,False
230331-E8_Out,1741,5,254.19209480285645,157.28754770755768,False
230331-E8_Out,1741,6,253.55665040016174,156.0595155954361,False
230331-E8_Out,1741,7,252.15274786949158,155.19099634885788,False
230331-E8_Out,1741,8,252.1915643364191,155.08814726024866,False
230331-E8_Out,1742,3,206.0,229.0,False
230331-E8_Out,1742,4,200.49715280532837,225.11596417427063,False
230331-E8_Out,1742,5,199.93097746372223,224.85193997621536,False
230331-E8_Out,1742,6,199.40703856945038,224.14398515224457,False
230331-E8_Out,1742,7,199.2624333500862,223.09641814231873,False
230331-E8_Out,1742,8,199.23586697876453,222.51407277584076,False
230331-E8_Out,1742,9,199.65492503345013,221.92232716083527,False
230331-E8_Out,1743,3,247.0,236.0,False
230331-E8_Out,1743,4,248.31385469436646,229.93033742904663,False
230331-E8_Out,1743,5,248.25773242115974,229.90434452146292,False
230331-E8_Out,1743,6,248.0236136317253,229.81915007531643,False
230331-E8_Out,1743,7,248.04522339999676,229.87569952756166,False
230331-E8_Out,1744,3,246.0,160.0,False
230331-E8_Out,1744,4,241.79345703125,155.8146653175354,False
230331-E8_Out,1744,5,238.29993987083435,154.1226532459259,False
230331-E8_Out,1744,6,239.13045263290405,152.7788256406784,False
230331-E8_Out,1744,7,236.46623826026917,150.7711855173111,False
230331-E8_Out,1744,8,236.68831092119217,151.38993102312088,False
230331-E8_Out,1745,3,258.0,231.0,False
230331-E8_Out,1745,4,257.50164636969566,220.61507511138916,False
230331-E8_Out,1745,5,256.9906632602215,220.65410917252302,False
230331-E8_Out,1745,6,256.781637519598,220.56564565002918,False
230331-E8_Out,1745,7,256.7129295170307,220.54056143015623,False
230331-E8_Out,1745,8,255.9780035316944,219.83510970324278,False
230331-E8_Out,1745,9,255.5463604927063,219.41446220129728,False
230331-E8_Out,1745,10,255.62305422127247,219.26875131577253,False
230331-E8_Out,1746,3,235.0,238.0,False
230331-E8_Out,1746,4,238.27731227874756,231.4093837738037,False
230331-E8_Out,1746,5,238.13977906107903,231.3991712704301,False
230331-E8_Out,1746,6,237.71553444862366,231.07639086991549,False
230331-E8_Out,1746,7,237.70105116069317,231.09642535448074,False
230331-E8_Out,1746,8,237.6663892120123,231.0533434227109,False
230331-E8_Out,1746,9,237.49623896181583,231.00581301748753,False
230331-E8_Out,1747,3,221.0,228.0,False
230331-E8_Out,1747,4,208.47980976104736,216.64953517913818,False
230331-E8_Out,1747,5,207.22254812717438,216.19769257307053,False
230331-E8_Out,1747,6,207.144931986928,215.15683490037918,False
230331-E8_Out,1747,7,206.7752534598112,213.68614023923874,False
230331-E8_Out,1747,8,206.54497773945332,213.3084305524826,False
230331-E8_Out,1747,9,206.72464548051357,212.92331457138062,False
230331-E8_Out,1748,3,255.0,140.0,False
230331-E8_Out,1748,4,250.12725400924683,137.73126745224,False
230331-E8_Out,1748,5,247.44611430168152,135.9790643453598,False
230331-E8_Out,1748,6,246.88103997707367,135.23938983678818,False
230331-E8_Out,1748,7,243.56566417217255,133.60119181871414,False
230331-E8_Out,1748,8,243.0060441493988,133.17091995477676,False
230331-E8_Out,1749,4,189.0,198.0,True
230331-E8_Out,1750,4,279.0,198.0,True
230331-E9_Out,1751,3,249.0,255.0,False
230331-E9_Out,1751,4,238.34088706970215,249.79334783554077,False
230331-E9_Out,1751,5,240.15195679664612,248.21996116638184,False
230331-E9_Out,1751,6,239.57817614078522,245.26059675216675,False
230331-E9_Out,1751,7,239.79023782908916,242.96832704544067,False
230331-E9_Out,1751,8,242.43584816157818,241.27759039402008,False
230331-E9_Out,1752,3,232.0,189.0,False
230331-E9_Out,1752,4,231.0636305809021,185.9736258983612,False
230331-E9_Out,1752,5,232.9404718875885,187.11441695690155,False
230331-E9_Out,1752,6,233.94012105464935,184.79509437084198,False
230331-E9_Out,1752,7,234.91613447666168,184.31957268714905,False
230331-E9_Out,1752,8,236.18576908111572,184.2276201173663,False
230331-E9_Out,1752,9,237.38326287269592,184.79920863360167,False
230331-E9_Out,1752,10,238.86470544338226,184.3926359936595,False
230331-E9_Out,1753,3,197.0,202.0,False
230331-E9_Out,1753,4,197.4840231537819,199.93081736564636,False
230331-E9_Out,1753,5,199.91969686746597,200.71882075071335,False
230331-E9_Out,1753,6,201.2758316397667,198.03314846754074,False
230331-E9_Out,1753,7,201.49127481877804,197.10625791549683,False
230331-E9_Out,1753,8,203.2951791137457,195.35183370113373,False
230331-E9_Out,1753,9,209.05759976804256,195.55272470414639,False
230331-E9_Out,1753,10,210.28992043435574,194.90412591397762,False
230331-E9_Out,1754,3,213.0,209.0,False
230331-E9_Out,1754,4,211.9762408733368,206.37241554260254,False
230331-E9_Out,1754,5,213.34816443920135,206.43636840581894,False
230331-E9_Out,1754,6,214.25442671775818,203.90226978063583,False
230331-E9_Out,1754,7,215.10877883434296,203.25643068552017,False
230331-E9_Out,1754,8,216.9054743051529,200.62225633859634,False
230331-E9_Out,1754,9,220.95114862918854,200.599401794374,False
230331-E9_Out,1755,3,254.0,223.0,False
230331-E9_Out,1755,4,245.66072940826416,210.428542137146,False
230331-E9_Out,1755,5,246.94590425491333,210.84972646832466,False
230331-E9_Out,1755,6,247.1153642386198,209.0795640051365,False
230331-E9_Out,1755,7,247.7014842480421,209.1723774150014,False
230331-E9_Out,1755,8,248.35866133868694,208.1517600491643,False
230331-E9_Out,1755,9,250.1723324507475,207.7772884145379,False
230331-E9_Out,1755,10,251.8797787874937,207.77657260000706,False
230331-E9_Out,1756,3,271.0,241.0,False
230331-E9_Out,1756,4,261.94500064849854,231.8333387374878,False
230331-E9_Out,1756,5,262.7888946533203,231.93827939033508,False
230331-E9_Out,1756,6,261.63623785972595,230.2983011007309,False
230331-E9_Out,1756,7,261.52476873993874,229.32519966363907,False
230331-E9_Out,1756,8,260.8653638660908,226.99354988336563,False
230331-E9_Out,1757,3,219.0,282.0,False
230331-E9_Out,1757,4,214.92779684066772,280.35430347919464,False
230331-E9_Out,1757,5,214.56404981017113,279.8934195637703,False
230331-E9_Out,1757,6,214.2153543829918,277.30161172151566,False
230331-E9_Out,1757,7,216.97023314237595,277.57530945539474,False
230331-E9_Out,1757,8,218.91246670484543,277.92911806702614,False
230331-E9_Out,1757,9,220.19001632928848,278.9027567207813,False
230331-E9_Out,1758,3,252.0,241.0,False
230331-E9_Out,1758,4,238.75250053405762,229.53712558746338,False
230331-E9_Out,1758,5,240.01842093467712,228.5429534316063,False
230331-E9_Out,1758,6,240.37547600269318,226.69554179906845,False
230331-E9_Out,1758,7,241.05193555355072,226.05353462696075,False
230331-E9_Out,1758,8,241.42379486560822,223.62365853786469,False
230331-E9_Out,1758,9,244.11574018001556,222.81520104408264,False
230331-E9_Out,1758,10,244.37453386187553,220.86933660507202,False
230331-E9_Out,1758,11,250.02318593859673,221.52059280872345,False
230331-E9_Out,1759,3,227.0,252.0,False
230331-E9_Out,1759,4,221.76188135147095,249.7801923751831,False
230331-E9_Out,1759,5,222.6088386774063,247.33975958824158,False
230331-E9_Out,1759,6,224.08295905590057,245.48580265045166,False
230331-E9_Out,1759,7,224.70098114013672,243.97622740268707,False
230331-E9_Out,1759,8,227.3927230834961,243.0666692852974,False
230331-E9_Out,1760,3,205.0,186.0,False
230331-E9_Out,1760,4,205.5590958595276,184.11736822128296,False
230331-E9_Out,1760,5,206.95051300525665,185.97731983661652,False
230331-E9_Out,1760,6,207.98006629943848,183.54342424869537,False
230331-E9_Out,1760,7,207.24780440330505,181.63499319553375,False
230331-E9_Out,1760,8,209.8780415058136,181.386654317379,False
230331-E9_Out,1760,9,213.65862107276917,181.9484018087387,False
230331-E9_Out,1761,3,241.0,250.0,False
230331-E9_Out,1761,4,230.93956470489502,245.72230434417725,False
230331-E9_Out,1761,5,232.02246475219727,243.73794603347778,False
230331-E9_Out,1761,6,232.73994481563568,240.1072223186493,False
230331-E9_Out,1761,7,234.91346108913422,238.97105729579926,False
230331-E9_Out,1761,8,237.32418930530548,237.08655762672424,False
230331-E9_Out,1761,9,240.78103291988373,235.95922982692719,False
230331-E9_Out,1762,3,199.0,229.0,False
230331-E9_Out,1762,4,198.52399000525475,226.8793203830719,False
230331-E9_Out,1762,5,199.28599771857262,225.0948841571808,False
230331-E9_Out,1762,6,199.5130672454834,222.5471534729004,False
230331-E9_Out,1762,7,200.33626878261566,220.69830799102783,False
230331-E9_Out,1762,8,202.8604222536087,217.92268252372742,False
230331-E9_Out,1762,9,205.62803876399994,218.17269310355186,False
230331-E9_Out,1762,10,205.92041438817978,215.55980691313744,False
230331-E9_Out,1763,4,255.0,200.0,True
230331-E9_Out,1764,4,193.0,273.0,True
230413-E1_Out,1765,3,196.0,155.0,False
230413-E1_Out,1765,4,192.69091749191284,147.58183765411377,False
230413-E1_Out,1765,5,192.5079404115677,146.42438876628876,False
230413-E1_Out,1765,6,192.8343222141266,145.57635986804962,False
230413-E1_Out,1765,7,192.81379941105843,144.5018185377121,False
230413-E1_Out,1765,8,192.83417229354382,144.2471857368946,False
230413-E1_Out,1765,9,192.80802838504314,144.1363914385438,False
230413-E1_Out,1765,10,192.46712644398212,143.836226798594,False
230413-E1_Out,1765,11,192.45893904566765,143.73912766575813,False
230413-E1_Out,1766,3,202.0,179.0,False
230413-E1_Out,1766,4,196.1040301322937,166.1852912902832,False
230413-E1_Out,1766,5,196.12838335335255,166.16701271384954,False
230413-E1_Out,1766,6,196.25497382879257,165.74449636787176,False
230413-E1_Out,1766,7,196.35175022482872,165.47380619496107,False
230413-E1_Out,1766,8,196.35545726120472,165.48524589836597,False
230413-E1_Out,1766,9,196.44519889354706,165.5093765631318,False
230413-E1_Out,1767,3,148.0,156.0,False
230413-E1_Out,1767,4,145.66568326950073,153.78341436386108,False
230413-E1_Out,1767,5,144.64455783367157,151.6545991897583,False
230413-E1_Out,1767,6,144.31660252809525,150.76589292287827,False
230413-E1_Out,1767,7,144.19645196199417,149.43377476930618,False
230413-E1_Out,1767,8,144.26126974076033,149.26385298371315,False
230413-E1_Out,1767,9,144.16388493031263,149.27604784816504,False
230413-E1_Out,1767,10,144.27646910399199,149.23150715231895,False
230413-E1_Out,1767,11,144.1027087494731,149.20739092677832,False
230413-E1_Out,1767,12,144.06479423493147,149.19801834225655,False
230413-E1_Out,1768,4,175.0,218.0,True
230413-E1_Out,1769,4,172.0,125.0,True
230413-E2_Out,1770,3,145.0,210.0,False
230413-E2_Out,1770,4,145.3120902776718,211.49441730976105,False
230413-E2_Out,1770,5,145.1966576576233,211.42687759548426,False
230413-E2_Out,1770,6,144.97367250919342,211.3371580839157,False
230413-E2_Out,1770,7,144.85427153110504,211.22206547111273,False
230413-E2_Out,1770,8,144.61770468950272,211.041559509933,False
230413-E2_Out,1770,9,144.3503166437149,210.84730797261,False
230413-E2_Out,1771,3,200.0,212.0,False
230413-E2_Out,1771,4,199.59893998503685,214.13579201698303,False
230413-E2_Out,1771,5,199.26285356283188,213.89553806185722,False
230413-E2_Out,1771,6,199.39406114816666,213.68208628892899,False
230413-E2_Out,1771,7,199.18604063987732,213.63313905149698,False
230413-E2_Out,1771,8,198.78666386008263,213.32601878792048,False
230413-E2_Out,1771,9,198.4409994482994,213.16583583503962,False
230413-E2_Out,1772,3,198.0,200.0,False
230413-E2_Out,1772,4,197.16433811187744,201.18464148044586,False
230413-E2_Out,1772,5,197.1048303693533,201.15645422786474,False
230413-E2_Out,1772,6,197.08225341141224,201.08567029237747,False
230413-E2_Out,1772,7,197.0558728426695,201.00745721906424,False
230413-E2_Out,1772,8,196.72961117327213,200.7576050683856,False
230413-E2_Out,1772,9,195.95439721643925,200.0883658453822,False
230413-E2_Out,1773,3,129.0,134.0,False
230413-E2_Out,1773,4,127.26406872272491,132.3173246383667,False
230413-E2_Out,1773,5,127.0126034617424,132.1768202483654,False
230413-E2_Out,1773,6,126.64092722535133,132.01358371973038,False
230413-E2_Out,1773,7,126.31920146942139,131.5425587296486,False
230413-E2_Out,1773,8,126.16883391141891,131.2662582397461,False
230413-E2_Out,1773,9,125.8113240301609,131.0383513867855,False
230413-E2_Out,1774,3,166.0,193.0,False
230413-E2_Out,1774,4,166.66097283363342,195.62729859352112,False
230413-E2_Out,1774,5,166.64551036059856,195.63867080956697,False
230413-E2_Out,1774,6,166.5403887182474,195.59768615663052,False
230413-E2_Out,1774,7,166.58176801353693,195.5940164104104,False
230413-E2_Out,1774,8,166.3787212446332,195.47982969880104,False
230413-E2_Out,1774,9,166.23205984383821,195.3926102295518,False
230413-E2_Out,1774,10,166.1362798139453,195.32593017816544,False
230413-E2_Out,1774,11,166.10830887407064,195.1954492032528,False
230413-E2_Out,1774,12,165.768491409719,195.0874825939536,False
230413-E2_Out,1775,3,173.0,139.0,False
230413-E2_Out,1775,4,173.1145197302103,137.95645344257355,False
230413-E2_Out,1775,5,172.90493620932102,137.83323743194342,False
230413-E2_Out,1775,6,172.79976792633533,137.65937741845846,False
230413-E2_Out,1775,7,172.65060041844845,137.22805609554052,False
230413-E2_Out,1775,8,172.44625009596348,137.05367290228605,False
230413-E2_Out,1775,9,172.07940255105495,136.8838874027133,False
230413-E2_Out,1775,10,171.85767625272274,136.71964182704687,False
230413-E2_Out,1775,11,171.0873036235571,136.44698514789343,False
230413-E2_Out,1776,3,189.0,181.0,False
230413-E2_Out,1776,4,187.91171503067017,177.70296049118042,False
230413-E2_Out,1776,5,187.7872619330883,177.6255408897996,False
230413-E2_Out,1776,6,187.7445169687271,177.60309414565563,False
230413-E2_Out,1776,7,187.82361440360546,177.6197432205081,False
230413-E2_Out,1777,3,141.0,146.0,False
230413-E2_Out,1777,4,140.20614004135132,143.59320998191833,False
230413-E2_Out,1777,5,139.7925247848034,143.23760783672333,False
230413-E2_Out,1777,6,139.34320080280304,142.9124711751938,False
230413-E2_Out,1777,7,138.77171099185944,141.87372136116028,False
230413-E2_Out,1777,8,138.5078348815441,141.58841294050217,False
230413-E2_Out,1777,9,138.25188812613487,141.360703676939,False
230413-E2_Out,1778,3,153.0,193.0,False
230413-E2_Out,1778,4,152.68541476130486,194.32759654521942,False
230413-E2_Out,1778,5,152.687618881464,194.32532712072134,False
230413-E2_Out,1778,6,152.56998944282532,194.30257365107536,False
230413-E2_Out,1778,7,152.57175090909004,194.313062004745,False
230413-E2_Out,1778,8,152.44293221831322,194.2329234778881,False
230413-E2_Out,1778,9,152.3755016475916,194.1842909231782,False
230413-E2_Out,1779,4,209.0,168.0,True
230413-E2_Out,1780,4,120.0,162.0,True
230413-E4_Out,1781,3,100.0,256.0,False
230413-E4_Out,1781,4,94.23378229141235,253.6542513370514,False
230413-E4_Out,1781,5,94.79623460769653,253.34732258319855,False
230413-E4_Out,1781,6,94.32616379857063,253.32708729803562,False
230413-E4_Out,1781,7,94.06515491008759,252.20553232729435,False
230413-E4_Out,1781,8,94.40451031923294,253.5520790964365,False
230413-E4_Out,1782,3,111.0,215.0,False
230413-E4_Out,1782,4,108.06590151786804,211.36447477340698,False
230413-E4_Out,1782,5,107.6616995036602,210.94731444120407,False
230413-E4_Out,1782,6,108.21562358736992,211.12043239176273,False
230413-E4_Out,1782,7,107.84263271093369,210.14568169414997,False
230413-E4_Out,1782,8,107.17791479825974,208.51541729271412,False
230413-E4_Out,1782,9,107.8161792755127,208.56639270856977,False
230413-E4_Out,1783,3,175.0,242.0,False
230413-E4_Out,1783,4,174.45960021018982,233.39958000183105,False
230413-E4_Out,1783,5,174.62592524290085,233.00984063744545,False
230413-E4_Out,1783,6,174.66826112568378,232.45402577519417,False
230413-E4_Out,1783,7,174.5762336999178,232.08459451794624,False
230413-E4_Out,1783,8,174.60855977237225,231.83456432819366,False
230413-E4_Out,1784,3,124.0,241.0,False
230413-E4_Out,1784,4,116.7480149269104,236.11348295211792,False
230413-E4_Out,1784,5,115.57900977134705,235.30051809549332,False
230413-E4_Out,1784,6,115.69636631011963,235.15542241930962,False
230413-E4_Out,1784,7,115.94223016500473,233.45878240466118,False
230413-E4_Out,1784,8,116.92939192056656,236.154977530241,False
230413-E4_Out,1784,9,117.08495396375656,236.87348899245262,False
230413-E4_Out,1784,10,116.10801142454147,236.25879886746407,False
230413-E4_Out,1785,3,124.0,225.0,False
230413-E4_Out,1785,4,116.50767803192139,219.25071144104004,False
230413-E4_Out,1785,5,115.412144780159,218.08588993549347,False
230413-E4_Out,1785,6,116.43263912200928,218.70691299438477,False
230413-E4_Out,1785,7,116.10133221745491,216.80340719223022,False
230413-E4_Out,1785,8,119.84258630871773,215.18302357196808,False
230413-E4_Out,1786,3,174.0,259.0,False
230413-E4_Out,1786,4,176.58888745307922,252.65823554992676,False
230413-E4_Out,1786,5,176.6505961716175,252.66129418462515,False
230413-E4_Out,1786,6,176.51747155189514,252.67579020559788,False
230413-E4_Out,1786,7,176.52562391757965,252.68764413148165,False
230413-E4_Out,1786,8,176.4810374379158,252.65521121025085,False
230413-E4_Out,1786,9,176.47542943060398,252.63901359587908,False
230413-E4_Out,1787,3,190.0,255.0,False
230413-E4_Out,1787,4,204.39852333068848,253.56337797641754,False
230413-E4_Out,1787,5,204.595624178648,252.8181784749031,False
230413-E4_Out,1787,6,205.11263605952263,252.96612352132797,False
230413-E4_Out,1787,7,205.43276771903038,252.92646702378988,False
230413-E4_Out,1787,8,206.0283723771572,251.59720846265554,False
230413-E4_Out,1788,4,137.0,288.0,True
230413-E4_Out,1789,4,140.0,196.0,True
230417-E11_Out,1790,3,244.0,234.0,False
230417-E11_Out,1790,4,234.2959499359131,221.20068550109863,False
230417-E11_Out,1790,5,234.8708597421646,219.58618819713593,False
230417-E11_Out,1790,6,233.05649292469025,218.2796037197113,False
230417-E11_Out,1790,7,232.6302423775196,219.21062725782394,False
230417-E11_Out,1790,8,232.38998293876648,218.58641254901886,False
230417-E11_Out,1791,3,184.0,225.0,False
230417-E11_Out,1791,4,182.9059864282608,228.12823724746704,False
230417-E11_Out,1791,5,184.1274470090866,227.2720092535019,False
230417-E11_Out,1791,6,184.11928586661816,227.74556490778923,False
230417-E11_Out,1791,7,183.45209042727947,227.88446500897408,False
230417-E11_Out,1791,8,182.09134249389172,227.5335477590561,False
230417-E11_Out,1792,3,206.0,214.0,False
230417-E11_Out,1792,4,208.54808902740479,213.06188291311264,False
230417-E11_Out,1792,5,208.02482163906097,212.0613196492195,False
230417-E11_Out,1792,6,206.7414869070053,211.30310547351837,False
230417-E11_Out,1792,7,206.26494416594505,212.67335283756256,False
230417-E11_Out,1793,3,241.0,254.0,False
230417-E11_Out,1793,4,231.4622097015381,245.57913494110107,False
230417-E11_Out,1793,5,230.1427720785141,244.07233953475952,False
230417-E11_Out,1793,6,229.0000081062317,243.71798041462898,False
230417-E11_Out,1793,7,228.01435315608978,243.495909512043,False
230417-E11_Out,1793,8,227.4157773256302,242.05047339200974,False
230417-E11_Out,1793,9,227.5151917412877,242.1090994104743,False
230417-E11_Out,1794,3,207.0,196.0,False
230417-E11_Out,1794,4,206.4151268005371,194.11974787712097,False
230417-E11_Out,1794,5,205.77862656116486,193.51059490442276,False
230417-E11_Out,1794,6,205.00486421585083,193.3330164551735,False
230417-E11_Out,1794,7,205.3541880249977,193.48280102014542,False
230417-E11_Out,1794,8,203.88473576307297,192.4905754327774,False
230417-E11_Out,1795,3,224.0,264.0,False
230417-E11_Out,1795,4,206.44436264038086,253.58827686309814,False
230417-E11_Out,1795,5,206.11786621809006,252.7658030986786,False
230417-E11_Out,1795,6,206.02179092168808,252.7629692479968,False
230417-E11_Out,1795,7,205.62348333001137,252.27587269991636,False
230417-E11_Out,1795,8,205.80325791239738,252.34936296194792,False
230417-E11_Out,1795,9,206.2944929599762,252.45246905833483,False
230417-E11_Out,1796,4,184.0,279.0,True
230417-E11_Out,1797,4,230.0,197.0,True
230417-E1_Out,1798,3,195.0,315.0,False
230417-E1_Out,1798,4,187.3224024772644,305.1280879974365,False
230417-E1_Out,1798,5,186.7851642370224,304.97957918047905,False
230417-E1_Out,1798,6,187.1396096944809,305.2197812497616,False
230417-E1_Out,1798,7,187.29593747854233,305.32287280261517,False
230417-E1_Out,1799,3,234.0,270.0,False
230417-E1_Out,1799,4,236.0223264694214,266.1832869052887,False
230417-E1_Out,1799,5,235.79497846961021,265.4995687007904,False
230417-E1_Out,1799,6,236.26018244028091,265.33706149458885,False
230417-E1_Out,1799,7,236.99360102415085,266.8080208003521,False
230417-E1_Out,1799,8,237.5071331858635,267.3141225874424,False
230417-E1_Out,1799,9,237.80202198028564,267.24308241158724,False
230417-E1_Out,1800,3,175.0,286.0,False
230417-E1_Out,1800,4,171.30792760849,281.22035694122314,False
230417-E1_Out,1800,5,171.08784067630768,281.1101400926709,False
230417-E1_Out,1800,6,171.93068897724152,281.6005166247487,False
230417-E1_Out,1800,7,171.86151710152626,281.6350254788995,False
230417-E1_Out,1800,8,171.2932703793049,281.43047568947077,False
230417-E1_Out,1801,3,208.0,305.0,False
230417-E1_Out,1801,4,202.9491481781006,291.3559913635254,False
230417-E1_Out,1801,5,202.49765500426292,290.67102694511414,False
230417-E1_Out,1801,6,202.57739413529634,291.274955034256,False
230417-E1_Out,1801,7,202.7739288583398,291.95001620054245,False
230417-E1_Out,1801,8,202.0070785060525,291.47823655605316,False
230417-E1_Out,1801,9,201.44613967090845,291.53695625439286,False
230417-E1_Out,1801,10,201.21729952841997,291.9496018625796,False
230417-E1_Out,1802,3,217.0,274.0,False
230417-E1_Out,1802,4,217.57501459121704,269.29742336273193,False
230417-E1_Out,1802,5,217.22262713313103,268.6257160305977,False
230417-E1_Out,1802,6,217.83422967791557,268.9079101085663,False
230417-E1_Out,1802,7,217.99178598821163,269.4129489660263,False
230417-E1_Out,1803,3,210.0,245.0,False
230417-E1_Out,1803,4,210.95464265346527,242.7793779373169,False
230417-E1_Out,1803,5,210.1092779636383,242.24613732099533,False
230417-E1_Out,1803,6,211.13785636425018,242.9262363910675,False
230417-E1_Out,1803,7,210.7524611055851,243.0147617161274,False
230417-E1_Out,1803,8,210.2821420431137,243.80234584212303,False
230417-E1_Out,1804,3,205.0,260.0,False
230417-E1_Out,1804,4,205.41591012477875,257.130578994751,False
230417-E1_Out,1804,5,204.7023743391037,256.49285674095154,False
230417-E1_Out,1804,6,205.55017697811127,257.3931602835655,False
230417-E1_Out,1804,7,205.14251247048378,257.257056415081,False
230417-E1_Out,1804,8,204.64900636672974,257.5507723391056,False
230417-E1_Out,1804,9,204.07454419136047,257.2506049275398,False
230417-E1_Out,1805,3,234.0,249.0,False
230417-E1_Out,1805,4,234.7167602777481,246.3626835346222,False
230417-E1_Out,1805,5,234.1620227098465,246.13828605413437,False
230417-E1_Out,1805,6,234.4517695903778,246.27599453926086,False
230417-E1_Out,1805,7,234.542391076684,246.40543122589588,False
230417-E1_Out,1805,8,234.64572216570377,246.77154879271984,False
230417-E1_Out,1805,9,234.33927430212498,246.9086589962244,False
230417-E1_Out,1806,3,187.0,294.0,False
230417-E1_Out,1806,4,181.24704599380493,283.088415145874,False
230417-E1_Out,1806,5,180.73494863510132,282.8195340037346,False
230417-E1_Out,1806,6,181.60342705249786,283.22798907756805,False
230417-E1_Out,1806,7,181.5674038529396,283.5951602458954,False
230417-E1_Out,1806,8,181.05350869894028,283.3457552790642,False
230417-E1_Out,1807,4,167.0,259.0,True
230417-E1_Out,1808,4,242.0,311.0,True
230417-E2_Out,1809,3,267.0,225.0,False
230417-E2_Out,1809,4,261.0445475578308,220.78581714630127,False
230417-E2_Out,1809,5,259.9929767847061,219.71372485160828,False
230417-E2_Out,1809,6,260.4412235915661,218.24602258205414,False
230417-E2_Out,1809,7,261.3405323922634,218.35425694286823,False
230417-E2_Out,1809,8,261.450190089643,217.42289592325687,False
230417-E2_Out,1809,9,262.3337656483054,216.11066187918186,False
230417-E2_Out,1809,10,261.79045405238867,213.31201852858067,False
230417-E2_Out,1810,3,289.0,245.0,False
230417-E2_Out,1810,4,287.14202523231506,251.12989282608032,False
230417-E2_Out,1810,5,286.57536375522614,251.42536637187004,False
230417-E2_Out,1810,6,286.63875591009855,251.49551086872816,False
230417-E2_Out,1810,7,286.6609250828624,251.41850021481514,False
230417-E2_Out,1810,8,286.60846976190805,251.38069286197424,False
230417-E2_Out,1810,9,286.6479697301984,251.2908704727888,False
230417-E2_Out,1810,10,286.709155857563,250.94312717020512,False
230417-E2_Out,1810,11,286.6760899424553,250.85728541761637,False
230417-E2_Out,1811,3,296.0,162.0,False
230417-E2_Out,1811,4,296.9391762018204,160.28423416614532,False
230417-E2_Out,1811,5,296.7199623286724,158.87211000919342,False
230417-E2_Out,1811,6,297.1698237657547,157.9788554906845,False
230417-E2_Out,1811,7,297.0137585103512,156.78233242034912,False
230417-E2_Out,1811,8,297.29309114813805,157.2015653848648,False
230417-E2_Out,1811,9,297.4325461387634,156.97837480902672,False
230417-E2_Out,1812,3,315.0,204.0,False
230417-E2_Out,1812,4,316.24166774749756,193.8403491973877,False
230417-E2_Out,1812,5,316.26807500422,192.32705128192902,False
230417-E2_Out,1812,6,316.7567285746336,191.62641787528992,False
230417-E2_Out,1812,7,316.5261334627867,192.09844729304314,False
230417-E2_Out,1812,8,316.2106612175703,191.8477764427662,False
230417-E2_Out,1812,9,315.45721416175365,191.6657232940197,False
230417-E2_Out,1812,10,315.2488983720541,191.43858790397644,False
230417-E2_Out,1813,3,341.0,176.0,False
230417-E2_Out,1813,4,345.389817237854,163.7443027496338,False
230417-E2_Out,1813,5,345.2108163237572,160.56523180007935,False
230417-E2_Out,1813,6,345.89934581518173,157.68398785591125,False
230417-E2_Out,1813,7,346.4678699374199,156.46977519989014,False
230417-E2_Out,1813,8,343.7224311232567,155.97034186124802,False
230417-E2_Out,1813,9,342.9437001347542,154.07836133241653,False
230417-E2_Out,1813,10,341.3310344815254,153.30594658851624,False
230417-E2_Out,1813,11,341.3600744307041,153.4516005963087,False
230417-E2_Out,1814,3,320.0,179.0,False
230417-E2_Out,1814,4,321.08566761016846,172.97867965698242,False
230417-E2_Out,1814,5,320.7459629178047,170.44281792640686,False
230417-E2_Out,1814,6,321.9055624604225,168.83623552322388,False
230417-E2_Out,1814,7,322.0235426276922,168.3912309408188,False
230417-E2_Out,1814,8,321.4989200681448,168.11795243620872,False
230417-E2_Out,1815,3,254.0,244.0,False
230417-E2_Out,1815,4,251.55121421813965,250.19753074645996,False
230417-E2_Out,1815,5,251.55100467801094,249.0225031375885,False
230417-E2_Out,1815,6,251.67805403470993,247.87771201133728,False
230417-E2_Out,1815,7,251.8313611149788,246.89690870046616,False
230417-E2_Out,1815,8,252.37641257047653,246.60315948724747,False
230417-E2_Out,1816,3,306.0,175.0,False
230417-E2_Out,1816,4,305.4251346588135,171.48321509361267,False
230417-E2_Out,1816,5,305.32823607325554,169.95051431655884,False
230417-E2_Out,1816,6,305.5378377735615,168.90367555618286,False
230417-E2_Out,1816,7,306.00108885765076,168.57007858157158,False
230417-E2_Out,1816,8,305.8596895337105,168.40975815057755,False
230417-E2_Out,1816,9,305.5983493924141,168.13638815283775,False
230417-E2_Out,1817,3,277.0,257.0,False
230417-E2_Out,1817,4,275.96235287189484,264.23148012161255,False
230417-E2_Out,1817,5,275.092737197876,262.3081352710724,False
230417-E2_Out,1817,6,275.64395809173584,261.78541630506516,False
230417-E2_Out,1817,7,276.3648781776428,260.7113305926323,False
230417-E2_Out,1817,8,276.1697398722172,260.05931878089905,False
230417-E2_Out,1817,9,277.00187876820564,258.9275337457657,False
230417-E2_Out,1818,4,244.0,189.0,True
230417-E2_Out,1819,4,323.0,239.0,True
230417-E3_Out,1820,3,254.0,241.0,False
230417-E3_Out,1820,4,251.26479768753052,242.1797366142273,False
230417-E3_Out,1820,5,251.4747415035963,242.7141329050064,False
230417-E3_Out,1820,6,251.43790140748024,242.7199725434184,False
230417-E3_Out,1820,7,251.4505828768015,242.71802808344364,False
230417-E3_Out,1820,8,251.43741638958454,242.73369617015123,False
230417-E3_Out,1820,9,251.47985542565584,242.75933596491814,False
230417-E3_Out,1820,10,251.4671042189002,242.73402031511068,False
230417-E3_Out,1821,3,287.0,166.0,False
230417-E3_Out,1821,4,286.97186490893364,165.82142180204391,False
230417-E3_Out,1821,5,287.19695341587067,165.4145922958851,False
230417-E3_Out,1821,6,287.19503954052925,165.4499927535653,False
230417-E3_Out,1821,7,287.0762024819851,165.44434961676598,False
230417-E3_Out,1821,8,287.0658300817013,165.43649236112833,False
230417-E3_Out,1821,9,287.05401189625263,165.45363545417786,False
230417-E3_Out,1821,10,287.04909828305244,165.46487622708082,False
230417-E3_Out,1822,3,262.0,181.0,False
230417-E3_Out,1822,4,261.89042407274246,180.3926477432251,False
230417-E3_Out,1822,5,261.9960817694664,180.06640714406967,False
230417-E3_Out,1822,6,262.00211051106453,180.07978197187185,False
230417-E3_Out,1822,7,262.0112315714359,180.12397235631943,False
230417-E3_Out,1822,8,261.99879316985607,180.11409866064787,False
230417-E3_Out,1823,3,247.0,220.0,False
230417-E3_Out,1823,4,245.32542717456818,219.27192384004593,False
230417-E3_Out,1823,5,245.35893297940493,219.62069737911224,False
230417-E3_Out,1823,6,245.3061256930232,219.61197828501463,False
230417-E3_Out,1823,7,245.3429736495018,219.64353741705418,False
230417-E3_Out,1823,8,245.3234395235777,219.63371486216784,False
230417-E3_Out,1823,9,245.3402429819107,219.66527789831161,False
230417-E3_Out,1823,10,245.31980994343758,219.64985727518797,False
230417-E3_Out,1824,3,232.0,219.0,False
230417-E3_Out,1824,4,231.25954401493073,218.734982162714,False
230417-E3_Out,1824,5,231.6512491106987,219.1465882062912,False
230417-E3_Out,1824,6,231.57314521074295,219.13299521058798,False
230417-E3_Out,1824,7,231.63836278021336,219.17751415073872,False
230417-E3_Out,1824,8,231.6332707554102,219.19655901938677,False
230417-E3_Out,1824,9,231.67973167449236,219.22788190841675,False
230417-E3_Out,1824,10,231.64994833618402,219.23438873142004,False
230417-E3_Out,1825,3,272.0,208.0,False
230417-E3_Out,1825,4,271.21764063835144,205.72308945655823,False
230417-E3_Out,1825,5,271.0149450004101,205.4112773835659,False
230417-E3_Out,1825,6,270.8632852733135,205.5264836475253,False
230417-E3_Out,1825,7,270.8796677440405,205.67352222651243,False
230417-E3_Out,1825,8,270.9799678251147,205.77038100361824,False
230417-E3_Out,1825,9,270.72668804973364,205.9292189180851,False
230417-E3_Out,1825,10,270.4568473622203,205.67724898457527,False
230417-E3_Out,1826,3,242.0,270.0,False
230417-E3_Out,1826,4,241.65899494290352,269.9161982908845,False
230417-E3_Out,1826,5,243.24451985955238,270.43645004183054,False
230417-E3_Out,1826,6,243.1911793500185,270.81371457129717,False
230417-E3_Out,1826,7,243.33411960303783,270.77769017219543,False
230417-E3_Out,1826,8,244.11502711474895,270.56947126984596,False
230417-E3_Out,1826,9,245.61170022189617,270.7465210855007,False
230417-E3_Out,1827,3,246.0,174.0,False
230417-E3_Out,1827,4,245.46195566654205,173.32857584953308,False
230417-E3_Out,1827,5,246.45869421958923,174.16266119480133,False
230417-E3_Out,1827,6,246.23647546768188,174.16892779618502,False
230417-E3_Out,1827,7,246.32664335519075,174.211674913764,False
230417-E3_Out,1828,4,211.0,191.0,True
230417-E3_Out,1829,4,287.0,235.0,True
230417-E4_Out,1830,3,184.0,233.0,False
230417-E4_Out,1830,4,184.1228068768978,230.2235984802246,False
230417-E4_Out,1830,5,183.8078992664814,228.82694387435913,False
230417-E4_Out,1830,6,183.9615003168583,228.84913685172796,False
230417-E4_Out,1830,7,184.93085005879402,227.99200519174337,False
230417-E4_Out,1830,8,184.88397923111916,226.78750952333212,False
230417-E4_Out,1830,9,185.4116983115673,226.91209612041712,False
230417-E4_Out,1830,10,185.4577173665166,226.5116040185094,False
230417-E4_Out,1831,3,197.0,218.0,False
230417-E4_Out,1831,4,196.87333792448044,215.0411365032196,False
230417-E4_Out,1831,5,196.59858107566833,213.19715249538422,False
230417-E4_Out,1831,6,197.91111707687378,214.33218824863434,False
230417-E4_Out,1831,7,198.5108814239502,213.54769772291183,False
230417-E4_Out,1831,8,199.05028891563416,212.92637395858765,False
230417-E4_Out,1831,9,200.0559151172638,213.45966756343842,False
230417-E4_Out,1831,10,200.546610891819,212.8950079679489,False
230417-E4_Out,1832,3,210.0,229.0,False
230417-E4_Out,1832,4,210.39150017499924,220.0392370223999,False
230417-E4_Out,1832,5,209.83354097604752,217.8010196685791,False
230417-E4_Out,1832,6,210.49912494421005,217.07955920696259,False
230417-E4_Out,1832,7,211.3049160838127,215.80926156044006,False
230417-E4_Out,1832,8,211.70638006925583,214.67149698734283,False
230417-E4_Out,1832,9,212.75126034021378,214.60070752352476,False
230417-E4_Out,1833,3,207.0,301.0,False
230417-E4_Out,1833,4,212.24523973464966,306.7085905075073,False
230417-E4_Out,1833,5,211.85422816872597,306.9321030676365,False
230417-E4_Out,1833,6,211.72369703650475,306.79109755158424,False
230417-E4_Out,1833,7,211.62904362380505,306.69563906639814,False
230417-E4_Out,1833,8,211.5968227982521,306.67539216578007,False
230417-E4_Out,1833,9,211.47714033722878,306.6122591868043,False
230417-E4_Out,1833,10,211.34946900606155,306.49240669608116,False
230417-E4_Out,1833,11,211.2794325053692,306.4842475876212,False
230417-E4_Out,1834,3,165.0,270.0,False
230417-E4_Out,1834,4,156.47475337982178,258.9912109375,False
230417-E4_Out,1834,5,156.94068589806557,258.2575333118439,False
230417-E4_Out,1834,6,156.93585914373398,257.8045788407326,False
230417-E4_Out,1834,7,158.53230315446854,258.3201180100441,False
230417-E4_Out,1834,8,157.82025116682053,257.7535316348076,False
230417-E4_Out,1834,9,158.8077068924904,257.047668159008,False
230417-E4_Out,1834,10,159.76877111196518,256.63429909944534,False
230417-E4_Out,1835,3,184.0,288.0,False
230417-E4_Out,1835,4,177.46402072906494,284.5737645626068,False
230417-E4_Out,1835,5,177.22133094072342,284.58762664347887,False
230417-E4_Out,1835,6,177.13583071529865,284.5076049864292,False
230417-E4_Out,1835,7,177.1064368635416,284.4650520607829,False
230417-E4_Out,1835,8,177.00795190036297,284.4777278006077,False
230417-E4_Out,1835,9,177.01013465225697,284.43993432074785,False
230417-E4_Out,1835,10,177.03355732560158,284.3820081502199,False
230417-E4_Out,1836,4,226.0,274.0,True
230417-E4_Out,1837,4,155.0,236.0,True
230417-E9_Out,1838,3,310.0,285.0,False
230417-E9_Out,1838,4,309.9878977686167,284.6927190423012,False
230417-E9_Out,1838,5,309.0897957235575,284.8193411231041,False
230417-E9_Out,1838,6,309.04524563252926,284.79225581139326,False
230417-E9_Out,1838,7,309.08969286829233,284.7532352358103,False
230417-E9_Out,1838,8,308.9709390774369,284.7839757874608,False
230417-E9_Out,1839,3,282.0,300.0,False
230417-E9_Out,1839,4,282.0511080548167,299.77352729439735,False
230417-E9_Out,1839,5,281.73847975581884,299.845128916204,False
230417-E9_Out,1839,6,281.7265075221658,299.9227046817541,False
230417-E9_Out,1839,7,281.83029691129923,299.9774646535516,False
230417-E9_Out,1839,8,281.8028208091855,299.98671382665634,False
230417-E9_Out,1839,9,281.90154100209475,300.03393786400557,False
230417-E9_Out,1840,3,298.0,302.0,False
230417-E9_Out,1840,4,297.85534489154816,301.69238567352295,False
230417-E9_Out,1840,5,297.9942409545183,302.12843891978264,False
230417-E9_Out,1840,6,297.96722833812237,302.1825501844287,False
230417-E9_Out,1840,7,298.1033643037081,302.21300657093525,False
230417-E9_Out,1840,8,297.97300846874714,302.2409857586026,False
230417-E9_Out,1840,9,298.0872592329979,302.2809969484806,False
230417-E9_Out,1840,10,298.0639123618603,302.29678892344236,False
230417-E9_Out,1841,3,334.0,314.0,False
230417-E9_Out,1841,4,328.6051092147827,308.69764518737793,False
230417-E9_Out,1841,5,329.2303621172905,309.68763184547424,False
230417-E9_Out,1841,6,330.53123956918716,311.83165168762207,False
230417-E9_Out,1841,7,330.5490643531084,312.94464910030365,False
230417-E9_Out,1841,8,331.5823589116335,314.3821132183075,False
230417-E9_Out,1842,3,349.0,310.0,False
230417-E9_Out,1842,4,346.148366689682,304.87112617492676,False
230417-E9_Out,1842,5,346.3979252874851,305.3764601945877,False
230417-E9_Out,1842,6,346.83634093403816,305.81640088558197,False
230417-E9_Out,1842,7,346.9074525460601,306.1792302727699,False
230417-E9_Out,1842,8,346.90980131179094,306.36399084329605,False
230417-E9_Out,1842,9,347.0334079787135,306.43019127100706,False
230417-E9_Out,1843,3,338.0,292.0,False
230417-E9_Out,1843,4,337.66824728250504,290.81022465229034,False
230417-E9_Out,1843,5,338.14005675911903,291.8107091188431,False
230417-E9_Out,1843,6,338.0689489543438,292.03079134225845,False
230417-E9_Out,1843,7,337.61936539411545,291.77531319856644,False
230417-E9_Out,1843,8,337.62178459763527,291.83573078364134,False
230417-E9_Out,1844,4,287.0,348.0,True
230417-E9_Out,1845,4,331.0,267.0,True
230429-E10_Out,1846,3,201.0,183.0,False
230429-E10_Out,1846,4,199.71231770515442,176.99003076553345,False
230429-E10_Out,1846,5,199.52289700508118,176.9686200544238,False
230429-E10_Out,1846,6,199.47117260098457,177.04359270632267,False
230429-E10_Out,1846,7,198.71059015393257,176.95238030701876,False
230429-E10_Out,1846,8,198.82718575000763,177.0550072491169,False
230429-E10_Out,1846,9,198.85691495239735,177.12947832792997,False
230429-E10_Out,1847,3,134.0,124.0,False
230429-E10_Out,1847,4,131.89265131950378,121.2192177772522,False
230429-E10_Out,1847,5,131.916922301054,119.913778424263,False
230429-E10_Out,1847,6,132.1793336570263,119.26550525426865,False
230429-E10_Out,1847,7,133.70651027560234,121.35123461484909,False
230429-E10_Out,1847,8,133.98598542809486,120.3542149066925,False
230429-E10_Out,1847,9,135.2797911465168,119.83801048994064,False
230429-E10_Out,1847,10,137.22155538201332,120.88925570249557,False
230429-E10_Out,1847,11,138.72773745656013,118.85323756933212,False
230429-E10_Out,1848,3,202.0,175.0,False
230429-E10_Out,1848,4,196.99592971801758,168.0774507522583,False
230429-E10_Out,1848,5,196.7800613641739,168.01565941423178,False
230429-E10_Out,1848,6,196.72143672406673,168.03759847581387,False
230429-E10_Out,1848,7,196.27993287146091,168.12031320482492,False
230429-E10_Out,1848,8,195.95670153200626,168.13233932852745,False
230429-E10_Out,1849,3,205.0,160.0,False
230429-E10_Out,1849,4,199.3267970085144,152.25170755386353,False
230429-E10_Out,1849,5,199.0854721069336,151.94506672024727,False
230429-E10_Out,1849,6,198.76791521906853,151.79748678207397,False
230429-E10_Out,1849,7,197.6117784678936,151.17930006980896,False
230429-E10_Out,1849,8,197.61166325211525,151.25993082672358,False
230429-E10_Out,1849,9,197.56926016509533,151.3709812015295,False
230429-E10_Out,1849,10,197.41525794565678,151.52043126523495,False
230429-E10_Out,1849,11,196.4608583599329,151.7225240021944,False
230429-E10_Out,1850,3,174.0,100.0,False
230429-E10_Out,1850,4,170.692533493042,96.37986063957214,False
230429-E10_Out,1850,5,170.83180117607117,94.86106276512146,False
230429-E10_Out,1850,6,170.62131723761559,94.09216040372849,False
230429-E10_Out,1850,7,173.92353138327599,95.19372767210007,False
230429-E10_Out,1850,8,173.82621371746063,93.66850823163986,False
230429-E10_Out,1850,9,176.20524609088898,93.71468318998814,False
230429-E10_Out,1850,10,178.6224743127823,93.43535308539867,False
230429-E10_Out,1850,11,176.94919276237488,91.66205708682537,False
230429-E10_Out,1851,3,157.0,141.0,False
230429-E10_Out,1851,4,151.2915244102478,132.62529850006104,False
230429-E10_Out,1851,5,149.43382167816162,129.83906173706055,False
230429-E10_Out,1851,6,147.32739758491516,127.88663530349731,False
230429-E10_Out,1851,7,149.56850171089172,128.22083348035812,False
230429-E10_Out,1851,8,149.086982101202,125.8638042807579,False
230429-E10_Out,1851,9,151.6156960427761,125.34551483392715,False
230429-E10_Out,1852,3,175.0,105.0,False
230429-E10_Out,1852,4,172.80211758613586,102.63938760757446,False
230429-E10_Out,1852,5,172.45539075136185,101.54830646514893,False
230429-E10_Out,1852,6,172.21952632069588,100.65140402317047,False
230429-E10_Out,1852,7,173.31663146615028,101.94216418266296,False
230429-E10_Out,1852,8,173.12472102046013,101.08021748065948,False
230429-E10_Out,1852,9,174.03027567267418,100.68884772062302,False
230429-E10_Out,1852,10,175.23926410079002,100.45748314261436,False
230429-E10_Out,1853,3,185.0,172.0,False
230429-E10_Out,1853,4,175.08216190338135,160.66642093658447,False
230429-E10_Out,1853,5,172.92396330833435,159.3459633588791,False
230429-E10_Out,1853,6,170.54759454727173,158.0124567747116,False
230429-E10_Out,1853,7,168.05349779129028,156.50911509990692,False
230429-E10_Out,1853,8,167.64961531758308,154.6362283229828,False
230429-E10_Out,1853,9,170.22166016697884,155.34352385997772,False
230429-E10_Out,1853,10,171.48052087426186,155.18317678570747,False
230429-E10_Out,1853,11,171.53011879324913,154.26782771945,False
230429-E10_Out,1854,4,152.0,177.0,True
230429-E11_Out,1856,3,240.0,153.0,False
230429-E11_Out,1856,4,236.67012190818787,138.88777446746826,False
230429-E11_Out,1856,5,237.40387654304504,136.1040644645691,False
230429-E11_Out,1856,6,237.3671261817217,134.10049653053284,False
230429-E11_Out,1856,7,237.00122456252575,131.77342414855957,False
230429-E11_Out,1856,8,237.63552705943584,129.51454281806946,False
230429-E11_Out,1856,9,238.68102161586285,127.72586858272552,False
230429-E11_Out,1856,10,239.6472075432539,125.67345130443573,False
230429-E11_Out,1857,3,208.0,197.0,False
230429-E11_Out,1857,4,205.09238123893738,201.74215126037598,False
230429-E11_Out,1857,5,205.9781095981598,203.1244456768036,False
230429-E11_Out,1857,6,205.9313827008009,202.75292286276817,False
230429-E11_Out,1857,7,206.31255762279034,203.42815771698952,False
230429-E11_Out,1857,8,206.92996387183666,203.55733463168144,False
230429-E11_Out,1857,9,207.67179815471172,204.07104495167732,False
230429-E11_Out,1857,10,208.45119421184063,203.59925970435143,False
230429-E11_Out,1858,3,194.0,163.0,False
230429-E11_Out,1858,4,191.0343999862671,160.3291416168213,False
230429-E11_Out,1858,5,194.83184480667114,160.45192494243383,False
230429-E11_Out,1858,6,194.7056389451027,159.70603539794683,False
230429-E11_Out,1858,7,195.73015695810318,159.33585508912802,False
230429-E11_Out,1858,8,196.88260942697525,159.21713411808014,False
230429-E11_Out,1858,9,196.81955467164516,158.1189534664154,False
230429-E11_Out,1859,3,211.0,128.0,False
230429-E11_Out,1859,4,208.32468605041504,123.27608442306519,False
230429-E11_Out,1859,5,209.1112734079361,122.12008893489838,False
230429-E11_Out,1859,6,209.3156303614378,121.31754398345947,False
230429-E11_Out,1859,7,208.9711925536394,120.42780983448029,False
230429-E11_Out,1859,8,209.06640737503767,119.94504708051682,False
230429-E11_Out,1859,9,208.97345177084208,119.4226940870285,False
230429-E11_Out,1860,3,224.0,183.0,False
230429-E11_Out,1860,4,220.60732507705688,189.00650119781494,False
230429-E11_Out,1860,5,221.6965811252594,190.8156967163086,False
230429-E11_Out,1860,6,221.35021203756332,191.68465024232864,False
230429-E11_Out,1860,7,221.6431087255478,192.0232556462288,False
230429-E11_Out,1860,8,221.5408974289894,192.24970117211342,False
230429-E11_Out,1860,9,221.87366044521332,192.71034720540047,False
230429-E11_Out,1860,10,221.81049197912216,192.76131505519152,False
230429-E11_Out,1862,4,258.0,189.0,True
230429-E2_Out,1863,3,195.0,272.0,False
230429-E2_Out,1863,4,192.2339768409729,268.1141812801361,False
230429-E2_Out,1863,5,191.7540389597416,267.4153821468353,False
230429-E2_Out,1863,6,191.5998871922493,266.95263534784317,False
230429-E2_Out,1863,7,191.55795061588287,266.7595470249653,False
230429-E2_Out,1863,8,191.5801546573639,266.1816227734089,False
230429-E2_Out,1863,9,191.51990409195423,265.768559217453,False
230429-E2_Out,1864,3,213.0,281.0,False
230429-E2_Out,1864,4,203.65904808044434,264.92760848999023,False
230429-E2_Out,1864,5,202.6844289302826,264.14632350206375,False
230429-E2_Out,1864,6,202.7397030889988,263.4002574682236,False
230429-E2_Out,1864,7,202.47261476516724,263.0970036685467,False
230429-E2_Out,1864,8,202.28477609157562,262.5459096133709,False
230429-E2_Out,1864,9,202.28941422700882,261.88008365035057,False
230429-E2_Out,1864,10,202.60887023806572,261.6276449561119,False
230429-E2_Out,1865,3,201.0,285.0,False
230429-E2_Out,1865,4,191.06971645355225,275.0708246231079,False
230429-E2_Out,1865,5,190.91319862008095,274.51018381118774,False
230429-E2_Out,1865,6,190.76033627986908,273.9315156340599,False
230429-E2_Out,1865,7,190.3919852077961,273.3530490398407,False
230429-E2_Out,1865,8,190.637988910079,272.59518426656723,False
230429-E2_Out,1866,3,216.0,245.0,False
230429-E2_Out,1866,4,214.86099672317505,242.69812154769897,False
230429-E2_Out,1866,5,213.72563004493713,241.64264857769012,False
230429-E2_Out,1866,6,213.5183761715889,240.37798535823822,False
230429-E2_Out,1866,7,213.45861965417862,239.61396330595016,False
230429-E2_Out,1866,8,213.31449204683304,239.7232619151473,False
230429-E2_Out,1868,3,238.0,280.0,False
230429-E2_Out,1868,4,238.74293422698975,269.76434326171875,False
230429-E2_Out,1868,5,237.53584480285645,267.7276494503021,False
230429-E2_Out,1868,6,237.2111256122589,264.91061091423035,False
230429-E2_Out,1868,7,236.76903626322746,263.32027196884155,False
230429-E2_Out,1868,8,236.5591135919094,263.00188732147217,False
230429-E2_Out,1869,3,236.0,254.0,False
230429-E2_Out,1869,4,235.8274683058262,249.21719121932983,False
230429-E2_Out,1869,5,234.97338584065437,247.88718032836914,False
230429-E2_Out,1869,6,234.4034186899662,246.32242906093597,False
230429-E2_Out,1869,7,234.1292982697487,245.39665108919144,False
230429-E2_Out,1869,8,233.8808511197567,245.10906758904457,False
230429-E2_Out,1869,9,233.641379237175,243.65885272622108,False
230429-E2_Out,1870,4,267.0,272.0,True
230429-E2_Out,1871,4,177.0,247.0,True
230429-E3_Out,1872,3,303.0,154.0,False
230429-E3_Out,1872,4,302.42363810539246,152.58940994739532,False
230429-E3_Out,1872,5,302.497719861567,152.42019593715668,False
230429-E3_Out,1872,6,302.53368140012026,152.44098379462957,False
230429-E3_Out,1872,7,302.54958906024694,152.46187369525433,False
230429-E3_Out,1872,8,302.45606879144907,152.37229185551405,False
230429-E3_Out,1872,9,302.377056337893,152.32354886829853,False
230429-E3_Out,1872,10,302.2483220472932,152.20014014095068,False
230429-E3_Out,1873,3,277.0,198.0,False
230429-E3_Out,1873,4,276.506120711565,198.68022906780243,False
230429-E3_Out,1873,5,276.43208488821983,198.64665570110083,False
230429-E3_Out,1873,6,276.42019364237785,198.64452432096004,False
230429-E3_Out,1873,7,276.3689803481102,198.61151883751154,False
230429-E3_Out,1873,8,276.33006532490253,198.59279444813728,False
230429-E3_Out,1873,9,276.3237815350294,198.58156432956457,False
230429-E3_Out,1873,10,276.32107415795326,198.5972453802824,False
230429-E3_Out,1873,11,276.3045280277729,198.55184993892908,False
230429-E3_Out,1873,12,276.2654063552618,198.53479516506195,False
230429-E3_Out,1874,3,262.0,224.0,False
230429-E3_Out,1874,4,261.8395825326443,224.14628806710243,False
230429-E3_Out,1874,5,261.8474364131689,224.21881403774023,False
230429-E3_Out,1874,6,261.81061874330044,224.2249177545309,False
230429-E3_Out,1874,7,261.7777452915907,224.2566835358739,False
230429-E3_Out,1874,8,261.7400266677141,224.24876993894577,False
230429-E3_Out,1874,9,261.6867230683565,224.26342313736677,False
230429-E3_Out,1874,10,261.6409977376461,224.28638304769993,False
230429-E3_Out,1874,11,261.61213886737823,224.31268269568682,False
230429-E3_Out,1875,3,282.0,234.0,False
230429-E3_Out,1875,4,279.052622795105,234.63181352615356,False
230429-E3_Out,1875,5,278.9960804581642,234.83560478687286,False
230429-E3_Out,1875,6,278.9422082453966,234.86593612283468,False
230429-E3_Out,1875,7,278.77096350491047,234.79319091141224,False
230429-E3_Out,1875,8,278.769907027483,234.9593786150217,False
230429-E3_Out,1875,9,278.68980884552,235.00055132061243,False
230429-E3_Out,1875,10,278.6058991551399,235.0432743281126,False
230429-E3_Out,1875,11,278.5700043439865,235.07437502592802,False
230429-E3_Out,1875,12,278.6007648706436,235.0932451337576,False
230429-E3_Out,1876,3,274.0,159.0,False
230429-E3_Out,1876,4,272.9298132658005,157.8494279384613,False
230429-E3_Out,1876,5,273.0983383208513,157.89491670578718,False
230429-E3_Out,1876,6,272.9057448655367,157.94439351558685,False
230429-E3_Out,1876,7,272.7799794226885,157.90428375452757,False
230429-E3_Out,1876,8,272.7737453132868,157.8786999285221,False
230429-E3_Out,1876,9,272.7766058444977,157.93778433650732,False
230429-E3_Out,1876,10,272.6630058288574,157.97730112075806,False
230429-E3_Out,1876,11,272.8935200572014,157.9335846826434,False
230429-E3_Out,1876,12,273.08038218319416,157.74366139620543,False
230429-E3_Out,1877,3,303.0,156.0,False
230429-E3_Out,1877,4,302.46453082561493,154.8290455341339,False
230429-E3_Out,1877,5,302.55186472833157,154.7056635990739,False
230429-E3_Out,1877,6,302.56957629323006,154.73033434152603,False
230429-E3_Out,1877,7,302.5793619155884,154.72569388896227,False
230429-E3_Out,1877,8,302.4688640832901,154.62598429620266,False
230429-E3_Out,1877,9,302.3992918878794,154.56119263917208,False
230429-E3_Out,1877,10,302.1975983828306,154.38160476833582,False
230429-E3_Out,1878,3,246.0,192.0,False
230429-E3_Out,1878,4,246.02623736858368,192.17640379071236,False
230429-E3_Out,1878,5,246.06355327367783,192.26413299888372,False
230429-E3_Out,1878,6,246.03798672556877,192.27444572746754,False
230429-E3_Out,1878,7,246.0165459215641,192.31041795760393,False
230429-E3_Out,1879,4,254.0,167.0,True
230429-E3_Out,1880,4,324.0,213.0,True
230429-E4_Out,1881,3,203.0,231.0,False
230429-E4_Out,1881,4,201.47163784503937,231.4029297232628,False
230429-E4_Out,1881,5,201.44757764041424,231.34817295521498,False
230429-E4_Out,1881,6,201.52009342610836,231.30827371776104,False
230429-E4_Out,1881,7,201.3321719020605,231.21815390139818,False
230429-E4_Out,1881,8,201.39888936281204,231.18007157742977,False
230429-E4_Out,1881,9,201.41282984614372,231.16943814605474,False
230429-E4_Out,1881,10,201.30396828055382,231.1174730360508,False
230429-E4_Out,1881,11,201.25262784957886,231.06508264690638,False
230429-E4_Out,1881,12,201.2761223912239,231.05503052473068,False
230429-E4_Out,1882,3,168.0,232.0,False
230429-E4_Out,1882,4,154.16746616363525,242.9545555114746,False
230429-E4_Out,1882,5,153.70635756850243,239.33402061462402,False
230429-E4_Out,1882,6,151.81460627913475,235.64181900024414,False
230429-E4_Out,1882,7,151.56432101130486,234.74427944421768,False
230429-E4_Out,1883,3,222.0,195.0,False
230429-E4_Out,1883,4,222.94929885864258,174.03058433532715,False
230429-E4_Out,1883,5,220.35885500907898,171.1663899421692,False
230429-E4_Out,1883,6,218.18591117858887,167.38593578338623,False
230429-E4_Out,1883,7,216.56151735782623,164.94316697120667,False
230429-E4_Out,1883,8,216.62679520994425,163.35943949222565,False
230429-E4_Out,1883,9,215.9528752937913,160.12503802776337,False
230429-E4_Out,1883,10,214.1000873222947,159.80684062838554,False
230429-E4_Out,1883,11,212.42596427351236,157.82773587107658,False
230429-E4_Out,1884,3,186.0,213.0,False
230429-E4_Out,1884,4,179.36228322982788,201.43383121490479,False
230429-E4_Out,1884,5,179.15045130252838,200.40991723537445,False
230429-E4_Out,1884,6,178.27685844898224,198.5282073020935,False
230429-E4_Out,1884,7,177.59755337238312,197.3296593427658,False
230429-E4_Out,1884,8,177.68529956042767,196.1898353099823,False
230429-E4_Out,1884,9,177.11371330916882,194.63741087913513,False
230429-E4_Out,1884,10,177.13409177958965,194.13682091236115,False
230429-E4_Out,1885,3,221.0,196.0,False
230429-E4_Out,1885,4,221.39575073122978,176.68318557739258,False
230429-E4_Out,1885,5,218.4543578326702,173.76903748512268,False
230429-E4_Out,1885,6,215.89486500620842,170.23776149749756,False
230429-E4_Out,1885,7,214.96594402194023,168.08333468437195,False
230429-E4_Out,1885,8,214.96362522244453,166.27922177314758,False
230429-E4_Out,1885,9,214.34719923138618,164.09162783622742,False
230429-E4_Out,1885,10,213.04887881875038,163.62766659259796,False
230429-E4_Out,1885,11,211.9033698141575,162.10746562480927,False
230429-E4_Out,1885,12,211.92031574249268,160.66002023220062,False
230429-E4_Out,1886,3,210.0,181.0,False
230429-E4_Out,1886,4,209.30799114704132,162.4409465789795,False
230429-E4_Out,1886,5,206.9563285112381,160.6712783575058,False
230429-E4_Out,1886,6,203.33412277698517,154.98244988918304,False
230429-E4_Out,1886,7,201.47634041309357,153.08242440223694,False
230429-E4_Out,1886,8,201.47238317131996,151.437140583992,False
230429-E4_Out,1886,9,201.09841537475586,148.54421603679657,False
230429-E4_Out,1886,10,200.1666716337204,148.0065968632698,False
230429-E4_Out,1887,4,158.0,180.0,True
230429-E4_Out,1888,4,232.0,231.0,True
230429-E8_Out,1889,3,176.0,222.0,False
230429-E8_Out,1889,4,175.47108781337738,221.80121263861656,False
230429-E8_Out,1889,5,175.34864351153374,221.65305304527283,False
230429-E8_Out,1889,6,174.88499581813812,221.4697898030281,False
230429-E8_Out,1889,7,174.67625266313553,221.3343524634838,False
230429-E8_Out,1889,8,173.66555446386337,220.85203716158867,False
230429-E8_Out,1889,9,173.32959607243538,220.88684052973986,False
230429-E8_Out,1889,10,173.1138643026352,220.85755179822445,False
230429-E8_Out,1889,11,172.68358221650124,220.6764670163393,False
230429-E8_Out,1890,3,239.0,258.0,False
230429-E8_Out,1890,4,238.35302233695984,257.92661007493734,False
230429-E8_Out,1890,5,237.9907383620739,257.85248325765133,False
230429-E8_Out,1890,6,237.97728523612022,257.92343685775995,False
230429-E8_Out,1890,7,237.98280730843544,257.881824105978,False
230429-E8_Out,1890,8,238.03649555891752,257.901724524796,False
230429-E8_Out,1890,9,238.01762882620096,257.8746571689844,False
230429-E8_Out,1890,10,238.03999333828688,257.9401165470481,False
230429-E8_Out,1890,11,238.05647540837526,258.00296863913536,False
230429-E8_Out,1890,12,238.07442224770784,257.9469189122319,False
230429-E8_Out,1891,3,190.0,217.0,False
230429-E8_Out,1891,4,189.42644214630127,216.6530385017395,False
230429-E8_Out,1891,5,189.00334313511848,216.4481965303421,False
230429-E8_Out,1891,6,188.8315383195877,216.09403413534164,False
230429-E8_Out,1891,7,188.39743158221245,215.86676275730133,False
230429-E8_Out,1891,8,187.39657601714134,214.8012022972107,False
230429-E8_Out,1891,9,187.13680464029312,214.9407012462616,False
230429-E8_Out,1891,10,186.98948708176613,214.9411826953292,False
230429-E8_Out,1891,11,186.51891911029816,214.43750479072332,False
230429-E8_Out,1892,3,230.0,226.0,False
230429-E8_Out,1892,4,228.7347867488861,223.29076313972473,False
230429-E8_Out,1892,5,227.8549633026123,222.73237472772598,False
230429-E8_Out,1892,6,227.3509795665741,220.83197861909866,False
230429-E8_Out,1892,7,227.74427777528763,220.672109156847,False
230429-E8_Out,1892,8,228.34368240833282,220.2951942384243,False
230429-E8_Out,1892,9,227.9204080402851,220.15389466285706,False
230429-E8_Out,1892,10,228.90818265080452,220.2418207153678,False
230429-E8_Out,1892,11,229.101402759552,219.75799276679754,False
230429-E8_Out,1892,12,228.47436463832855,219.614624671638,False
230429-E8_Out,1893,3,177.0,238.0,False
230429-E8_Out,1893,4,175.9137271642685,237.39771157503128,False
230429-E8_Out,1893,5,175.7230268716812,237.2796770259738,False
230429-E8_Out,1893,6,175.41145569086075,237.38562700152397,False
230429-E8_Out,1893,7,175.25692316889763,237.32811767607927,False
230429-E8_Out,1893,8,174.09467634558678,237.15698761492968,False
230429-E8_Out,1893,9,174.06194274127483,237.01448441296816,False
230429-E8_Out,1893,10,173.5810053497553,236.90605868399143,False
230429-E8_Out,1894,4,215.0,206.0,True
230429-E8_Out,1895,4,186.0,278.0,True
230429-E9_Out,1896,3,285.0,151.0,False
230429-E9_Out,1896,4,284.27501380443573,144.65950536727905,False
230429-E9_Out,1896,5,285.17446291446686,142.02514958381653,False
230429-E9_Out,1896,6,285.6532088816166,141.7587033212185,False
230429-E9_Out,1896,7,287.2746197283268,141.59000968933105,False
230429-E9_Out,1896,8,288.0200720131397,139.83120894432068,False
230429-E9_Out,1896,9,285.4959626495838,140.59050399065018,False
230429-E9_Out,1896,10,286.39806285500526,140.8982504606247,False
230429-E9_Out,1896,11,287.60011091828346,140.2380691766739,False
230429-E9_Out,1897,3,287.0,146.0,False
230429-E9_Out,1897,4,287.0483760237694,141.64478540420532,False
230429-E9_Out,1897,5,287.72202879190445,139.85299718379974,False
230429-E9_Out,1897,6,287.7036675363779,139.8575119972229,False
230429-E9_Out,1897,7,288.98944963514805,139.7984133437276,False
230429-E9_Out,1897,8,289.6446800380945,138.55270869284868,False
230429-E9_Out,1897,9,287.22960735857487,139.4020771458745,False
230429-E9_Out,1897,10,288.01286567747593,140.0280229523778,False
230429-E9_Out,1898,3,239.0,194.0,False
230429-E9_Out,1898,4,237.16864609718323,187.38028812408447,False
230429-E9_Out,1898,5,236.73748645186424,188.4745786190033,False
230429-E9_Out,1898,6,237.02613207697868,187.8023094534874,False
230429-E9_Out,1898,7,236.48143228888512,188.10240122675896,False
230429-E9_Out,1898,8,237.1018930375576,188.279695302248,False
230429-E9_Out,1898,9,237.37057647109032,188.7496494948864,False
230429-E9_Out,1898,10,236.85358890891075,188.1513550579548,False
230429-E9_Out,1898,11,237.39614430069923,187.4769271314144,False
230429-E9_Out,1899,3,246.0,213.0,False
230429-E9_Out,1899,4,245.20272362232208,210.96937608718872,False
230429-E9_Out,1899,5,245.69503086805344,211.82232028245926,False
230429-E9_Out,1899,6,244.94254511594772,210.89422953128815,False
230429-E9_Out,1899,7,245.47548019886017,211.34146746993065,False
230429-E9_Out,1899,8,245.86545503139496,211.55947521328926,False
230429-E9_Out,1899,9,245.0071747303009,210.03727701306343,False
230429-E9_Out,1899,10,244.905977755785,209.02734687924385,False
230429-E9_Out,1899,11,244.75748428702354,207.73914125561714,False
230429-E9_Out,1900,3,267.0,227.0,False
230429-E9_Out,1900,4,265.8198035955429,231.11699390411377,False
230429-E9_Out,1900,5,265.86984986811876,230.74617597460747,False
230429-E9_Out,1900,6,266.0064951404929,230.51349186897278,False
230429-E9_Out,1900,7,265.89804946631193,229.49313926696777,False
230429-E9_Out,1900,8,266.5751602575183,229.23334619402885,False
230429-E9_Out,1900,9,267.0512329861522,228.51204827427864,False
230429-E9_Out,1900,10,267.46447559446096,226.4377317726612,False
230429-E9_Out,1902,3,266.0,142.0,False
230429-E9_Out,1902,4,266.1600126326084,140.9656242132187,False
230429-E9_Out,1902,5,267.6917274296284,140.0516214966774,False
230429-E9_Out,1902,6,266.75161626935005,139.22590643167496,False
230429-E9_Out,1902,7,268.74165084958076,138.92907240986824,False
230429-E9_Out,1902,8,269.29280784726143,138.9131586998701,False
230429-E9_Out,1903,3,240.0,234.0,False
230429-E9_Out,1903,4,239.1349948644638,241.920503616333,False
230429-E9_Out,1903,5,238.24756598472595,241.8499793484807,False
230429-E9_Out,1903,6,240.1045229434967,240.93603194504976,False
230429-E9_Out,1903,7,240.76109302043915,240.9348153397441,False
230429-E9_Out,1903,8,242.68510937690735,241.6828450486064,False
230429-E9_Out,1903,9,239.43943405151367,240.18697863072157,False
230429-E9_Out,1903,10,239.63438481092453,238.9132315441966,False
230429-E9_Out,1904,3,228.0,222.0,False
230429-E9_Out,1904,4,226.1677644252777,228.86788129806519,False
230429-E9_Out,1904,5,226.61168721318245,229.88294005393982,False
230429-E9_Out,1904,6,226.66445426642895,228.28622436523438,False
230429-E9_Out,1904,7,228.84538440406322,229.72478210926056,False
230429-E9_Out,1904,8,230.58646468818188,230.62068063020706,False
230429-E9_Out,1904,9,228.75896279513836,229.82301652431488,False
230429-E9_Out,1904,10,229.08173017203808,228.43073523044586,False
230429-E9_Out,1904,11,230.54351477324963,227.4471372961998,False
230429-E9_Out,1904,12,231.91216532886028,228.05970585346222,False
230429-E9_Out,1905,3,292.0,193.0,False
230429-E9_Out,1905,4,291.4134758710861,189.53082466125488,False
230429-E9_Out,1905,5,291.36916936933994,189.5200377330184,False
230429-E9_Out,1905,6,291.2652849406004,189.3801510259509,False
230429-E9_Out,1905,7,291.275412812829,189.4341285675764,False
230429-E9_Out,1905,8,291.08519960939884,189.54067254811525,False
230429-E9_Out,1905,9,290.99033373594284,189.58249646425247,False
230429-E9_Out,1906,3,300.0,173.0,False
230429-E9_Out,1906,4,299.978197440505,170.16851615905762,False
230429-E9_Out,1906,5,299.85670648515224,170.01827916502953,False
230429-E9_Out,1906,6,299.7026173323393,169.41538926959038,False
230429-E9_Out,1906,7,299.77086371928453,169.9412760436535,False
230429-E9_Out,1906,8,300.5647102072835,170.5896842777729,False
230429-E9_Out,1906,9,298.73344821482897,169.76192542910576,False
230429-E9_Out,1907,3,303.0,186.0,False
230429-E9_Out,1907,4,302.63051238656044,181.92506790161133,False
230429-E9_Out,1907,5,302.4122978448868,181.7828036248684,False
230429-E9_Out,1907,6,302.43358966708183,181.1734280884266,False
230429-E9_Out,1907,7,302.1990768313408,181.3550832271576,False
230429-E9_Out,1907,8,302.29284900426865,182.09438526630402,False
230429-E9_Out,1907,9,301.5110498070717,181.23380541801453,False
230429-E9_Out,1908,3,316.0,137.0,False
230429-E9_Out,1908,4,316.22371904551983,134.296936750412,False
230429-E9_Out,1908,5,316.7306671589613,133.82682663202286,False
230429-E9_Out,1908,6,318.3510452955961,134.74045699834824,False
230429-E9_Out,1908,7,319.08695892989635,135.13940739631653,False
230429-E9_Out,1908,8,319.93563608825207,134.5785452723503,False
230429-E9_Out,1908,9,319.9465875029564,132.50496596097946,False
230429-E9_Out,1908,10,320.61032325029373,133.56984144449234,False
230429-E9_Out,1909,3,234.0,246.0,False
230429-E9_Out,1909,4,233.11198377609253,251.64044666290283,False
230429-E9_Out,1909,5,232.27887558937073,252.60319459438324,False
230429-E9_Out,1909,6,233.83944261074066,250.67640554904938,False
230429-E9_Out,1909,7,234.01158541440964,251.65627682209015,False
230429-E9_Out,1909,8,235.4497314095497,252.54971396923065,False
230429-E9_Out,1909,9,233.27321249246597,252.44278978556395,False
230429-E9_Out,1909,10,233.78553825616837,250.26482295244932,False
230429-E9_Out,1910,4,237.0,164.0,True
230429-E9_Out,1911,4,300.0,238.0,True
